2025-12-18 15:01:41.488 [main] INFO  o.a.k.c.producer.ProducerConfig - Idempotence will be disabled because acks is set to 1, not set to 'all'.
2025-12-18 15:01:41.491 [main] INFO  o.a.k.c.producer.ProducerConfig - ProducerConfig values: 
	acks = 1
	auto.include.jmx.reporter = true
	batch.size = 16384
	bootstrap.servers = [192.168.202.130:9092]
	buffer.memory = 33554432
	client.dns.lookup = use_all_dns_ips
	client.id = producer-1
	compression.type = none
	connections.max.idle.ms = 540000
	delivery.timeout.ms = 120000
	enable.idempotence = false
	interceptor.classes = []
	key.serializer = class org.apache.kafka.common.serialization.StringSerializer
	linger.ms = 0
	max.block.ms = 60000
	max.in.flight.requests.per.connection = 5
	max.request.size = 1048576
	metadata.max.age.ms = 300000
	metadata.max.idle.ms = 300000
	metric.reporters = []
	metrics.num.samples = 2
	metrics.recording.level = INFO
	metrics.sample.window.ms = 30000
	partitioner.adaptive.partitioning.enable = true
	partitioner.availability.timeout.ms = 0
	partitioner.class = null
	partitioner.ignore.keys = false
	receive.buffer.bytes = 32768
	reconnect.backoff.max.ms = 1000
	reconnect.backoff.ms = 50
	request.timeout.ms = 30000
	retries = 2147483647
	retry.backoff.ms = 100
	sasl.client.callback.handler.class = null
	sasl.jaas.config = null
	sasl.kerberos.kinit.cmd = /usr/bin/kinit
	sasl.kerberos.min.time.before.relogin = 60000
	sasl.kerberos.service.name = null
	sasl.kerberos.ticket.renew.jitter = 0.05
	sasl.kerberos.ticket.renew.window.factor = 0.8
	sasl.login.callback.handler.class = null
	sasl.login.class = null
	sasl.login.connect.timeout.ms = null
	sasl.login.read.timeout.ms = null
	sasl.login.refresh.buffer.seconds = 300
	sasl.login.refresh.min.period.seconds = 60
	sasl.login.refresh.window.factor = 0.8
	sasl.login.refresh.window.jitter = 0.05
	sasl.login.retry.backoff.max.ms = 10000
	sasl.login.retry.backoff.ms = 100
	sasl.mechanism = GSSAPI
	sasl.oauthbearer.clock.skew.seconds = 30
	sasl.oauthbearer.expected.audience = null
	sasl.oauthbearer.expected.issuer = null
	sasl.oauthbearer.jwks.endpoint.refresh.ms = 3600000
	sasl.oauthbearer.jwks.endpoint.retry.backoff.max.ms = 10000
	sasl.oauthbearer.jwks.endpoint.retry.backoff.ms = 100
	sasl.oauthbearer.jwks.endpoint.url = null
	sasl.oauthbearer.scope.claim.name = scope
	sasl.oauthbearer.sub.claim.name = sub
	sasl.oauthbearer.token.endpoint.url = null
	security.protocol = PLAINTEXT
	security.providers = null
	send.buffer.bytes = 131072
	socket.connection.setup.timeout.max.ms = 30000
	socket.connection.setup.timeout.ms = 10000
	ssl.cipher.suites = null
	ssl.enabled.protocols = [TLSv1.2, TLSv1.3]
	ssl.endpoint.identification.algorithm = https
	ssl.engine.factory.class = null
	ssl.key.password = null
	ssl.keymanager.algorithm = SunX509
	ssl.keystore.certificate.chain = null
	ssl.keystore.key = null
	ssl.keystore.location = null
	ssl.keystore.password = null
	ssl.keystore.type = JKS
	ssl.protocol = TLSv1.3
	ssl.provider = null
	ssl.secure.random.implementation = null
	ssl.trustmanager.algorithm = PKIX
	ssl.truststore.certificates = null
	ssl.truststore.location = null
	ssl.truststore.password = null
	ssl.truststore.type = JKS
	transaction.timeout.ms = 60000
	transactional.id = null
	value.serializer = class org.apache.kafka.common.serialization.StringSerializer

2025-12-18 15:01:42.195 [main] INFO  o.a.kafka.common.utils.AppInfoParser - Kafka version: 3.6.0
2025-12-18 15:01:42.195 [main] INFO  o.a.kafka.common.utils.AppInfoParser - Kafka commitId: 60e845626d8a465a
2025-12-18 15:01:42.195 [main] INFO  o.a.kafka.common.utils.AppInfoParser - Kafka startTimeMs: 1766041302193
2025-12-18 15:01:44.232 [kafka-producer-network-thread | producer-1] INFO  o.apache.kafka.clients.NetworkClient - [Producer clientId=producer-1] Node -1 disconnected.
2025-12-18 15:01:44.234 [kafka-producer-network-thread | producer-1] WARN  o.apache.kafka.clients.NetworkClient - [Producer clientId=producer-1] Connection to node -1 (/192.168.202.130:9092) could not be established. Broker may not be available.
2025-12-18 15:01:44.234 [kafka-producer-network-thread | producer-1] WARN  o.apache.kafka.clients.NetworkClient - [Producer clientId=producer-1] Bootstrap broker 192.168.202.130:9092 (id: -1 rack: null) disconnected
2025-12-18 15:01:46.397 [kafka-producer-network-thread | producer-1] INFO  o.apache.kafka.clients.NetworkClient - [Producer clientId=producer-1] Node -1 disconnected.
2025-12-18 15:01:46.397 [kafka-producer-network-thread | producer-1] WARN  o.apache.kafka.clients.NetworkClient - [Producer clientId=producer-1] Connection to node -1 (/192.168.202.130:9092) could not be established. Broker may not be available.
2025-12-18 15:01:46.397 [kafka-producer-network-thread | producer-1] WARN  o.apache.kafka.clients.NetworkClient - [Producer clientId=producer-1] Bootstrap broker 192.168.202.130:9092 (id: -1 rack: null) disconnected
2025-12-18 15:01:48.546 [kafka-producer-network-thread | producer-1] INFO  o.apache.kafka.clients.NetworkClient - [Producer clientId=producer-1] Node -1 disconnected.
2025-12-18 15:01:48.546 [kafka-producer-network-thread | producer-1] WARN  o.apache.kafka.clients.NetworkClient - [Producer clientId=producer-1] Connection to node -1 (/192.168.202.130:9092) could not be established. Broker may not be available.
2025-12-18 15:01:48.546 [kafka-producer-network-thread | producer-1] WARN  o.apache.kafka.clients.NetworkClient - [Producer clientId=producer-1] Bootstrap broker 192.168.202.130:9092 (id: -1 rack: null) disconnected
2025-12-18 15:01:50.823 [kafka-producer-network-thread | producer-1] INFO  o.apache.kafka.clients.NetworkClient - [Producer clientId=producer-1] Node -1 disconnected.
2025-12-18 15:01:50.824 [kafka-producer-network-thread | producer-1] WARN  o.apache.kafka.clients.NetworkClient - [Producer clientId=producer-1] Connection to node -1 (/192.168.202.130:9092) could not be established. Broker may not be available.
2025-12-18 15:01:50.824 [kafka-producer-network-thread | producer-1] WARN  o.apache.kafka.clients.NetworkClient - [Producer clientId=producer-1] Bootstrap broker 192.168.202.130:9092 (id: -1 rack: null) disconnected
2025-12-18 15:01:53.350 [kafka-producer-network-thread | producer-1] INFO  o.apache.kafka.clients.NetworkClient - [Producer clientId=producer-1] Node -1 disconnected.
2025-12-18 15:01:53.351 [kafka-producer-network-thread | producer-1] WARN  o.apache.kafka.clients.NetworkClient - [Producer clientId=producer-1] Connection to node -1 (/192.168.202.130:9092) could not be established. Broker may not be available.
2025-12-18 15:01:53.351 [kafka-producer-network-thread | producer-1] WARN  o.apache.kafka.clients.NetworkClient - [Producer clientId=producer-1] Bootstrap broker 192.168.202.130:9092 (id: -1 rack: null) disconnected
2025-12-18 15:01:56.126 [kafka-producer-network-thread | producer-1] INFO  o.apache.kafka.clients.NetworkClient - [Producer clientId=producer-1] Node -1 disconnected.
2025-12-18 15:01:56.126 [kafka-producer-network-thread | producer-1] WARN  o.apache.kafka.clients.NetworkClient - [Producer clientId=producer-1] Connection to node -1 (/192.168.202.130:9092) could not be established. Broker may not be available.
2025-12-18 15:01:56.127 [kafka-producer-network-thread | producer-1] WARN  o.apache.kafka.clients.NetworkClient - [Producer clientId=producer-1] Bootstrap broker 192.168.202.130:9092 (id: -1 rack: null) disconnected
2025-12-18 15:01:59.292 [kafka-producer-network-thread | producer-1] INFO  o.apache.kafka.clients.NetworkClient - [Producer clientId=producer-1] Node -1 disconnected.
2025-12-18 15:01:59.293 [kafka-producer-network-thread | producer-1] WARN  o.apache.kafka.clients.NetworkClient - [Producer clientId=producer-1] Connection to node -1 (/192.168.202.130:9092) could not be established. Broker may not be available.
2025-12-18 15:01:59.293 [kafka-producer-network-thread | producer-1] WARN  o.apache.kafka.clients.NetworkClient - [Producer clientId=producer-1] Bootstrap broker 192.168.202.130:9092 (id: -1 rack: null) disconnected
2025-12-18 15:08:35.235 [main] INFO  o.a.k.c.producer.ProducerConfig - Idempotence will be disabled because acks is set to 1, not set to 'all'.
2025-12-18 15:08:35.237 [main] INFO  o.a.k.c.producer.ProducerConfig - ProducerConfig values: 
	acks = 1
	auto.include.jmx.reporter = true
	batch.size = 16384
	bootstrap.servers = [192.168.202.130:9092]
	buffer.memory = 33554432
	client.dns.lookup = use_all_dns_ips
	client.id = producer-1
	compression.type = none
	connections.max.idle.ms = 540000
	delivery.timeout.ms = 120000
	enable.idempotence = false
	interceptor.classes = []
	key.serializer = class org.apache.kafka.common.serialization.StringSerializer
	linger.ms = 0
	max.block.ms = 60000
	max.in.flight.requests.per.connection = 5
	max.request.size = 1048576
	metadata.max.age.ms = 300000
	metadata.max.idle.ms = 300000
	metric.reporters = []
	metrics.num.samples = 2
	metrics.recording.level = INFO
	metrics.sample.window.ms = 30000
	partitioner.adaptive.partitioning.enable = true
	partitioner.availability.timeout.ms = 0
	partitioner.class = null
	partitioner.ignore.keys = false
	receive.buffer.bytes = 32768
	reconnect.backoff.max.ms = 1000
	reconnect.backoff.ms = 50
	request.timeout.ms = 30000
	retries = 2147483647
	retry.backoff.ms = 100
	sasl.client.callback.handler.class = null
	sasl.jaas.config = null
	sasl.kerberos.kinit.cmd = /usr/bin/kinit
	sasl.kerberos.min.time.before.relogin = 60000
	sasl.kerberos.service.name = null
	sasl.kerberos.ticket.renew.jitter = 0.05
	sasl.kerberos.ticket.renew.window.factor = 0.8
	sasl.login.callback.handler.class = null
	sasl.login.class = null
	sasl.login.connect.timeout.ms = null
	sasl.login.read.timeout.ms = null
	sasl.login.refresh.buffer.seconds = 300
	sasl.login.refresh.min.period.seconds = 60
	sasl.login.refresh.window.factor = 0.8
	sasl.login.refresh.window.jitter = 0.05
	sasl.login.retry.backoff.max.ms = 10000
	sasl.login.retry.backoff.ms = 100
	sasl.mechanism = GSSAPI
	sasl.oauthbearer.clock.skew.seconds = 30
	sasl.oauthbearer.expected.audience = null
	sasl.oauthbearer.expected.issuer = null
	sasl.oauthbearer.jwks.endpoint.refresh.ms = 3600000
	sasl.oauthbearer.jwks.endpoint.retry.backoff.max.ms = 10000
	sasl.oauthbearer.jwks.endpoint.retry.backoff.ms = 100
	sasl.oauthbearer.jwks.endpoint.url = null
	sasl.oauthbearer.scope.claim.name = scope
	sasl.oauthbearer.sub.claim.name = sub
	sasl.oauthbearer.token.endpoint.url = null
	security.protocol = PLAINTEXT
	security.providers = null
	send.buffer.bytes = 131072
	socket.connection.setup.timeout.max.ms = 30000
	socket.connection.setup.timeout.ms = 10000
	ssl.cipher.suites = null
	ssl.enabled.protocols = [TLSv1.2, TLSv1.3]
	ssl.endpoint.identification.algorithm = https
	ssl.engine.factory.class = null
	ssl.key.password = null
	ssl.keymanager.algorithm = SunX509
	ssl.keystore.certificate.chain = null
	ssl.keystore.key = null
	ssl.keystore.location = null
	ssl.keystore.password = null
	ssl.keystore.type = JKS
	ssl.protocol = TLSv1.3
	ssl.provider = null
	ssl.secure.random.implementation = null
	ssl.trustmanager.algorithm = PKIX
	ssl.truststore.certificates = null
	ssl.truststore.location = null
	ssl.truststore.password = null
	ssl.truststore.type = JKS
	transaction.timeout.ms = 60000
	transactional.id = null
	value.serializer = class org.apache.kafka.common.serialization.StringSerializer

2025-12-18 15:08:35.940 [main] INFO  o.a.kafka.common.utils.AppInfoParser - Kafka version: 3.6.0
2025-12-18 15:08:35.940 [main] INFO  o.a.kafka.common.utils.AppInfoParser - Kafka commitId: 60e845626d8a465a
2025-12-18 15:08:35.940 [main] INFO  o.a.kafka.common.utils.AppInfoParser - Kafka startTimeMs: 1766041715938
2025-12-18 15:08:36.286 [kafka-producer-network-thread | producer-1] INFO  org.apache.kafka.clients.Metadata - [Producer clientId=producer-1] Cluster ID: ChL86p1WSzqV6IiyS4AsZA
2025-12-18 15:08:36.343 [main] INFO  o.a.k.clients.producer.KafkaProducer - [Producer clientId=producer-1] Closing the Kafka producer with timeoutMillis = 9223372036854775807 ms.
2025-12-18 15:08:36.348 [main] INFO  o.a.kafka.common.metrics.Metrics - Metrics scheduler closed
2025-12-18 15:08:36.348 [main] INFO  o.a.kafka.common.metrics.Metrics - Closing reporter org.apache.kafka.common.metrics.JmxReporter
2025-12-18 15:08:36.348 [main] INFO  o.a.kafka.common.metrics.Metrics - Metrics reporters closed
2025-12-18 15:08:36.349 [main] INFO  o.a.kafka.common.utils.AppInfoParser - App info kafka.producer for producer-1 unregistered
2025-12-18 15:08:37.369 [main] INFO  o.a.k.c.consumer.ConsumerConfig - ConsumerConfig values: 
	allow.auto.create.topics = true
	auto.commit.interval.ms = 5000
	auto.include.jmx.reporter = true
	auto.offset.reset = earliest
	bootstrap.servers = [192.168.202.130:9092]
	check.crcs = true
	client.dns.lookup = use_all_dns_ips
	client.id = consumer-test-consumer-group-1
	client.rack = 
	connections.max.idle.ms = 540000
	default.api.timeout.ms = 60000
	enable.auto.commit = true
	exclude.internal.topics = true
	fetch.max.bytes = 52428800
	fetch.max.wait.ms = 500
	fetch.min.bytes = 1
	group.id = test-consumer-group
	group.instance.id = null
	heartbeat.interval.ms = 3000
	interceptor.classes = []
	internal.leave.group.on.close = true
	internal.throw.on.fetch.stable.offset.unsupported = false
	isolation.level = read_uncommitted
	key.deserializer = class org.apache.kafka.common.serialization.StringDeserializer
	max.partition.fetch.bytes = 1048576
	max.poll.interval.ms = 300000
	max.poll.records = 500
	metadata.max.age.ms = 300000
	metric.reporters = []
	metrics.num.samples = 2
	metrics.recording.level = INFO
	metrics.sample.window.ms = 30000
	partition.assignment.strategy = [class org.apache.kafka.clients.consumer.RangeAssignor, class org.apache.kafka.clients.consumer.CooperativeStickyAssignor]
	receive.buffer.bytes = 65536
	reconnect.backoff.max.ms = 1000
	reconnect.backoff.ms = 50
	request.timeout.ms = 30000
	retry.backoff.ms = 100
	sasl.client.callback.handler.class = null
	sasl.jaas.config = null
	sasl.kerberos.kinit.cmd = /usr/bin/kinit
	sasl.kerberos.min.time.before.relogin = 60000
	sasl.kerberos.service.name = null
	sasl.kerberos.ticket.renew.jitter = 0.05
	sasl.kerberos.ticket.renew.window.factor = 0.8
	sasl.login.callback.handler.class = null
	sasl.login.class = null
	sasl.login.connect.timeout.ms = null
	sasl.login.read.timeout.ms = null
	sasl.login.refresh.buffer.seconds = 300
	sasl.login.refresh.min.period.seconds = 60
	sasl.login.refresh.window.factor = 0.8
	sasl.login.refresh.window.jitter = 0.05
	sasl.login.retry.backoff.max.ms = 10000
	sasl.login.retry.backoff.ms = 100
	sasl.mechanism = GSSAPI
	sasl.oauthbearer.clock.skew.seconds = 30
	sasl.oauthbearer.expected.audience = null
	sasl.oauthbearer.expected.issuer = null
	sasl.oauthbearer.jwks.endpoint.refresh.ms = 3600000
	sasl.oauthbearer.jwks.endpoint.retry.backoff.max.ms = 10000
	sasl.oauthbearer.jwks.endpoint.retry.backoff.ms = 100
	sasl.oauthbearer.jwks.endpoint.url = null
	sasl.oauthbearer.scope.claim.name = scope
	sasl.oauthbearer.sub.claim.name = sub
	sasl.oauthbearer.token.endpoint.url = null
	security.protocol = PLAINTEXT
	security.providers = null
	send.buffer.bytes = 131072
	session.timeout.ms = 45000
	socket.connection.setup.timeout.max.ms = 30000
	socket.connection.setup.timeout.ms = 10000
	ssl.cipher.suites = null
	ssl.enabled.protocols = [TLSv1.2, TLSv1.3]
	ssl.endpoint.identification.algorithm = https
	ssl.engine.factory.class = null
	ssl.key.password = null
	ssl.keymanager.algorithm = SunX509
	ssl.keystore.certificate.chain = null
	ssl.keystore.key = null
	ssl.keystore.location = null
	ssl.keystore.password = null
	ssl.keystore.type = JKS
	ssl.protocol = TLSv1.3
	ssl.provider = null
	ssl.secure.random.implementation = null
	ssl.trustmanager.algorithm = PKIX
	ssl.truststore.certificates = null
	ssl.truststore.location = null
	ssl.truststore.password = null
	ssl.truststore.type = JKS
	value.deserializer = class org.apache.kafka.common.serialization.StringDeserializer

2025-12-18 15:08:37.414 [main] INFO  o.a.kafka.common.utils.AppInfoParser - Kafka version: 3.6.0
2025-12-18 15:08:37.414 [main] INFO  o.a.kafka.common.utils.AppInfoParser - Kafka commitId: 60e845626d8a465a
2025-12-18 15:08:37.414 [main] INFO  o.a.kafka.common.utils.AppInfoParser - Kafka startTimeMs: 1766041717414
2025-12-18 15:08:37.423 [main] INFO  o.a.k.clients.consumer.KafkaConsumer - [Consumer clientId=consumer-test-consumer-group-1, groupId=test-consumer-group] Subscribed to topic(s): stock-realtime
2025-12-18 15:08:37.430 [main] INFO  org.apache.kafka.clients.Metadata - [Consumer clientId=consumer-test-consumer-group-1, groupId=test-consumer-group] Cluster ID: ChL86p1WSzqV6IiyS4AsZA
2025-12-18 15:08:37.434 [main] INFO  o.a.k.c.c.i.ConsumerCoordinator - [Consumer clientId=consumer-test-consumer-group-1, groupId=test-consumer-group] Discovered group coordinator 192.168.202.130:9092 (id: 2147483647 rack: null)
2025-12-18 15:08:37.439 [main] INFO  o.a.k.c.c.i.ConsumerCoordinator - [Consumer clientId=consumer-test-consumer-group-1, groupId=test-consumer-group] (Re-)joining group
2025-12-18 15:08:37.463 [main] INFO  o.a.k.c.c.i.ConsumerCoordinator - [Consumer clientId=consumer-test-consumer-group-1, groupId=test-consumer-group] Group coordinator 192.168.202.130:9092 (id: 2147483647 rack: null) is unavailable or invalid due to cause: error response NOT_COORDINATOR. isDisconnected: false. Rediscovery will be attempted.
2025-12-18 15:08:37.463 [main] INFO  o.a.k.c.c.i.ConsumerCoordinator - [Consumer clientId=consumer-test-consumer-group-1, groupId=test-consumer-group] Requesting disconnect from last known coordinator 192.168.202.130:9092 (id: 2147483647 rack: null)
2025-12-18 15:08:37.464 [main] INFO  o.a.k.c.c.i.ConsumerCoordinator - [Consumer clientId=consumer-test-consumer-group-1, groupId=test-consumer-group] JoinGroup failed: This is not the correct coordinator. Marking coordinator unknown. Sent generation was Generation{generationId=-1, memberId='', protocol='null'}
2025-12-18 15:08:37.464 [main] INFO  o.apache.kafka.clients.NetworkClient - [Consumer clientId=consumer-test-consumer-group-1, groupId=test-consumer-group] Client requested disconnect from node 2147483647
2025-12-18 15:08:37.470 [main] INFO  o.a.k.c.c.i.ConsumerCoordinator - [Consumer clientId=consumer-test-consumer-group-1, groupId=test-consumer-group] Discovered group coordinator 192.168.202.130:9092 (id: 2147483647 rack: null)
2025-12-18 15:08:37.471 [main] INFO  o.a.k.c.c.i.ConsumerCoordinator - [Consumer clientId=consumer-test-consumer-group-1, groupId=test-consumer-group] Group coordinator 192.168.202.130:9092 (id: 2147483647 rack: null) is unavailable or invalid due to cause: coordinator unavailable. isDisconnected: false. Rediscovery will be attempted.
2025-12-18 15:08:37.471 [main] INFO  o.a.k.c.c.i.ConsumerCoordinator - [Consumer clientId=consumer-test-consumer-group-1, groupId=test-consumer-group] Requesting disconnect from last known coordinator 192.168.202.130:9092 (id: 2147483647 rack: null)
2025-12-18 15:08:37.581 [main] INFO  o.a.k.c.c.i.ConsumerCoordinator - [Consumer clientId=consumer-test-consumer-group-1, groupId=test-consumer-group] Discovered group coordinator 192.168.202.130:9092 (id: 2147483647 rack: null)
2025-12-18 15:08:37.582 [main] INFO  o.a.k.c.c.i.ConsumerCoordinator - [Consumer clientId=consumer-test-consumer-group-1, groupId=test-consumer-group] Request joining group due to: rebalance failed due to 'This is not the correct coordinator.' (NotCoordinatorException)
2025-12-18 15:08:37.583 [main] INFO  o.a.k.c.c.i.ConsumerCoordinator - [Consumer clientId=consumer-test-consumer-group-1, groupId=test-consumer-group] (Re-)joining group
2025-12-18 15:08:37.589 [main] INFO  o.a.k.c.c.i.ConsumerCoordinator - [Consumer clientId=consumer-test-consumer-group-1, groupId=test-consumer-group] Group coordinator 192.168.202.130:9092 (id: 2147483647 rack: null) is unavailable or invalid due to cause: error response NOT_COORDINATOR. isDisconnected: false. Rediscovery will be attempted.
2025-12-18 15:08:37.589 [main] INFO  o.a.k.c.c.i.ConsumerCoordinator - [Consumer clientId=consumer-test-consumer-group-1, groupId=test-consumer-group] Requesting disconnect from last known coordinator 192.168.202.130:9092 (id: 2147483647 rack: null)
2025-12-18 15:08:37.589 [main] INFO  o.a.k.c.c.i.ConsumerCoordinator - [Consumer clientId=consumer-test-consumer-group-1, groupId=test-consumer-group] JoinGroup failed: This is not the correct coordinator. Marking coordinator unknown. Sent generation was Generation{generationId=-1, memberId='', protocol='null'}
2025-12-18 15:08:37.589 [main] INFO  o.apache.kafka.clients.NetworkClient - [Consumer clientId=consumer-test-consumer-group-1, groupId=test-consumer-group] Client requested disconnect from node 2147483647
2025-12-18 15:08:37.591 [main] INFO  o.a.k.c.c.i.ConsumerCoordinator - [Consumer clientId=consumer-test-consumer-group-1, groupId=test-consumer-group] Discovered group coordinator 192.168.202.130:9092 (id: 2147483647 rack: null)
2025-12-18 15:08:37.591 [main] INFO  o.a.k.c.c.i.ConsumerCoordinator - [Consumer clientId=consumer-test-consumer-group-1, groupId=test-consumer-group] Group coordinator 192.168.202.130:9092 (id: 2147483647 rack: null) is unavailable or invalid due to cause: coordinator unavailable. isDisconnected: false. Rediscovery will be attempted.
2025-12-18 15:08:37.592 [main] INFO  o.a.k.c.c.i.ConsumerCoordinator - [Consumer clientId=consumer-test-consumer-group-1, groupId=test-consumer-group] Requesting disconnect from last known coordinator 192.168.202.130:9092 (id: 2147483647 rack: null)
2025-12-18 15:08:37.710 [main] INFO  o.a.k.c.c.i.ConsumerCoordinator - [Consumer clientId=consumer-test-consumer-group-1, groupId=test-consumer-group] Discovered group coordinator 192.168.202.130:9092 (id: 2147483647 rack: null)
2025-12-18 15:08:37.710 [main] INFO  o.a.k.c.c.i.ConsumerCoordinator - [Consumer clientId=consumer-test-consumer-group-1, groupId=test-consumer-group] Request joining group due to: rebalance failed due to 'This is not the correct coordinator.' (NotCoordinatorException)
2025-12-18 15:08:37.712 [main] INFO  o.a.k.c.c.i.ConsumerCoordinator - [Consumer clientId=consumer-test-consumer-group-1, groupId=test-consumer-group] (Re-)joining group
2025-12-18 15:08:37.719 [main] INFO  o.a.k.c.c.i.ConsumerCoordinator - [Consumer clientId=consumer-test-consumer-group-1, groupId=test-consumer-group] Group coordinator 192.168.202.130:9092 (id: 2147483647 rack: null) is unavailable or invalid due to cause: error response NOT_COORDINATOR. isDisconnected: false. Rediscovery will be attempted.
2025-12-18 15:08:37.719 [main] INFO  o.a.k.c.c.i.ConsumerCoordinator - [Consumer clientId=consumer-test-consumer-group-1, groupId=test-consumer-group] Requesting disconnect from last known coordinator 192.168.202.130:9092 (id: 2147483647 rack: null)
2025-12-18 15:08:37.719 [main] INFO  o.a.k.c.c.i.ConsumerCoordinator - [Consumer clientId=consumer-test-consumer-group-1, groupId=test-consumer-group] JoinGroup failed: This is not the correct coordinator. Marking coordinator unknown. Sent generation was Generation{generationId=-1, memberId='', protocol='null'}
2025-12-18 15:08:37.720 [main] INFO  o.apache.kafka.clients.NetworkClient - [Consumer clientId=consumer-test-consumer-group-1, groupId=test-consumer-group] Client requested disconnect from node 2147483647
2025-12-18 15:08:37.722 [main] INFO  o.a.k.c.c.i.ConsumerCoordinator - [Consumer clientId=consumer-test-consumer-group-1, groupId=test-consumer-group] Discovered group coordinator 192.168.202.130:9092 (id: 2147483647 rack: null)
2025-12-18 15:08:37.722 [main] INFO  o.a.k.c.c.i.ConsumerCoordinator - [Consumer clientId=consumer-test-consumer-group-1, groupId=test-consumer-group] Group coordinator 192.168.202.130:9092 (id: 2147483647 rack: null) is unavailable or invalid due to cause: coordinator unavailable. isDisconnected: false. Rediscovery will be attempted.
2025-12-18 15:08:37.722 [main] INFO  o.a.k.c.c.i.ConsumerCoordinator - [Consumer clientId=consumer-test-consumer-group-1, groupId=test-consumer-group] Requesting disconnect from last known coordinator 192.168.202.130:9092 (id: 2147483647 rack: null)
2025-12-18 15:08:37.832 [main] INFO  o.a.k.c.c.i.ConsumerCoordinator - [Consumer clientId=consumer-test-consumer-group-1, groupId=test-consumer-group] Discovered group coordinator 192.168.202.130:9092 (id: 2147483647 rack: null)
2025-12-18 15:08:37.833 [main] INFO  o.a.k.c.c.i.ConsumerCoordinator - [Consumer clientId=consumer-test-consumer-group-1, groupId=test-consumer-group] Request joining group due to: rebalance failed due to 'This is not the correct coordinator.' (NotCoordinatorException)
2025-12-18 15:08:37.833 [main] INFO  o.a.k.c.c.i.ConsumerCoordinator - [Consumer clientId=consumer-test-consumer-group-1, groupId=test-consumer-group] (Re-)joining group
2025-12-18 15:08:37.836 [main] INFO  o.a.k.c.c.i.ConsumerCoordinator - [Consumer clientId=consumer-test-consumer-group-1, groupId=test-consumer-group] Group coordinator 192.168.202.130:9092 (id: 2147483647 rack: null) is unavailable or invalid due to cause: error response NOT_COORDINATOR. isDisconnected: false. Rediscovery will be attempted.
2025-12-18 15:08:37.836 [main] INFO  o.a.k.c.c.i.ConsumerCoordinator - [Consumer clientId=consumer-test-consumer-group-1, groupId=test-consumer-group] Requesting disconnect from last known coordinator 192.168.202.130:9092 (id: 2147483647 rack: null)
2025-12-18 15:08:37.836 [main] INFO  o.a.k.c.c.i.ConsumerCoordinator - [Consumer clientId=consumer-test-consumer-group-1, groupId=test-consumer-group] JoinGroup failed: This is not the correct coordinator. Marking coordinator unknown. Sent generation was Generation{generationId=-1, memberId='', protocol='null'}
2025-12-18 15:08:37.837 [main] INFO  o.apache.kafka.clients.NetworkClient - [Consumer clientId=consumer-test-consumer-group-1, groupId=test-consumer-group] Client requested disconnect from node 2147483647
2025-12-18 15:08:37.839 [main] INFO  o.a.k.c.c.i.ConsumerCoordinator - [Consumer clientId=consumer-test-consumer-group-1, groupId=test-consumer-group] Discovered group coordinator 192.168.202.130:9092 (id: 2147483647 rack: null)
2025-12-18 15:08:37.839 [main] INFO  o.a.k.c.c.i.ConsumerCoordinator - [Consumer clientId=consumer-test-consumer-group-1, groupId=test-consumer-group] Group coordinator 192.168.202.130:9092 (id: 2147483647 rack: null) is unavailable or invalid due to cause: coordinator unavailable. isDisconnected: false. Rediscovery will be attempted.
2025-12-18 15:08:37.839 [main] INFO  o.a.k.c.c.i.ConsumerCoordinator - [Consumer clientId=consumer-test-consumer-group-1, groupId=test-consumer-group] Requesting disconnect from last known coordinator 192.168.202.130:9092 (id: 2147483647 rack: null)
2025-12-18 15:08:37.943 [main] INFO  o.a.k.c.c.i.ConsumerCoordinator - [Consumer clientId=consumer-test-consumer-group-1, groupId=test-consumer-group] Discovered group coordinator 192.168.202.130:9092 (id: 2147483647 rack: null)
2025-12-18 15:08:37.943 [main] INFO  o.a.k.c.c.i.ConsumerCoordinator - [Consumer clientId=consumer-test-consumer-group-1, groupId=test-consumer-group] Request joining group due to: rebalance failed due to 'This is not the correct coordinator.' (NotCoordinatorException)
2025-12-18 15:08:37.944 [main] INFO  o.a.k.c.c.i.ConsumerCoordinator - [Consumer clientId=consumer-test-consumer-group-1, groupId=test-consumer-group] (Re-)joining group
2025-12-18 15:08:37.947 [main] INFO  o.a.k.c.c.i.ConsumerCoordinator - [Consumer clientId=consumer-test-consumer-group-1, groupId=test-consumer-group] Group coordinator 192.168.202.130:9092 (id: 2147483647 rack: null) is unavailable or invalid due to cause: error response NOT_COORDINATOR. isDisconnected: false. Rediscovery will be attempted.
2025-12-18 15:08:37.947 [main] INFO  o.a.k.c.c.i.ConsumerCoordinator - [Consumer clientId=consumer-test-consumer-group-1, groupId=test-consumer-group] Requesting disconnect from last known coordinator 192.168.202.130:9092 (id: 2147483647 rack: null)
2025-12-18 15:08:37.947 [main] INFO  o.a.k.c.c.i.ConsumerCoordinator - [Consumer clientId=consumer-test-consumer-group-1, groupId=test-consumer-group] JoinGroup failed: This is not the correct coordinator. Marking coordinator unknown. Sent generation was Generation{generationId=-1, memberId='', protocol='null'}
2025-12-18 15:08:37.947 [main] INFO  o.apache.kafka.clients.NetworkClient - [Consumer clientId=consumer-test-consumer-group-1, groupId=test-consumer-group] Client requested disconnect from node 2147483647
2025-12-18 15:08:37.949 [main] INFO  o.a.k.c.c.i.ConsumerCoordinator - [Consumer clientId=consumer-test-consumer-group-1, groupId=test-consumer-group] Discovered group coordinator 192.168.202.130:9092 (id: 2147483647 rack: null)
2025-12-18 15:08:37.949 [main] INFO  o.a.k.c.c.i.ConsumerCoordinator - [Consumer clientId=consumer-test-consumer-group-1, groupId=test-consumer-group] Group coordinator 192.168.202.130:9092 (id: 2147483647 rack: null) is unavailable or invalid due to cause: coordinator unavailable. isDisconnected: false. Rediscovery will be attempted.
2025-12-18 15:08:37.949 [main] INFO  o.a.k.c.c.i.ConsumerCoordinator - [Consumer clientId=consumer-test-consumer-group-1, groupId=test-consumer-group] Requesting disconnect from last known coordinator 192.168.202.130:9092 (id: 2147483647 rack: null)
2025-12-18 15:08:38.066 [main] INFO  o.a.k.c.c.i.ConsumerCoordinator - [Consumer clientId=consumer-test-consumer-group-1, groupId=test-consumer-group] Discovered group coordinator 192.168.202.130:9092 (id: 2147483647 rack: null)
2025-12-18 15:08:38.066 [main] INFO  o.a.k.c.c.i.ConsumerCoordinator - [Consumer clientId=consumer-test-consumer-group-1, groupId=test-consumer-group] Request joining group due to: rebalance failed due to 'This is not the correct coordinator.' (NotCoordinatorException)
2025-12-18 15:08:38.067 [main] INFO  o.a.k.c.c.i.ConsumerCoordinator - [Consumer clientId=consumer-test-consumer-group-1, groupId=test-consumer-group] (Re-)joining group
2025-12-18 15:08:38.074 [main] INFO  o.a.k.c.c.i.ConsumerCoordinator - [Consumer clientId=consumer-test-consumer-group-1, groupId=test-consumer-group] Group coordinator 192.168.202.130:9092 (id: 2147483647 rack: null) is unavailable or invalid due to cause: error response NOT_COORDINATOR. isDisconnected: false. Rediscovery will be attempted.
2025-12-18 15:08:38.074 [main] INFO  o.a.k.c.c.i.ConsumerCoordinator - [Consumer clientId=consumer-test-consumer-group-1, groupId=test-consumer-group] Requesting disconnect from last known coordinator 192.168.202.130:9092 (id: 2147483647 rack: null)
2025-12-18 15:08:38.074 [main] INFO  o.a.k.c.c.i.ConsumerCoordinator - [Consumer clientId=consumer-test-consumer-group-1, groupId=test-consumer-group] JoinGroup failed: This is not the correct coordinator. Marking coordinator unknown. Sent generation was Generation{generationId=-1, memberId='', protocol='null'}
2025-12-18 15:08:38.074 [main] INFO  o.apache.kafka.clients.NetworkClient - [Consumer clientId=consumer-test-consumer-group-1, groupId=test-consumer-group] Client requested disconnect from node 2147483647
2025-12-18 15:08:38.077 [main] INFO  o.a.k.c.c.i.ConsumerCoordinator - [Consumer clientId=consumer-test-consumer-group-1, groupId=test-consumer-group] Discovered group coordinator 192.168.202.130:9092 (id: 2147483647 rack: null)
2025-12-18 15:08:38.078 [main] INFO  o.a.k.c.c.i.ConsumerCoordinator - [Consumer clientId=consumer-test-consumer-group-1, groupId=test-consumer-group] Group coordinator 192.168.202.130:9092 (id: 2147483647 rack: null) is unavailable or invalid due to cause: coordinator unavailable. isDisconnected: false. Rediscovery will be attempted.
2025-12-18 15:08:38.078 [main] INFO  o.a.k.c.c.i.ConsumerCoordinator - [Consumer clientId=consumer-test-consumer-group-1, groupId=test-consumer-group] Requesting disconnect from last known coordinator 192.168.202.130:9092 (id: 2147483647 rack: null)
2025-12-18 15:08:38.194 [main] INFO  o.a.k.c.c.i.ConsumerCoordinator - [Consumer clientId=consumer-test-consumer-group-1, groupId=test-consumer-group] Discovered group coordinator 192.168.202.130:9092 (id: 2147483647 rack: null)
2025-12-18 15:08:38.196 [main] INFO  o.a.k.c.c.i.ConsumerCoordinator - [Consumer clientId=consumer-test-consumer-group-1, groupId=test-consumer-group] Request joining group due to: rebalance failed due to 'This is not the correct coordinator.' (NotCoordinatorException)
2025-12-18 15:08:38.196 [main] INFO  o.a.k.c.c.i.ConsumerCoordinator - [Consumer clientId=consumer-test-consumer-group-1, groupId=test-consumer-group] (Re-)joining group
2025-12-18 15:08:38.201 [main] INFO  o.a.k.c.c.i.ConsumerCoordinator - [Consumer clientId=consumer-test-consumer-group-1, groupId=test-consumer-group] Group coordinator 192.168.202.130:9092 (id: 2147483647 rack: null) is unavailable or invalid due to cause: error response NOT_COORDINATOR. isDisconnected: false. Rediscovery will be attempted.
2025-12-18 15:08:38.201 [main] INFO  o.a.k.c.c.i.ConsumerCoordinator - [Consumer clientId=consumer-test-consumer-group-1, groupId=test-consumer-group] Requesting disconnect from last known coordinator 192.168.202.130:9092 (id: 2147483647 rack: null)
2025-12-18 15:08:38.201 [main] INFO  o.a.k.c.c.i.ConsumerCoordinator - [Consumer clientId=consumer-test-consumer-group-1, groupId=test-consumer-group] JoinGroup failed: This is not the correct coordinator. Marking coordinator unknown. Sent generation was Generation{generationId=-1, memberId='', protocol='null'}
2025-12-18 15:08:38.201 [main] INFO  o.apache.kafka.clients.NetworkClient - [Consumer clientId=consumer-test-consumer-group-1, groupId=test-consumer-group] Client requested disconnect from node 2147483647
2025-12-18 15:08:38.202 [main] INFO  o.a.k.c.c.i.ConsumerCoordinator - [Consumer clientId=consumer-test-consumer-group-1, groupId=test-consumer-group] Discovered group coordinator 192.168.202.130:9092 (id: 2147483647 rack: null)
2025-12-18 15:08:38.203 [main] INFO  o.a.k.c.c.i.ConsumerCoordinator - [Consumer clientId=consumer-test-consumer-group-1, groupId=test-consumer-group] Group coordinator 192.168.202.130:9092 (id: 2147483647 rack: null) is unavailable or invalid due to cause: coordinator unavailable. isDisconnected: false. Rediscovery will be attempted.
2025-12-18 15:08:38.203 [main] INFO  o.a.k.c.c.i.ConsumerCoordinator - [Consumer clientId=consumer-test-consumer-group-1, groupId=test-consumer-group] Requesting disconnect from last known coordinator 192.168.202.130:9092 (id: 2147483647 rack: null)
2025-12-18 15:08:38.320 [main] INFO  o.a.k.c.c.i.ConsumerCoordinator - [Consumer clientId=consumer-test-consumer-group-1, groupId=test-consumer-group] Discovered group coordinator 192.168.202.130:9092 (id: 2147483647 rack: null)
2025-12-18 15:08:38.320 [main] INFO  o.a.k.c.c.i.ConsumerCoordinator - [Consumer clientId=consumer-test-consumer-group-1, groupId=test-consumer-group] Request joining group due to: rebalance failed due to 'This is not the correct coordinator.' (NotCoordinatorException)
2025-12-18 15:08:38.321 [main] INFO  o.a.k.c.c.i.ConsumerCoordinator - [Consumer clientId=consumer-test-consumer-group-1, groupId=test-consumer-group] (Re-)joining group
2025-12-18 15:08:38.323 [main] INFO  o.a.k.c.c.i.ConsumerCoordinator - [Consumer clientId=consumer-test-consumer-group-1, groupId=test-consumer-group] Group coordinator 192.168.202.130:9092 (id: 2147483647 rack: null) is unavailable or invalid due to cause: error response NOT_COORDINATOR. isDisconnected: false. Rediscovery will be attempted.
2025-12-18 15:08:38.323 [main] INFO  o.a.k.c.c.i.ConsumerCoordinator - [Consumer clientId=consumer-test-consumer-group-1, groupId=test-consumer-group] Requesting disconnect from last known coordinator 192.168.202.130:9092 (id: 2147483647 rack: null)
2025-12-18 15:08:38.323 [main] INFO  o.a.k.c.c.i.ConsumerCoordinator - [Consumer clientId=consumer-test-consumer-group-1, groupId=test-consumer-group] JoinGroup failed: This is not the correct coordinator. Marking coordinator unknown. Sent generation was Generation{generationId=-1, memberId='', protocol='null'}
2025-12-18 15:08:38.323 [main] INFO  o.apache.kafka.clients.NetworkClient - [Consumer clientId=consumer-test-consumer-group-1, groupId=test-consumer-group] Client requested disconnect from node 2147483647
2025-12-18 15:08:38.324 [main] INFO  o.a.k.c.c.i.ConsumerCoordinator - [Consumer clientId=consumer-test-consumer-group-1, groupId=test-consumer-group] Discovered group coordinator 192.168.202.130:9092 (id: 2147483647 rack: null)
2025-12-18 15:08:38.324 [main] INFO  o.a.k.c.c.i.ConsumerCoordinator - [Consumer clientId=consumer-test-consumer-group-1, groupId=test-consumer-group] Group coordinator 192.168.202.130:9092 (id: 2147483647 rack: null) is unavailable or invalid due to cause: coordinator unavailable. isDisconnected: false. Rediscovery will be attempted.
2025-12-18 15:08:38.324 [main] INFO  o.a.k.c.c.i.ConsumerCoordinator - [Consumer clientId=consumer-test-consumer-group-1, groupId=test-consumer-group] Requesting disconnect from last known coordinator 192.168.202.130:9092 (id: 2147483647 rack: null)
2025-12-18 15:08:38.430 [main] INFO  o.a.k.c.c.i.ConsumerCoordinator - [Consumer clientId=consumer-test-consumer-group-1, groupId=test-consumer-group] Discovered group coordinator 192.168.202.130:9092 (id: 2147483647 rack: null)
2025-12-18 15:08:38.431 [main] INFO  o.a.k.c.c.i.ConsumerCoordinator - [Consumer clientId=consumer-test-consumer-group-1, groupId=test-consumer-group] Request joining group due to: rebalance failed due to 'This is not the correct coordinator.' (NotCoordinatorException)
2025-12-18 15:08:38.431 [main] INFO  o.a.k.c.c.i.ConsumerCoordinator - [Consumer clientId=consumer-test-consumer-group-1, groupId=test-consumer-group] (Re-)joining group
2025-12-18 15:08:38.435 [main] INFO  o.a.k.c.c.i.ConsumerCoordinator - [Consumer clientId=consumer-test-consumer-group-1, groupId=test-consumer-group] Group coordinator 192.168.202.130:9092 (id: 2147483647 rack: null) is unavailable or invalid due to cause: error response NOT_COORDINATOR. isDisconnected: false. Rediscovery will be attempted.
2025-12-18 15:08:38.435 [main] INFO  o.a.k.c.c.i.ConsumerCoordinator - [Consumer clientId=consumer-test-consumer-group-1, groupId=test-consumer-group] Requesting disconnect from last known coordinator 192.168.202.130:9092 (id: 2147483647 rack: null)
2025-12-18 15:08:38.435 [main] INFO  o.a.k.c.c.i.ConsumerCoordinator - [Consumer clientId=consumer-test-consumer-group-1, groupId=test-consumer-group] JoinGroup failed: This is not the correct coordinator. Marking coordinator unknown. Sent generation was Generation{generationId=-1, memberId='', protocol='null'}
2025-12-18 15:08:38.435 [main] INFO  o.apache.kafka.clients.NetworkClient - [Consumer clientId=consumer-test-consumer-group-1, groupId=test-consumer-group] Client requested disconnect from node 2147483647
2025-12-18 15:08:38.438 [main] INFO  o.a.k.c.c.i.ConsumerCoordinator - [Consumer clientId=consumer-test-consumer-group-1, groupId=test-consumer-group] Discovered group coordinator 192.168.202.130:9092 (id: 2147483647 rack: null)
2025-12-18 15:08:38.439 [main] INFO  o.a.k.c.c.i.ConsumerCoordinator - [Consumer clientId=consumer-test-consumer-group-1, groupId=test-consumer-group] Group coordinator 192.168.202.130:9092 (id: 2147483647 rack: null) is unavailable or invalid due to cause: coordinator unavailable. isDisconnected: false. Rediscovery will be attempted.
2025-12-18 15:08:38.439 [main] INFO  o.a.k.c.c.i.ConsumerCoordinator - [Consumer clientId=consumer-test-consumer-group-1, groupId=test-consumer-group] Requesting disconnect from last known coordinator 192.168.202.130:9092 (id: 2147483647 rack: null)
2025-12-18 15:08:38.557 [main] INFO  o.a.k.c.c.i.ConsumerCoordinator - [Consumer clientId=consumer-test-consumer-group-1, groupId=test-consumer-group] Discovered group coordinator 192.168.202.130:9092 (id: 2147483647 rack: null)
2025-12-18 15:08:38.558 [main] INFO  o.a.k.c.c.i.ConsumerCoordinator - [Consumer clientId=consumer-test-consumer-group-1, groupId=test-consumer-group] Request joining group due to: rebalance failed due to 'This is not the correct coordinator.' (NotCoordinatorException)
2025-12-18 15:08:38.559 [main] INFO  o.a.k.c.c.i.ConsumerCoordinator - [Consumer clientId=consumer-test-consumer-group-1, groupId=test-consumer-group] (Re-)joining group
2025-12-18 15:08:38.563 [main] INFO  o.a.k.c.c.i.ConsumerCoordinator - [Consumer clientId=consumer-test-consumer-group-1, groupId=test-consumer-group] Group coordinator 192.168.202.130:9092 (id: 2147483647 rack: null) is unavailable or invalid due to cause: error response NOT_COORDINATOR. isDisconnected: false. Rediscovery will be attempted.
2025-12-18 15:08:38.563 [main] INFO  o.a.k.c.c.i.ConsumerCoordinator - [Consumer clientId=consumer-test-consumer-group-1, groupId=test-consumer-group] Requesting disconnect from last known coordinator 192.168.202.130:9092 (id: 2147483647 rack: null)
2025-12-18 15:08:38.563 [main] INFO  o.a.k.c.c.i.ConsumerCoordinator - [Consumer clientId=consumer-test-consumer-group-1, groupId=test-consumer-group] JoinGroup failed: This is not the correct coordinator. Marking coordinator unknown. Sent generation was Generation{generationId=-1, memberId='', protocol='null'}
2025-12-18 15:08:38.563 [main] INFO  o.apache.kafka.clients.NetworkClient - [Consumer clientId=consumer-test-consumer-group-1, groupId=test-consumer-group] Client requested disconnect from node 2147483647
2025-12-18 15:08:38.565 [main] INFO  o.a.k.c.c.i.ConsumerCoordinator - [Consumer clientId=consumer-test-consumer-group-1, groupId=test-consumer-group] Discovered group coordinator 192.168.202.130:9092 (id: 2147483647 rack: null)
2025-12-18 15:08:38.565 [main] INFO  o.a.k.c.c.i.ConsumerCoordinator - [Consumer clientId=consumer-test-consumer-group-1, groupId=test-consumer-group] Group coordinator 192.168.202.130:9092 (id: 2147483647 rack: null) is unavailable or invalid due to cause: coordinator unavailable. isDisconnected: false. Rediscovery will be attempted.
2025-12-18 15:08:38.566 [main] INFO  o.a.k.c.c.i.ConsumerCoordinator - [Consumer clientId=consumer-test-consumer-group-1, groupId=test-consumer-group] Requesting disconnect from last known coordinator 192.168.202.130:9092 (id: 2147483647 rack: null)
2025-12-18 15:08:38.682 [main] INFO  o.a.k.c.c.i.ConsumerCoordinator - [Consumer clientId=consumer-test-consumer-group-1, groupId=test-consumer-group] Discovered group coordinator 192.168.202.130:9092 (id: 2147483647 rack: null)
2025-12-18 15:08:38.683 [main] INFO  o.a.k.c.c.i.ConsumerCoordinator - [Consumer clientId=consumer-test-consumer-group-1, groupId=test-consumer-group] Request joining group due to: rebalance failed due to 'This is not the correct coordinator.' (NotCoordinatorException)
2025-12-18 15:08:38.687 [main] INFO  o.a.k.c.c.i.ConsumerCoordinator - [Consumer clientId=consumer-test-consumer-group-1, groupId=test-consumer-group] (Re-)joining group
2025-12-18 15:08:38.692 [main] INFO  o.a.k.c.c.i.ConsumerCoordinator - [Consumer clientId=consumer-test-consumer-group-1, groupId=test-consumer-group] Group coordinator 192.168.202.130:9092 (id: 2147483647 rack: null) is unavailable or invalid due to cause: error response NOT_COORDINATOR. isDisconnected: false. Rediscovery will be attempted.
2025-12-18 15:08:38.692 [main] INFO  o.a.k.c.c.i.ConsumerCoordinator - [Consumer clientId=consumer-test-consumer-group-1, groupId=test-consumer-group] Requesting disconnect from last known coordinator 192.168.202.130:9092 (id: 2147483647 rack: null)
2025-12-18 15:08:38.692 [main] INFO  o.a.k.c.c.i.ConsumerCoordinator - [Consumer clientId=consumer-test-consumer-group-1, groupId=test-consumer-group] JoinGroup failed: This is not the correct coordinator. Marking coordinator unknown. Sent generation was Generation{generationId=-1, memberId='', protocol='null'}
2025-12-18 15:08:38.692 [main] INFO  o.apache.kafka.clients.NetworkClient - [Consumer clientId=consumer-test-consumer-group-1, groupId=test-consumer-group] Client requested disconnect from node 2147483647
2025-12-18 15:08:38.694 [main] INFO  o.a.k.c.c.i.ConsumerCoordinator - [Consumer clientId=consumer-test-consumer-group-1, groupId=test-consumer-group] Discovered group coordinator 192.168.202.130:9092 (id: 2147483647 rack: null)
2025-12-18 15:08:38.694 [main] INFO  o.a.k.c.c.i.ConsumerCoordinator - [Consumer clientId=consumer-test-consumer-group-1, groupId=test-consumer-group] Group coordinator 192.168.202.130:9092 (id: 2147483647 rack: null) is unavailable or invalid due to cause: coordinator unavailable. isDisconnected: false. Rediscovery will be attempted.
2025-12-18 15:08:38.694 [main] INFO  o.a.k.c.c.i.ConsumerCoordinator - [Consumer clientId=consumer-test-consumer-group-1, groupId=test-consumer-group] Requesting disconnect from last known coordinator 192.168.202.130:9092 (id: 2147483647 rack: null)
2025-12-18 15:08:38.805 [main] INFO  o.a.k.c.c.i.ConsumerCoordinator - [Consumer clientId=consumer-test-consumer-group-1, groupId=test-consumer-group] Discovered group coordinator 192.168.202.130:9092 (id: 2147483647 rack: null)
2025-12-18 15:08:38.806 [main] INFO  o.a.k.c.c.i.ConsumerCoordinator - [Consumer clientId=consumer-test-consumer-group-1, groupId=test-consumer-group] Request joining group due to: rebalance failed due to 'This is not the correct coordinator.' (NotCoordinatorException)
2025-12-18 15:08:38.809 [main] INFO  o.a.k.c.c.i.ConsumerCoordinator - [Consumer clientId=consumer-test-consumer-group-1, groupId=test-consumer-group] (Re-)joining group
2025-12-18 15:08:38.812 [main] INFO  o.a.k.c.c.i.ConsumerCoordinator - [Consumer clientId=consumer-test-consumer-group-1, groupId=test-consumer-group] Group coordinator 192.168.202.130:9092 (id: 2147483647 rack: null) is unavailable or invalid due to cause: error response NOT_COORDINATOR. isDisconnected: false. Rediscovery will be attempted.
2025-12-18 15:08:38.812 [main] INFO  o.a.k.c.c.i.ConsumerCoordinator - [Consumer clientId=consumer-test-consumer-group-1, groupId=test-consumer-group] Requesting disconnect from last known coordinator 192.168.202.130:9092 (id: 2147483647 rack: null)
2025-12-18 15:08:38.812 [main] INFO  o.a.k.c.c.i.ConsumerCoordinator - [Consumer clientId=consumer-test-consumer-group-1, groupId=test-consumer-group] JoinGroup failed: This is not the correct coordinator. Marking coordinator unknown. Sent generation was Generation{generationId=-1, memberId='', protocol='null'}
2025-12-18 15:08:38.812 [main] INFO  o.apache.kafka.clients.NetworkClient - [Consumer clientId=consumer-test-consumer-group-1, groupId=test-consumer-group] Client requested disconnect from node 2147483647
2025-12-18 15:08:38.814 [main] INFO  o.a.k.c.c.i.ConsumerCoordinator - [Consumer clientId=consumer-test-consumer-group-1, groupId=test-consumer-group] Discovered group coordinator 192.168.202.130:9092 (id: 2147483647 rack: null)
2025-12-18 15:08:38.814 [main] INFO  o.a.k.c.c.i.ConsumerCoordinator - [Consumer clientId=consumer-test-consumer-group-1, groupId=test-consumer-group] Group coordinator 192.168.202.130:9092 (id: 2147483647 rack: null) is unavailable or invalid due to cause: coordinator unavailable. isDisconnected: false. Rediscovery will be attempted.
2025-12-18 15:08:38.814 [main] INFO  o.a.k.c.c.i.ConsumerCoordinator - [Consumer clientId=consumer-test-consumer-group-1, groupId=test-consumer-group] Requesting disconnect from last known coordinator 192.168.202.130:9092 (id: 2147483647 rack: null)
2025-12-18 15:08:38.931 [main] INFO  o.a.k.c.c.i.ConsumerCoordinator - [Consumer clientId=consumer-test-consumer-group-1, groupId=test-consumer-group] Discovered group coordinator 192.168.202.130:9092 (id: 2147483647 rack: null)
2025-12-18 15:08:38.931 [main] INFO  o.a.k.c.c.i.ConsumerCoordinator - [Consumer clientId=consumer-test-consumer-group-1, groupId=test-consumer-group] Request joining group due to: rebalance failed due to 'This is not the correct coordinator.' (NotCoordinatorException)
2025-12-18 15:08:38.932 [main] INFO  o.a.k.c.c.i.ConsumerCoordinator - [Consumer clientId=consumer-test-consumer-group-1, groupId=test-consumer-group] (Re-)joining group
2025-12-18 15:08:38.935 [main] INFO  o.a.k.c.c.i.ConsumerCoordinator - [Consumer clientId=consumer-test-consumer-group-1, groupId=test-consumer-group] Group coordinator 192.168.202.130:9092 (id: 2147483647 rack: null) is unavailable or invalid due to cause: error response NOT_COORDINATOR. isDisconnected: false. Rediscovery will be attempted.
2025-12-18 15:08:38.935 [main] INFO  o.a.k.c.c.i.ConsumerCoordinator - [Consumer clientId=consumer-test-consumer-group-1, groupId=test-consumer-group] Requesting disconnect from last known coordinator 192.168.202.130:9092 (id: 2147483647 rack: null)
2025-12-18 15:08:38.936 [main] INFO  o.a.k.c.c.i.ConsumerCoordinator - [Consumer clientId=consumer-test-consumer-group-1, groupId=test-consumer-group] JoinGroup failed: This is not the correct coordinator. Marking coordinator unknown. Sent generation was Generation{generationId=-1, memberId='', protocol='null'}
2025-12-18 15:08:38.936 [main] INFO  o.apache.kafka.clients.NetworkClient - [Consumer clientId=consumer-test-consumer-group-1, groupId=test-consumer-group] Client requested disconnect from node 2147483647
2025-12-18 15:08:38.938 [main] INFO  o.a.k.c.c.i.ConsumerCoordinator - [Consumer clientId=consumer-test-consumer-group-1, groupId=test-consumer-group] Discovered group coordinator 192.168.202.130:9092 (id: 2147483647 rack: null)
2025-12-18 15:08:38.938 [main] INFO  o.a.k.c.c.i.ConsumerCoordinator - [Consumer clientId=consumer-test-consumer-group-1, groupId=test-consumer-group] Group coordinator 192.168.202.130:9092 (id: 2147483647 rack: null) is unavailable or invalid due to cause: coordinator unavailable. isDisconnected: false. Rediscovery will be attempted.
2025-12-18 15:08:38.938 [main] INFO  o.a.k.c.c.i.ConsumerCoordinator - [Consumer clientId=consumer-test-consumer-group-1, groupId=test-consumer-group] Requesting disconnect from last known coordinator 192.168.202.130:9092 (id: 2147483647 rack: null)
2025-12-18 15:08:39.054 [main] INFO  o.a.k.c.c.i.ConsumerCoordinator - [Consumer clientId=consumer-test-consumer-group-1, groupId=test-consumer-group] Discovered group coordinator 192.168.202.130:9092 (id: 2147483647 rack: null)
2025-12-18 15:08:39.055 [main] INFO  o.a.k.c.c.i.ConsumerCoordinator - [Consumer clientId=consumer-test-consumer-group-1, groupId=test-consumer-group] Request joining group due to: rebalance failed due to 'This is not the correct coordinator.' (NotCoordinatorException)
2025-12-18 15:08:39.056 [main] INFO  o.a.k.c.c.i.ConsumerCoordinator - [Consumer clientId=consumer-test-consumer-group-1, groupId=test-consumer-group] (Re-)joining group
2025-12-18 15:08:39.059 [main] INFO  o.a.k.c.c.i.ConsumerCoordinator - [Consumer clientId=consumer-test-consumer-group-1, groupId=test-consumer-group] Group coordinator 192.168.202.130:9092 (id: 2147483647 rack: null) is unavailable or invalid due to cause: error response NOT_COORDINATOR. isDisconnected: false. Rediscovery will be attempted.
2025-12-18 15:08:39.060 [main] INFO  o.a.k.c.c.i.ConsumerCoordinator - [Consumer clientId=consumer-test-consumer-group-1, groupId=test-consumer-group] Requesting disconnect from last known coordinator 192.168.202.130:9092 (id: 2147483647 rack: null)
2025-12-18 15:08:39.060 [main] INFO  o.a.k.c.c.i.ConsumerCoordinator - [Consumer clientId=consumer-test-consumer-group-1, groupId=test-consumer-group] JoinGroup failed: This is not the correct coordinator. Marking coordinator unknown. Sent generation was Generation{generationId=-1, memberId='', protocol='null'}
2025-12-18 15:08:39.060 [main] INFO  o.apache.kafka.clients.NetworkClient - [Consumer clientId=consumer-test-consumer-group-1, groupId=test-consumer-group] Client requested disconnect from node 2147483647
2025-12-18 15:08:39.061 [main] INFO  o.a.k.c.c.i.ConsumerCoordinator - [Consumer clientId=consumer-test-consumer-group-1, groupId=test-consumer-group] Discovered group coordinator 192.168.202.130:9092 (id: 2147483647 rack: null)
2025-12-18 15:08:39.061 [main] INFO  o.a.k.c.c.i.ConsumerCoordinator - [Consumer clientId=consumer-test-consumer-group-1, groupId=test-consumer-group] Group coordinator 192.168.202.130:9092 (id: 2147483647 rack: null) is unavailable or invalid due to cause: coordinator unavailable. isDisconnected: false. Rediscovery will be attempted.
2025-12-18 15:08:39.061 [main] INFO  o.a.k.c.c.i.ConsumerCoordinator - [Consumer clientId=consumer-test-consumer-group-1, groupId=test-consumer-group] Requesting disconnect from last known coordinator 192.168.202.130:9092 (id: 2147483647 rack: null)
2025-12-18 15:08:39.163 [main] INFO  o.a.k.c.c.i.ConsumerCoordinator - [Consumer clientId=consumer-test-consumer-group-1, groupId=test-consumer-group] Discovered group coordinator 192.168.202.130:9092 (id: 2147483647 rack: null)
2025-12-18 15:08:39.164 [main] INFO  o.a.k.c.c.i.ConsumerCoordinator - [Consumer clientId=consumer-test-consumer-group-1, groupId=test-consumer-group] Request joining group due to: rebalance failed due to 'This is not the correct coordinator.' (NotCoordinatorException)
2025-12-18 15:08:39.164 [main] INFO  o.a.k.c.c.i.ConsumerCoordinator - [Consumer clientId=consumer-test-consumer-group-1, groupId=test-consumer-group] (Re-)joining group
2025-12-18 15:08:39.168 [main] INFO  o.a.k.c.c.i.ConsumerCoordinator - [Consumer clientId=consumer-test-consumer-group-1, groupId=test-consumer-group] Group coordinator 192.168.202.130:9092 (id: 2147483647 rack: null) is unavailable or invalid due to cause: error response NOT_COORDINATOR. isDisconnected: false. Rediscovery will be attempted.
2025-12-18 15:08:39.168 [main] INFO  o.a.k.c.c.i.ConsumerCoordinator - [Consumer clientId=consumer-test-consumer-group-1, groupId=test-consumer-group] Requesting disconnect from last known coordinator 192.168.202.130:9092 (id: 2147483647 rack: null)
2025-12-18 15:08:39.168 [main] INFO  o.a.k.c.c.i.ConsumerCoordinator - [Consumer clientId=consumer-test-consumer-group-1, groupId=test-consumer-group] JoinGroup failed: This is not the correct coordinator. Marking coordinator unknown. Sent generation was Generation{generationId=-1, memberId='', protocol='null'}
2025-12-18 15:08:39.168 [main] INFO  o.apache.kafka.clients.NetworkClient - [Consumer clientId=consumer-test-consumer-group-1, groupId=test-consumer-group] Client requested disconnect from node 2147483647
2025-12-18 15:08:39.169 [main] INFO  o.a.k.c.c.i.ConsumerCoordinator - [Consumer clientId=consumer-test-consumer-group-1, groupId=test-consumer-group] Discovered group coordinator 192.168.202.130:9092 (id: 2147483647 rack: null)
2025-12-18 15:08:39.169 [main] INFO  o.a.k.c.c.i.ConsumerCoordinator - [Consumer clientId=consumer-test-consumer-group-1, groupId=test-consumer-group] Group coordinator 192.168.202.130:9092 (id: 2147483647 rack: null) is unavailable or invalid due to cause: coordinator unavailable. isDisconnected: false. Rediscovery will be attempted.
2025-12-18 15:08:39.169 [main] INFO  o.a.k.c.c.i.ConsumerCoordinator - [Consumer clientId=consumer-test-consumer-group-1, groupId=test-consumer-group] Requesting disconnect from last known coordinator 192.168.202.130:9092 (id: 2147483647 rack: null)
2025-12-18 15:08:39.275 [main] INFO  o.a.k.c.c.i.ConsumerCoordinator - [Consumer clientId=consumer-test-consumer-group-1, groupId=test-consumer-group] Discovered group coordinator 192.168.202.130:9092 (id: 2147483647 rack: null)
2025-12-18 15:08:39.276 [main] INFO  o.a.k.c.c.i.ConsumerCoordinator - [Consumer clientId=consumer-test-consumer-group-1, groupId=test-consumer-group] Request joining group due to: rebalance failed due to 'This is not the correct coordinator.' (NotCoordinatorException)
2025-12-18 15:08:39.277 [main] INFO  o.a.k.c.c.i.ConsumerCoordinator - [Consumer clientId=consumer-test-consumer-group-1, groupId=test-consumer-group] (Re-)joining group
2025-12-18 15:08:39.279 [main] INFO  o.a.k.c.c.i.ConsumerCoordinator - [Consumer clientId=consumer-test-consumer-group-1, groupId=test-consumer-group] Group coordinator 192.168.202.130:9092 (id: 2147483647 rack: null) is unavailable or invalid due to cause: error response NOT_COORDINATOR. isDisconnected: false. Rediscovery will be attempted.
2025-12-18 15:08:39.279 [main] INFO  o.a.k.c.c.i.ConsumerCoordinator - [Consumer clientId=consumer-test-consumer-group-1, groupId=test-consumer-group] Requesting disconnect from last known coordinator 192.168.202.130:9092 (id: 2147483647 rack: null)
2025-12-18 15:08:39.279 [main] INFO  o.a.k.c.c.i.ConsumerCoordinator - [Consumer clientId=consumer-test-consumer-group-1, groupId=test-consumer-group] JoinGroup failed: This is not the correct coordinator. Marking coordinator unknown. Sent generation was Generation{generationId=-1, memberId='', protocol='null'}
2025-12-18 15:08:39.279 [main] INFO  o.apache.kafka.clients.NetworkClient - [Consumer clientId=consumer-test-consumer-group-1, groupId=test-consumer-group] Client requested disconnect from node 2147483647
2025-12-18 15:08:39.281 [main] INFO  o.a.k.c.c.i.ConsumerCoordinator - [Consumer clientId=consumer-test-consumer-group-1, groupId=test-consumer-group] Discovered group coordinator 192.168.202.130:9092 (id: 2147483647 rack: null)
2025-12-18 15:08:39.281 [main] INFO  o.a.k.c.c.i.ConsumerCoordinator - [Consumer clientId=consumer-test-consumer-group-1, groupId=test-consumer-group] Group coordinator 192.168.202.130:9092 (id: 2147483647 rack: null) is unavailable or invalid due to cause: coordinator unavailable. isDisconnected: false. Rediscovery will be attempted.
2025-12-18 15:08:39.281 [main] INFO  o.a.k.c.c.i.ConsumerCoordinator - [Consumer clientId=consumer-test-consumer-group-1, groupId=test-consumer-group] Requesting disconnect from last known coordinator 192.168.202.130:9092 (id: 2147483647 rack: null)
2025-12-18 15:08:39.396 [main] INFO  o.a.k.c.c.i.ConsumerCoordinator - [Consumer clientId=consumer-test-consumer-group-1, groupId=test-consumer-group] Discovered group coordinator 192.168.202.130:9092 (id: 2147483647 rack: null)
2025-12-18 15:08:39.397 [main] INFO  o.a.k.c.c.i.ConsumerCoordinator - [Consumer clientId=consumer-test-consumer-group-1, groupId=test-consumer-group] Request joining group due to: rebalance failed due to 'This is not the correct coordinator.' (NotCoordinatorException)
2025-12-18 15:08:39.397 [main] INFO  o.a.k.c.c.i.ConsumerCoordinator - [Consumer clientId=consumer-test-consumer-group-1, groupId=test-consumer-group] (Re-)joining group
2025-12-18 15:08:39.400 [main] INFO  o.a.k.c.c.i.ConsumerCoordinator - [Consumer clientId=consumer-test-consumer-group-1, groupId=test-consumer-group] Group coordinator 192.168.202.130:9092 (id: 2147483647 rack: null) is unavailable or invalid due to cause: error response NOT_COORDINATOR. isDisconnected: false. Rediscovery will be attempted.
2025-12-18 15:08:39.400 [main] INFO  o.a.k.c.c.i.ConsumerCoordinator - [Consumer clientId=consumer-test-consumer-group-1, groupId=test-consumer-group] Requesting disconnect from last known coordinator 192.168.202.130:9092 (id: 2147483647 rack: null)
2025-12-18 15:08:39.400 [main] INFO  o.a.k.c.c.i.ConsumerCoordinator - [Consumer clientId=consumer-test-consumer-group-1, groupId=test-consumer-group] JoinGroup failed: This is not the correct coordinator. Marking coordinator unknown. Sent generation was Generation{generationId=-1, memberId='', protocol='null'}
2025-12-18 15:08:39.401 [main] INFO  o.apache.kafka.clients.NetworkClient - [Consumer clientId=consumer-test-consumer-group-1, groupId=test-consumer-group] Client requested disconnect from node 2147483647
2025-12-18 15:08:39.402 [main] INFO  o.a.k.c.c.i.ConsumerCoordinator - [Consumer clientId=consumer-test-consumer-group-1, groupId=test-consumer-group] Discovered group coordinator 192.168.202.130:9092 (id: 2147483647 rack: null)
2025-12-18 15:08:39.402 [main] INFO  o.a.k.c.c.i.ConsumerCoordinator - [Consumer clientId=consumer-test-consumer-group-1, groupId=test-consumer-group] Group coordinator 192.168.202.130:9092 (id: 2147483647 rack: null) is unavailable or invalid due to cause: coordinator unavailable. isDisconnected: false. Rediscovery will be attempted.
2025-12-18 15:08:39.402 [main] INFO  o.a.k.c.c.i.ConsumerCoordinator - [Consumer clientId=consumer-test-consumer-group-1, groupId=test-consumer-group] Requesting disconnect from last known coordinator 192.168.202.130:9092 (id: 2147483647 rack: null)
2025-12-18 15:08:39.505 [main] INFO  o.a.k.c.c.i.ConsumerCoordinator - [Consumer clientId=consumer-test-consumer-group-1, groupId=test-consumer-group] Discovered group coordinator 192.168.202.130:9092 (id: 2147483647 rack: null)
2025-12-18 15:08:39.505 [main] INFO  o.a.k.c.c.i.ConsumerCoordinator - [Consumer clientId=consumer-test-consumer-group-1, groupId=test-consumer-group] Request joining group due to: rebalance failed due to 'This is not the correct coordinator.' (NotCoordinatorException)
2025-12-18 15:08:39.506 [main] INFO  o.a.k.c.c.i.ConsumerCoordinator - [Consumer clientId=consumer-test-consumer-group-1, groupId=test-consumer-group] (Re-)joining group
2025-12-18 15:08:39.511 [main] INFO  o.a.k.c.c.i.ConsumerCoordinator - [Consumer clientId=consumer-test-consumer-group-1, groupId=test-consumer-group] Group coordinator 192.168.202.130:9092 (id: 2147483647 rack: null) is unavailable or invalid due to cause: error response NOT_COORDINATOR. isDisconnected: false. Rediscovery will be attempted.
2025-12-18 15:08:39.511 [main] INFO  o.a.k.c.c.i.ConsumerCoordinator - [Consumer clientId=consumer-test-consumer-group-1, groupId=test-consumer-group] Requesting disconnect from last known coordinator 192.168.202.130:9092 (id: 2147483647 rack: null)
2025-12-18 15:08:39.511 [main] INFO  o.a.k.c.c.i.ConsumerCoordinator - [Consumer clientId=consumer-test-consumer-group-1, groupId=test-consumer-group] JoinGroup failed: This is not the correct coordinator. Marking coordinator unknown. Sent generation was Generation{generationId=-1, memberId='', protocol='null'}
2025-12-18 15:08:39.511 [main] INFO  o.apache.kafka.clients.NetworkClient - [Consumer clientId=consumer-test-consumer-group-1, groupId=test-consumer-group] Client requested disconnect from node 2147483647
2025-12-18 15:08:39.514 [main] INFO  o.a.k.c.c.i.ConsumerCoordinator - [Consumer clientId=consumer-test-consumer-group-1, groupId=test-consumer-group] Discovered group coordinator 192.168.202.130:9092 (id: 2147483647 rack: null)
2025-12-18 15:08:39.514 [main] INFO  o.a.k.c.c.i.ConsumerCoordinator - [Consumer clientId=consumer-test-consumer-group-1, groupId=test-consumer-group] Group coordinator 192.168.202.130:9092 (id: 2147483647 rack: null) is unavailable or invalid due to cause: coordinator unavailable. isDisconnected: false. Rediscovery will be attempted.
2025-12-18 15:08:39.514 [main] INFO  o.a.k.c.c.i.ConsumerCoordinator - [Consumer clientId=consumer-test-consumer-group-1, groupId=test-consumer-group] Requesting disconnect from last known coordinator 192.168.202.130:9092 (id: 2147483647 rack: null)
2025-12-18 15:08:39.628 [main] INFO  o.a.k.c.c.i.ConsumerCoordinator - [Consumer clientId=consumer-test-consumer-group-1, groupId=test-consumer-group] Discovered group coordinator 192.168.202.130:9092 (id: 2147483647 rack: null)
2025-12-18 15:08:39.629 [main] INFO  o.a.k.c.c.i.ConsumerCoordinator - [Consumer clientId=consumer-test-consumer-group-1, groupId=test-consumer-group] Request joining group due to: rebalance failed due to 'This is not the correct coordinator.' (NotCoordinatorException)
2025-12-18 15:08:39.630 [main] INFO  o.a.k.c.c.i.ConsumerCoordinator - [Consumer clientId=consumer-test-consumer-group-1, groupId=test-consumer-group] (Re-)joining group
2025-12-18 15:08:39.633 [main] INFO  o.a.k.c.c.i.ConsumerCoordinator - [Consumer clientId=consumer-test-consumer-group-1, groupId=test-consumer-group] Group coordinator 192.168.202.130:9092 (id: 2147483647 rack: null) is unavailable or invalid due to cause: error response NOT_COORDINATOR. isDisconnected: false. Rediscovery will be attempted.
2025-12-18 15:08:39.633 [main] INFO  o.a.k.c.c.i.ConsumerCoordinator - [Consumer clientId=consumer-test-consumer-group-1, groupId=test-consumer-group] Requesting disconnect from last known coordinator 192.168.202.130:9092 (id: 2147483647 rack: null)
2025-12-18 15:08:39.633 [main] INFO  o.a.k.c.c.i.ConsumerCoordinator - [Consumer clientId=consumer-test-consumer-group-1, groupId=test-consumer-group] JoinGroup failed: This is not the correct coordinator. Marking coordinator unknown. Sent generation was Generation{generationId=-1, memberId='', protocol='null'}
2025-12-18 15:08:39.633 [main] INFO  o.apache.kafka.clients.NetworkClient - [Consumer clientId=consumer-test-consumer-group-1, groupId=test-consumer-group] Client requested disconnect from node 2147483647
2025-12-18 15:08:39.636 [main] INFO  o.a.k.c.c.i.ConsumerCoordinator - [Consumer clientId=consumer-test-consumer-group-1, groupId=test-consumer-group] Discovered group coordinator 192.168.202.130:9092 (id: 2147483647 rack: null)
2025-12-18 15:08:39.636 [main] INFO  o.a.k.c.c.i.ConsumerCoordinator - [Consumer clientId=consumer-test-consumer-group-1, groupId=test-consumer-group] Group coordinator 192.168.202.130:9092 (id: 2147483647 rack: null) is unavailable or invalid due to cause: coordinator unavailable. isDisconnected: false. Rediscovery will be attempted.
2025-12-18 15:08:39.636 [main] INFO  o.a.k.c.c.i.ConsumerCoordinator - [Consumer clientId=consumer-test-consumer-group-1, groupId=test-consumer-group] Requesting disconnect from last known coordinator 192.168.202.130:9092 (id: 2147483647 rack: null)
2025-12-18 15:08:39.739 [main] INFO  o.a.k.c.c.i.ConsumerCoordinator - [Consumer clientId=consumer-test-consumer-group-1, groupId=test-consumer-group] Discovered group coordinator 192.168.202.130:9092 (id: 2147483647 rack: null)
2025-12-18 15:08:39.739 [main] INFO  o.a.k.c.c.i.ConsumerCoordinator - [Consumer clientId=consumer-test-consumer-group-1, groupId=test-consumer-group] Request joining group due to: rebalance failed due to 'This is not the correct coordinator.' (NotCoordinatorException)
2025-12-18 15:08:39.740 [main] INFO  o.a.k.c.c.i.ConsumerCoordinator - [Consumer clientId=consumer-test-consumer-group-1, groupId=test-consumer-group] (Re-)joining group
2025-12-18 15:08:39.742 [main] INFO  o.a.k.c.c.i.ConsumerCoordinator - [Consumer clientId=consumer-test-consumer-group-1, groupId=test-consumer-group] Group coordinator 192.168.202.130:9092 (id: 2147483647 rack: null) is unavailable or invalid due to cause: error response NOT_COORDINATOR. isDisconnected: false. Rediscovery will be attempted.
2025-12-18 15:08:39.743 [main] INFO  o.a.k.c.c.i.ConsumerCoordinator - [Consumer clientId=consumer-test-consumer-group-1, groupId=test-consumer-group] Requesting disconnect from last known coordinator 192.168.202.130:9092 (id: 2147483647 rack: null)
2025-12-18 15:08:39.743 [main] INFO  o.a.k.c.c.i.ConsumerCoordinator - [Consumer clientId=consumer-test-consumer-group-1, groupId=test-consumer-group] JoinGroup failed: This is not the correct coordinator. Marking coordinator unknown. Sent generation was Generation{generationId=-1, memberId='', protocol='null'}
2025-12-18 15:08:39.743 [main] INFO  o.apache.kafka.clients.NetworkClient - [Consumer clientId=consumer-test-consumer-group-1, groupId=test-consumer-group] Client requested disconnect from node 2147483647
2025-12-18 15:08:39.744 [main] INFO  o.a.k.c.c.i.ConsumerCoordinator - [Consumer clientId=consumer-test-consumer-group-1, groupId=test-consumer-group] Discovered group coordinator 192.168.202.130:9092 (id: 2147483647 rack: null)
2025-12-18 15:08:39.744 [main] INFO  o.a.k.c.c.i.ConsumerCoordinator - [Consumer clientId=consumer-test-consumer-group-1, groupId=test-consumer-group] Group coordinator 192.168.202.130:9092 (id: 2147483647 rack: null) is unavailable or invalid due to cause: coordinator unavailable. isDisconnected: false. Rediscovery will be attempted.
2025-12-18 15:08:39.744 [main] INFO  o.a.k.c.c.i.ConsumerCoordinator - [Consumer clientId=consumer-test-consumer-group-1, groupId=test-consumer-group] Requesting disconnect from last known coordinator 192.168.202.130:9092 (id: 2147483647 rack: null)
2025-12-18 15:08:39.847 [main] INFO  o.a.k.c.c.i.ConsumerCoordinator - [Consumer clientId=consumer-test-consumer-group-1, groupId=test-consumer-group] Discovered group coordinator 192.168.202.130:9092 (id: 2147483647 rack: null)
2025-12-18 15:08:39.848 [main] INFO  o.a.k.c.c.i.ConsumerCoordinator - [Consumer clientId=consumer-test-consumer-group-1, groupId=test-consumer-group] Request joining group due to: rebalance failed due to 'This is not the correct coordinator.' (NotCoordinatorException)
2025-12-18 15:08:39.849 [main] INFO  o.a.k.c.c.i.ConsumerCoordinator - [Consumer clientId=consumer-test-consumer-group-1, groupId=test-consumer-group] (Re-)joining group
2025-12-18 15:08:39.852 [main] INFO  o.a.k.c.c.i.ConsumerCoordinator - [Consumer clientId=consumer-test-consumer-group-1, groupId=test-consumer-group] Group coordinator 192.168.202.130:9092 (id: 2147483647 rack: null) is unavailable or invalid due to cause: error response NOT_COORDINATOR. isDisconnected: false. Rediscovery will be attempted.
2025-12-18 15:08:39.852 [main] INFO  o.a.k.c.c.i.ConsumerCoordinator - [Consumer clientId=consumer-test-consumer-group-1, groupId=test-consumer-group] Requesting disconnect from last known coordinator 192.168.202.130:9092 (id: 2147483647 rack: null)
2025-12-18 15:08:39.852 [main] INFO  o.a.k.c.c.i.ConsumerCoordinator - [Consumer clientId=consumer-test-consumer-group-1, groupId=test-consumer-group] JoinGroup failed: This is not the correct coordinator. Marking coordinator unknown. Sent generation was Generation{generationId=-1, memberId='', protocol='null'}
2025-12-18 15:08:39.852 [main] INFO  o.apache.kafka.clients.NetworkClient - [Consumer clientId=consumer-test-consumer-group-1, groupId=test-consumer-group] Client requested disconnect from node 2147483647
2025-12-18 15:08:39.859 [main] INFO  o.a.k.c.c.i.ConsumerCoordinator - [Consumer clientId=consumer-test-consumer-group-1, groupId=test-consumer-group] Discovered group coordinator 192.168.202.130:9092 (id: 2147483647 rack: null)
2025-12-18 15:08:39.859 [main] INFO  o.a.k.c.c.i.ConsumerCoordinator - [Consumer clientId=consumer-test-consumer-group-1, groupId=test-consumer-group] Group coordinator 192.168.202.130:9092 (id: 2147483647 rack: null) is unavailable or invalid due to cause: coordinator unavailable. isDisconnected: false. Rediscovery will be attempted.
2025-12-18 15:08:39.859 [main] INFO  o.a.k.c.c.i.ConsumerCoordinator - [Consumer clientId=consumer-test-consumer-group-1, groupId=test-consumer-group] Requesting disconnect from last known coordinator 192.168.202.130:9092 (id: 2147483647 rack: null)
2025-12-18 15:08:39.970 [main] INFO  o.a.k.c.c.i.ConsumerCoordinator - [Consumer clientId=consumer-test-consumer-group-1, groupId=test-consumer-group] Discovered group coordinator 192.168.202.130:9092 (id: 2147483647 rack: null)
2025-12-18 15:08:39.971 [main] INFO  o.a.k.c.c.i.ConsumerCoordinator - [Consumer clientId=consumer-test-consumer-group-1, groupId=test-consumer-group] Request joining group due to: rebalance failed due to 'This is not the correct coordinator.' (NotCoordinatorException)
2025-12-18 15:08:39.971 [main] INFO  o.a.k.c.c.i.ConsumerCoordinator - [Consumer clientId=consumer-test-consumer-group-1, groupId=test-consumer-group] (Re-)joining group
2025-12-18 15:08:39.974 [main] INFO  o.a.k.c.c.i.ConsumerCoordinator - [Consumer clientId=consumer-test-consumer-group-1, groupId=test-consumer-group] Group coordinator 192.168.202.130:9092 (id: 2147483647 rack: null) is unavailable or invalid due to cause: error response NOT_COORDINATOR. isDisconnected: false. Rediscovery will be attempted.
2025-12-18 15:08:39.974 [main] INFO  o.a.k.c.c.i.ConsumerCoordinator - [Consumer clientId=consumer-test-consumer-group-1, groupId=test-consumer-group] Requesting disconnect from last known coordinator 192.168.202.130:9092 (id: 2147483647 rack: null)
2025-12-18 15:08:39.974 [main] INFO  o.a.k.c.c.i.ConsumerCoordinator - [Consumer clientId=consumer-test-consumer-group-1, groupId=test-consumer-group] JoinGroup failed: This is not the correct coordinator. Marking coordinator unknown. Sent generation was Generation{generationId=-1, memberId='', protocol='null'}
2025-12-18 15:08:39.975 [main] INFO  o.apache.kafka.clients.NetworkClient - [Consumer clientId=consumer-test-consumer-group-1, groupId=test-consumer-group] Client requested disconnect from node 2147483647
2025-12-18 15:08:39.976 [main] INFO  o.a.k.c.c.i.ConsumerCoordinator - [Consumer clientId=consumer-test-consumer-group-1, groupId=test-consumer-group] Discovered group coordinator 192.168.202.130:9092 (id: 2147483647 rack: null)
2025-12-18 15:08:39.976 [main] INFO  o.a.k.c.c.i.ConsumerCoordinator - [Consumer clientId=consumer-test-consumer-group-1, groupId=test-consumer-group] Group coordinator 192.168.202.130:9092 (id: 2147483647 rack: null) is unavailable or invalid due to cause: coordinator unavailable. isDisconnected: false. Rediscovery will be attempted.
2025-12-18 15:08:39.976 [main] INFO  o.a.k.c.c.i.ConsumerCoordinator - [Consumer clientId=consumer-test-consumer-group-1, groupId=test-consumer-group] Requesting disconnect from last known coordinator 192.168.202.130:9092 (id: 2147483647 rack: null)
2025-12-18 15:08:40.079 [main] INFO  o.a.k.c.c.i.ConsumerCoordinator - [Consumer clientId=consumer-test-consumer-group-1, groupId=test-consumer-group] Discovered group coordinator 192.168.202.130:9092 (id: 2147483647 rack: null)
2025-12-18 15:08:40.080 [main] INFO  o.a.k.c.c.i.ConsumerCoordinator - [Consumer clientId=consumer-test-consumer-group-1, groupId=test-consumer-group] Request joining group due to: rebalance failed due to 'This is not the correct coordinator.' (NotCoordinatorException)
2025-12-18 15:08:40.082 [main] INFO  o.a.k.c.c.i.ConsumerCoordinator - [Consumer clientId=consumer-test-consumer-group-1, groupId=test-consumer-group] (Re-)joining group
2025-12-18 15:08:40.086 [main] INFO  o.a.k.c.c.i.ConsumerCoordinator - [Consumer clientId=consumer-test-consumer-group-1, groupId=test-consumer-group] Group coordinator 192.168.202.130:9092 (id: 2147483647 rack: null) is unavailable or invalid due to cause: error response NOT_COORDINATOR. isDisconnected: false. Rediscovery will be attempted.
2025-12-18 15:08:40.086 [main] INFO  o.a.k.c.c.i.ConsumerCoordinator - [Consumer clientId=consumer-test-consumer-group-1, groupId=test-consumer-group] Requesting disconnect from last known coordinator 192.168.202.130:9092 (id: 2147483647 rack: null)
2025-12-18 15:08:40.086 [main] INFO  o.a.k.c.c.i.ConsumerCoordinator - [Consumer clientId=consumer-test-consumer-group-1, groupId=test-consumer-group] JoinGroup failed: This is not the correct coordinator. Marking coordinator unknown. Sent generation was Generation{generationId=-1, memberId='', protocol='null'}
2025-12-18 15:08:40.086 [main] INFO  o.apache.kafka.clients.NetworkClient - [Consumer clientId=consumer-test-consumer-group-1, groupId=test-consumer-group] Client requested disconnect from node 2147483647
2025-12-18 15:08:40.088 [main] INFO  o.a.k.c.c.i.ConsumerCoordinator - [Consumer clientId=consumer-test-consumer-group-1, groupId=test-consumer-group] Discovered group coordinator 192.168.202.130:9092 (id: 2147483647 rack: null)
2025-12-18 15:08:40.088 [main] INFO  o.a.k.c.c.i.ConsumerCoordinator - [Consumer clientId=consumer-test-consumer-group-1, groupId=test-consumer-group] Group coordinator 192.168.202.130:9092 (id: 2147483647 rack: null) is unavailable or invalid due to cause: coordinator unavailable. isDisconnected: false. Rediscovery will be attempted.
2025-12-18 15:08:40.088 [main] INFO  o.a.k.c.c.i.ConsumerCoordinator - [Consumer clientId=consumer-test-consumer-group-1, groupId=test-consumer-group] Requesting disconnect from last known coordinator 192.168.202.130:9092 (id: 2147483647 rack: null)
2025-12-18 15:08:40.205 [main] INFO  o.a.k.c.c.i.ConsumerCoordinator - [Consumer clientId=consumer-test-consumer-group-1, groupId=test-consumer-group] Discovered group coordinator 192.168.202.130:9092 (id: 2147483647 rack: null)
2025-12-18 15:08:40.205 [main] INFO  o.a.k.c.c.i.ConsumerCoordinator - [Consumer clientId=consumer-test-consumer-group-1, groupId=test-consumer-group] Request joining group due to: rebalance failed due to 'This is not the correct coordinator.' (NotCoordinatorException)
2025-12-18 15:08:40.206 [main] INFO  o.a.k.c.c.i.ConsumerCoordinator - [Consumer clientId=consumer-test-consumer-group-1, groupId=test-consumer-group] (Re-)joining group
2025-12-18 15:08:40.210 [main] INFO  o.a.k.c.c.i.ConsumerCoordinator - [Consumer clientId=consumer-test-consumer-group-1, groupId=test-consumer-group] Group coordinator 192.168.202.130:9092 (id: 2147483647 rack: null) is unavailable or invalid due to cause: error response NOT_COORDINATOR. isDisconnected: false. Rediscovery will be attempted.
2025-12-18 15:08:40.210 [main] INFO  o.a.k.c.c.i.ConsumerCoordinator - [Consumer clientId=consumer-test-consumer-group-1, groupId=test-consumer-group] Requesting disconnect from last known coordinator 192.168.202.130:9092 (id: 2147483647 rack: null)
2025-12-18 15:08:40.210 [main] INFO  o.a.k.c.c.i.ConsumerCoordinator - [Consumer clientId=consumer-test-consumer-group-1, groupId=test-consumer-group] JoinGroup failed: This is not the correct coordinator. Marking coordinator unknown. Sent generation was Generation{generationId=-1, memberId='', protocol='null'}
2025-12-18 15:08:40.210 [main] INFO  o.apache.kafka.clients.NetworkClient - [Consumer clientId=consumer-test-consumer-group-1, groupId=test-consumer-group] Client requested disconnect from node 2147483647
2025-12-18 15:08:40.212 [main] INFO  o.a.k.c.c.i.ConsumerCoordinator - [Consumer clientId=consumer-test-consumer-group-1, groupId=test-consumer-group] Discovered group coordinator 192.168.202.130:9092 (id: 2147483647 rack: null)
2025-12-18 15:08:40.212 [main] INFO  o.a.k.c.c.i.ConsumerCoordinator - [Consumer clientId=consumer-test-consumer-group-1, groupId=test-consumer-group] Group coordinator 192.168.202.130:9092 (id: 2147483647 rack: null) is unavailable or invalid due to cause: coordinator unavailable. isDisconnected: false. Rediscovery will be attempted.
2025-12-18 15:08:40.213 [main] INFO  o.a.k.c.c.i.ConsumerCoordinator - [Consumer clientId=consumer-test-consumer-group-1, groupId=test-consumer-group] Requesting disconnect from last known coordinator 192.168.202.130:9092 (id: 2147483647 rack: null)
2025-12-18 15:08:40.329 [main] INFO  o.a.k.c.c.i.ConsumerCoordinator - [Consumer clientId=consumer-test-consumer-group-1, groupId=test-consumer-group] Discovered group coordinator 192.168.202.130:9092 (id: 2147483647 rack: null)
2025-12-18 15:08:40.330 [main] INFO  o.a.k.c.c.i.ConsumerCoordinator - [Consumer clientId=consumer-test-consumer-group-1, groupId=test-consumer-group] Request joining group due to: rebalance failed due to 'This is not the correct coordinator.' (NotCoordinatorException)
2025-12-18 15:08:40.331 [main] INFO  o.a.k.c.c.i.ConsumerCoordinator - [Consumer clientId=consumer-test-consumer-group-1, groupId=test-consumer-group] (Re-)joining group
2025-12-18 15:08:40.333 [main] INFO  o.a.k.c.c.i.ConsumerCoordinator - [Consumer clientId=consumer-test-consumer-group-1, groupId=test-consumer-group] Group coordinator 192.168.202.130:9092 (id: 2147483647 rack: null) is unavailable or invalid due to cause: error response NOT_COORDINATOR. isDisconnected: false. Rediscovery will be attempted.
2025-12-18 15:08:40.333 [main] INFO  o.a.k.c.c.i.ConsumerCoordinator - [Consumer clientId=consumer-test-consumer-group-1, groupId=test-consumer-group] Requesting disconnect from last known coordinator 192.168.202.130:9092 (id: 2147483647 rack: null)
2025-12-18 15:08:40.333 [main] INFO  o.a.k.c.c.i.ConsumerCoordinator - [Consumer clientId=consumer-test-consumer-group-1, groupId=test-consumer-group] JoinGroup failed: This is not the correct coordinator. Marking coordinator unknown. Sent generation was Generation{generationId=-1, memberId='', protocol='null'}
2025-12-18 15:08:40.333 [main] INFO  o.apache.kafka.clients.NetworkClient - [Consumer clientId=consumer-test-consumer-group-1, groupId=test-consumer-group] Client requested disconnect from node 2147483647
2025-12-18 15:08:40.335 [main] INFO  o.a.k.c.c.i.ConsumerCoordinator - [Consumer clientId=consumer-test-consumer-group-1, groupId=test-consumer-group] Discovered group coordinator 192.168.202.130:9092 (id: 2147483647 rack: null)
2025-12-18 15:08:40.335 [main] INFO  o.a.k.c.c.i.ConsumerCoordinator - [Consumer clientId=consumer-test-consumer-group-1, groupId=test-consumer-group] Group coordinator 192.168.202.130:9092 (id: 2147483647 rack: null) is unavailable or invalid due to cause: coordinator unavailable. isDisconnected: false. Rediscovery will be attempted.
2025-12-18 15:08:40.335 [main] INFO  o.a.k.c.c.i.ConsumerCoordinator - [Consumer clientId=consumer-test-consumer-group-1, groupId=test-consumer-group] Requesting disconnect from last known coordinator 192.168.202.130:9092 (id: 2147483647 rack: null)
2025-12-18 15:08:40.441 [main] INFO  o.a.k.c.c.i.ConsumerCoordinator - [Consumer clientId=consumer-test-consumer-group-1, groupId=test-consumer-group] Resetting generation and member id due to: consumer pro-actively leaving the group
2025-12-18 15:08:40.441 [main] INFO  o.a.k.c.c.i.ConsumerCoordinator - [Consumer clientId=consumer-test-consumer-group-1, groupId=test-consumer-group] Request joining group due to: consumer pro-actively leaving the group
2025-12-18 15:08:40.443 [main] INFO  o.a.kafka.common.metrics.Metrics - Metrics scheduler closed
2025-12-18 15:08:40.443 [main] INFO  o.a.kafka.common.metrics.Metrics - Closing reporter org.apache.kafka.common.metrics.JmxReporter
2025-12-18 15:08:40.443 [main] INFO  o.a.kafka.common.metrics.Metrics - Metrics reporters closed
2025-12-18 15:08:40.444 [main] INFO  o.a.kafka.common.utils.AppInfoParser - App info kafka.consumer for consumer-test-consumer-group-1 unregistered
2025-12-18 15:09:25.023 [main] INFO  o.a.k.c.producer.ProducerConfig - Idempotence will be disabled because acks is set to 1, not set to 'all'.
2025-12-18 15:09:25.025 [main] INFO  o.a.k.c.producer.ProducerConfig - ProducerConfig values: 
	acks = 1
	auto.include.jmx.reporter = true
	batch.size = 16384
	bootstrap.servers = [192.168.202.130:9092]
	buffer.memory = 33554432
	client.dns.lookup = use_all_dns_ips
	client.id = producer-1
	compression.type = none
	connections.max.idle.ms = 540000
	delivery.timeout.ms = 120000
	enable.idempotence = false
	interceptor.classes = []
	key.serializer = class org.apache.kafka.common.serialization.StringSerializer
	linger.ms = 0
	max.block.ms = 60000
	max.in.flight.requests.per.connection = 5
	max.request.size = 1048576
	metadata.max.age.ms = 300000
	metadata.max.idle.ms = 300000
	metric.reporters = []
	metrics.num.samples = 2
	metrics.recording.level = INFO
	metrics.sample.window.ms = 30000
	partitioner.adaptive.partitioning.enable = true
	partitioner.availability.timeout.ms = 0
	partitioner.class = null
	partitioner.ignore.keys = false
	receive.buffer.bytes = 32768
	reconnect.backoff.max.ms = 1000
	reconnect.backoff.ms = 50
	request.timeout.ms = 30000
	retries = 2147483647
	retry.backoff.ms = 100
	sasl.client.callback.handler.class = null
	sasl.jaas.config = null
	sasl.kerberos.kinit.cmd = /usr/bin/kinit
	sasl.kerberos.min.time.before.relogin = 60000
	sasl.kerberos.service.name = null
	sasl.kerberos.ticket.renew.jitter = 0.05
	sasl.kerberos.ticket.renew.window.factor = 0.8
	sasl.login.callback.handler.class = null
	sasl.login.class = null
	sasl.login.connect.timeout.ms = null
	sasl.login.read.timeout.ms = null
	sasl.login.refresh.buffer.seconds = 300
	sasl.login.refresh.min.period.seconds = 60
	sasl.login.refresh.window.factor = 0.8
	sasl.login.refresh.window.jitter = 0.05
	sasl.login.retry.backoff.max.ms = 10000
	sasl.login.retry.backoff.ms = 100
	sasl.mechanism = GSSAPI
	sasl.oauthbearer.clock.skew.seconds = 30
	sasl.oauthbearer.expected.audience = null
	sasl.oauthbearer.expected.issuer = null
	sasl.oauthbearer.jwks.endpoint.refresh.ms = 3600000
	sasl.oauthbearer.jwks.endpoint.retry.backoff.max.ms = 10000
	sasl.oauthbearer.jwks.endpoint.retry.backoff.ms = 100
	sasl.oauthbearer.jwks.endpoint.url = null
	sasl.oauthbearer.scope.claim.name = scope
	sasl.oauthbearer.sub.claim.name = sub
	sasl.oauthbearer.token.endpoint.url = null
	security.protocol = PLAINTEXT
	security.providers = null
	send.buffer.bytes = 131072
	socket.connection.setup.timeout.max.ms = 30000
	socket.connection.setup.timeout.ms = 10000
	ssl.cipher.suites = null
	ssl.enabled.protocols = [TLSv1.2, TLSv1.3]
	ssl.endpoint.identification.algorithm = https
	ssl.engine.factory.class = null
	ssl.key.password = null
	ssl.keymanager.algorithm = SunX509
	ssl.keystore.certificate.chain = null
	ssl.keystore.key = null
	ssl.keystore.location = null
	ssl.keystore.password = null
	ssl.keystore.type = JKS
	ssl.protocol = TLSv1.3
	ssl.provider = null
	ssl.secure.random.implementation = null
	ssl.trustmanager.algorithm = PKIX
	ssl.truststore.certificates = null
	ssl.truststore.location = null
	ssl.truststore.password = null
	ssl.truststore.type = JKS
	transaction.timeout.ms = 60000
	transactional.id = null
	value.serializer = class org.apache.kafka.common.serialization.StringSerializer

2025-12-18 15:09:25.702 [main] INFO  o.a.kafka.common.utils.AppInfoParser - Kafka version: 3.6.0
2025-12-18 15:09:25.703 [main] INFO  o.a.kafka.common.utils.AppInfoParser - Kafka commitId: 60e845626d8a465a
2025-12-18 15:09:25.703 [main] INFO  o.a.kafka.common.utils.AppInfoParser - Kafka startTimeMs: 1766041765698
2025-12-18 15:09:25.991 [kafka-producer-network-thread | producer-1] INFO  org.apache.kafka.clients.Metadata - [Producer clientId=producer-1] Cluster ID: ChL86p1WSzqV6IiyS4AsZA
2025-12-18 15:09:26.017 [main] INFO  o.a.k.clients.producer.KafkaProducer - [Producer clientId=producer-1] Closing the Kafka producer with timeoutMillis = 9223372036854775807 ms.
2025-12-18 15:09:26.021 [main] INFO  o.a.kafka.common.metrics.Metrics - Metrics scheduler closed
2025-12-18 15:09:26.021 [main] INFO  o.a.kafka.common.metrics.Metrics - Closing reporter org.apache.kafka.common.metrics.JmxReporter
2025-12-18 15:09:26.021 [main] INFO  o.a.kafka.common.metrics.Metrics - Metrics reporters closed
2025-12-18 15:09:26.022 [main] INFO  o.a.kafka.common.utils.AppInfoParser - App info kafka.producer for producer-1 unregistered
2025-12-18 15:09:27.044 [main] INFO  o.a.k.c.consumer.ConsumerConfig - ConsumerConfig values: 
	allow.auto.create.topics = true
	auto.commit.interval.ms = 5000
	auto.include.jmx.reporter = true
	auto.offset.reset = earliest
	bootstrap.servers = [192.168.202.130:9092]
	check.crcs = true
	client.dns.lookup = use_all_dns_ips
	client.id = consumer-test-consumer-group-1
	client.rack = 
	connections.max.idle.ms = 540000
	default.api.timeout.ms = 60000
	enable.auto.commit = true
	exclude.internal.topics = true
	fetch.max.bytes = 52428800
	fetch.max.wait.ms = 500
	fetch.min.bytes = 1
	group.id = test-consumer-group
	group.instance.id = null
	heartbeat.interval.ms = 3000
	interceptor.classes = []
	internal.leave.group.on.close = true
	internal.throw.on.fetch.stable.offset.unsupported = false
	isolation.level = read_uncommitted
	key.deserializer = class org.apache.kafka.common.serialization.StringDeserializer
	max.partition.fetch.bytes = 1048576
	max.poll.interval.ms = 300000
	max.poll.records = 500
	metadata.max.age.ms = 300000
	metric.reporters = []
	metrics.num.samples = 2
	metrics.recording.level = INFO
	metrics.sample.window.ms = 30000
	partition.assignment.strategy = [class org.apache.kafka.clients.consumer.RangeAssignor, class org.apache.kafka.clients.consumer.CooperativeStickyAssignor]
	receive.buffer.bytes = 65536
	reconnect.backoff.max.ms = 1000
	reconnect.backoff.ms = 50
	request.timeout.ms = 30000
	retry.backoff.ms = 100
	sasl.client.callback.handler.class = null
	sasl.jaas.config = null
	sasl.kerberos.kinit.cmd = /usr/bin/kinit
	sasl.kerberos.min.time.before.relogin = 60000
	sasl.kerberos.service.name = null
	sasl.kerberos.ticket.renew.jitter = 0.05
	sasl.kerberos.ticket.renew.window.factor = 0.8
	sasl.login.callback.handler.class = null
	sasl.login.class = null
	sasl.login.connect.timeout.ms = null
	sasl.login.read.timeout.ms = null
	sasl.login.refresh.buffer.seconds = 300
	sasl.login.refresh.min.period.seconds = 60
	sasl.login.refresh.window.factor = 0.8
	sasl.login.refresh.window.jitter = 0.05
	sasl.login.retry.backoff.max.ms = 10000
	sasl.login.retry.backoff.ms = 100
	sasl.mechanism = GSSAPI
	sasl.oauthbearer.clock.skew.seconds = 30
	sasl.oauthbearer.expected.audience = null
	sasl.oauthbearer.expected.issuer = null
	sasl.oauthbearer.jwks.endpoint.refresh.ms = 3600000
	sasl.oauthbearer.jwks.endpoint.retry.backoff.max.ms = 10000
	sasl.oauthbearer.jwks.endpoint.retry.backoff.ms = 100
	sasl.oauthbearer.jwks.endpoint.url = null
	sasl.oauthbearer.scope.claim.name = scope
	sasl.oauthbearer.sub.claim.name = sub
	sasl.oauthbearer.token.endpoint.url = null
	security.protocol = PLAINTEXT
	security.providers = null
	send.buffer.bytes = 131072
	session.timeout.ms = 45000
	socket.connection.setup.timeout.max.ms = 30000
	socket.connection.setup.timeout.ms = 10000
	ssl.cipher.suites = null
	ssl.enabled.protocols = [TLSv1.2, TLSv1.3]
	ssl.endpoint.identification.algorithm = https
	ssl.engine.factory.class = null
	ssl.key.password = null
	ssl.keymanager.algorithm = SunX509
	ssl.keystore.certificate.chain = null
	ssl.keystore.key = null
	ssl.keystore.location = null
	ssl.keystore.password = null
	ssl.keystore.type = JKS
	ssl.protocol = TLSv1.3
	ssl.provider = null
	ssl.secure.random.implementation = null
	ssl.trustmanager.algorithm = PKIX
	ssl.truststore.certificates = null
	ssl.truststore.location = null
	ssl.truststore.password = null
	ssl.truststore.type = JKS
	value.deserializer = class org.apache.kafka.common.serialization.StringDeserializer

2025-12-18 15:09:27.084 [main] INFO  o.a.kafka.common.utils.AppInfoParser - Kafka version: 3.6.0
2025-12-18 15:09:27.085 [main] INFO  o.a.kafka.common.utils.AppInfoParser - Kafka commitId: 60e845626d8a465a
2025-12-18 15:09:27.085 [main] INFO  o.a.kafka.common.utils.AppInfoParser - Kafka startTimeMs: 1766041767084
2025-12-18 15:09:27.092 [main] INFO  o.a.k.clients.consumer.KafkaConsumer - [Consumer clientId=consumer-test-consumer-group-1, groupId=test-consumer-group] Subscribed to topic(s): stock-realtime
2025-12-18 15:09:27.099 [main] INFO  org.apache.kafka.clients.Metadata - [Consumer clientId=consumer-test-consumer-group-1, groupId=test-consumer-group] Cluster ID: ChL86p1WSzqV6IiyS4AsZA
2025-12-18 15:09:27.100 [main] INFO  o.a.k.c.c.i.ConsumerCoordinator - [Consumer clientId=consumer-test-consumer-group-1, groupId=test-consumer-group] Discovered group coordinator 192.168.202.130:9092 (id: 2147483647 rack: null)
2025-12-18 15:09:27.104 [main] INFO  o.a.k.c.c.i.ConsumerCoordinator - [Consumer clientId=consumer-test-consumer-group-1, groupId=test-consumer-group] (Re-)joining group
2025-12-18 15:09:27.124 [main] INFO  o.a.k.c.c.i.ConsumerCoordinator - [Consumer clientId=consumer-test-consumer-group-1, groupId=test-consumer-group] Group coordinator 192.168.202.130:9092 (id: 2147483647 rack: null) is unavailable or invalid due to cause: error response NOT_COORDINATOR. isDisconnected: false. Rediscovery will be attempted.
2025-12-18 15:09:27.125 [main] INFO  o.a.k.c.c.i.ConsumerCoordinator - [Consumer clientId=consumer-test-consumer-group-1, groupId=test-consumer-group] Requesting disconnect from last known coordinator 192.168.202.130:9092 (id: 2147483647 rack: null)
2025-12-18 15:09:27.125 [main] INFO  o.a.k.c.c.i.ConsumerCoordinator - [Consumer clientId=consumer-test-consumer-group-1, groupId=test-consumer-group] JoinGroup failed: This is not the correct coordinator. Marking coordinator unknown. Sent generation was Generation{generationId=-1, memberId='', protocol='null'}
2025-12-18 15:09:27.125 [main] INFO  o.apache.kafka.clients.NetworkClient - [Consumer clientId=consumer-test-consumer-group-1, groupId=test-consumer-group] Client requested disconnect from node 2147483647
2025-12-18 15:09:27.130 [main] INFO  o.a.k.c.c.i.ConsumerCoordinator - [Consumer clientId=consumer-test-consumer-group-1, groupId=test-consumer-group] Discovered group coordinator 192.168.202.130:9092 (id: 2147483647 rack: null)
2025-12-18 15:09:27.130 [main] INFO  o.a.k.c.c.i.ConsumerCoordinator - [Consumer clientId=consumer-test-consumer-group-1, groupId=test-consumer-group] Group coordinator 192.168.202.130:9092 (id: 2147483647 rack: null) is unavailable or invalid due to cause: coordinator unavailable. isDisconnected: false. Rediscovery will be attempted.
2025-12-18 15:09:27.130 [main] INFO  o.a.k.c.c.i.ConsumerCoordinator - [Consumer clientId=consumer-test-consumer-group-1, groupId=test-consumer-group] Requesting disconnect from last known coordinator 192.168.202.130:9092 (id: 2147483647 rack: null)
2025-12-18 15:09:27.246 [main] INFO  o.a.k.c.c.i.ConsumerCoordinator - [Consumer clientId=consumer-test-consumer-group-1, groupId=test-consumer-group] Discovered group coordinator 192.168.202.130:9092 (id: 2147483647 rack: null)
2025-12-18 15:09:27.246 [main] INFO  o.a.k.c.c.i.ConsumerCoordinator - [Consumer clientId=consumer-test-consumer-group-1, groupId=test-consumer-group] Request joining group due to: rebalance failed due to 'This is not the correct coordinator.' (NotCoordinatorException)
2025-12-18 15:09:27.247 [main] INFO  o.a.k.c.c.i.ConsumerCoordinator - [Consumer clientId=consumer-test-consumer-group-1, groupId=test-consumer-group] (Re-)joining group
2025-12-18 15:09:27.248 [main] INFO  o.a.k.c.c.i.ConsumerCoordinator - [Consumer clientId=consumer-test-consumer-group-1, groupId=test-consumer-group] Group coordinator 192.168.202.130:9092 (id: 2147483647 rack: null) is unavailable or invalid due to cause: error response NOT_COORDINATOR. isDisconnected: false. Rediscovery will be attempted.
2025-12-18 15:09:27.249 [main] INFO  o.a.k.c.c.i.ConsumerCoordinator - [Consumer clientId=consumer-test-consumer-group-1, groupId=test-consumer-group] Requesting disconnect from last known coordinator 192.168.202.130:9092 (id: 2147483647 rack: null)
2025-12-18 15:09:27.249 [main] INFO  o.a.k.c.c.i.ConsumerCoordinator - [Consumer clientId=consumer-test-consumer-group-1, groupId=test-consumer-group] JoinGroup failed: This is not the correct coordinator. Marking coordinator unknown. Sent generation was Generation{generationId=-1, memberId='', protocol='null'}
2025-12-18 15:09:27.249 [main] INFO  o.apache.kafka.clients.NetworkClient - [Consumer clientId=consumer-test-consumer-group-1, groupId=test-consumer-group] Client requested disconnect from node 2147483647
2025-12-18 15:09:27.250 [main] INFO  o.a.k.c.c.i.ConsumerCoordinator - [Consumer clientId=consumer-test-consumer-group-1, groupId=test-consumer-group] Discovered group coordinator 192.168.202.130:9092 (id: 2147483647 rack: null)
2025-12-18 15:09:27.250 [main] INFO  o.a.k.c.c.i.ConsumerCoordinator - [Consumer clientId=consumer-test-consumer-group-1, groupId=test-consumer-group] Group coordinator 192.168.202.130:9092 (id: 2147483647 rack: null) is unavailable or invalid due to cause: coordinator unavailable. isDisconnected: false. Rediscovery will be attempted.
2025-12-18 15:09:27.251 [main] INFO  o.a.k.c.c.i.ConsumerCoordinator - [Consumer clientId=consumer-test-consumer-group-1, groupId=test-consumer-group] Requesting disconnect from last known coordinator 192.168.202.130:9092 (id: 2147483647 rack: null)
2025-12-18 15:09:27.354 [main] INFO  o.a.k.c.c.i.ConsumerCoordinator - [Consumer clientId=consumer-test-consumer-group-1, groupId=test-consumer-group] Discovered group coordinator 192.168.202.130:9092 (id: 2147483647 rack: null)
2025-12-18 15:09:27.354 [main] INFO  o.a.k.c.c.i.ConsumerCoordinator - [Consumer clientId=consumer-test-consumer-group-1, groupId=test-consumer-group] Request joining group due to: rebalance failed due to 'This is not the correct coordinator.' (NotCoordinatorException)
2025-12-18 15:09:27.355 [main] INFO  o.a.k.c.c.i.ConsumerCoordinator - [Consumer clientId=consumer-test-consumer-group-1, groupId=test-consumer-group] (Re-)joining group
2025-12-18 15:09:27.357 [main] INFO  o.a.k.c.c.i.ConsumerCoordinator - [Consumer clientId=consumer-test-consumer-group-1, groupId=test-consumer-group] Group coordinator 192.168.202.130:9092 (id: 2147483647 rack: null) is unavailable or invalid due to cause: error response NOT_COORDINATOR. isDisconnected: false. Rediscovery will be attempted.
2025-12-18 15:09:27.357 [main] INFO  o.a.k.c.c.i.ConsumerCoordinator - [Consumer clientId=consumer-test-consumer-group-1, groupId=test-consumer-group] Requesting disconnect from last known coordinator 192.168.202.130:9092 (id: 2147483647 rack: null)
2025-12-18 15:09:27.358 [main] INFO  o.a.k.c.c.i.ConsumerCoordinator - [Consumer clientId=consumer-test-consumer-group-1, groupId=test-consumer-group] JoinGroup failed: This is not the correct coordinator. Marking coordinator unknown. Sent generation was Generation{generationId=-1, memberId='', protocol='null'}
2025-12-18 15:09:27.358 [main] INFO  o.apache.kafka.clients.NetworkClient - [Consumer clientId=consumer-test-consumer-group-1, groupId=test-consumer-group] Client requested disconnect from node 2147483647
2025-12-18 15:09:27.359 [main] INFO  o.a.k.c.c.i.ConsumerCoordinator - [Consumer clientId=consumer-test-consumer-group-1, groupId=test-consumer-group] Discovered group coordinator 192.168.202.130:9092 (id: 2147483647 rack: null)
2025-12-18 15:09:27.359 [main] INFO  o.a.k.c.c.i.ConsumerCoordinator - [Consumer clientId=consumer-test-consumer-group-1, groupId=test-consumer-group] Group coordinator 192.168.202.130:9092 (id: 2147483647 rack: null) is unavailable or invalid due to cause: coordinator unavailable. isDisconnected: false. Rediscovery will be attempted.
2025-12-18 15:09:27.359 [main] INFO  o.a.k.c.c.i.ConsumerCoordinator - [Consumer clientId=consumer-test-consumer-group-1, groupId=test-consumer-group] Requesting disconnect from last known coordinator 192.168.202.130:9092 (id: 2147483647 rack: null)
2025-12-18 15:09:27.464 [main] INFO  o.a.k.c.c.i.ConsumerCoordinator - [Consumer clientId=consumer-test-consumer-group-1, groupId=test-consumer-group] Discovered group coordinator 192.168.202.130:9092 (id: 2147483647 rack: null)
2025-12-18 15:09:27.465 [main] INFO  o.a.k.c.c.i.ConsumerCoordinator - [Consumer clientId=consumer-test-consumer-group-1, groupId=test-consumer-group] Request joining group due to: rebalance failed due to 'This is not the correct coordinator.' (NotCoordinatorException)
2025-12-18 15:09:27.465 [main] INFO  o.a.k.c.c.i.ConsumerCoordinator - [Consumer clientId=consumer-test-consumer-group-1, groupId=test-consumer-group] (Re-)joining group
2025-12-18 15:09:27.468 [main] INFO  o.a.k.c.c.i.ConsumerCoordinator - [Consumer clientId=consumer-test-consumer-group-1, groupId=test-consumer-group] Group coordinator 192.168.202.130:9092 (id: 2147483647 rack: null) is unavailable or invalid due to cause: error response NOT_COORDINATOR. isDisconnected: false. Rediscovery will be attempted.
2025-12-18 15:09:27.469 [main] INFO  o.a.k.c.c.i.ConsumerCoordinator - [Consumer clientId=consumer-test-consumer-group-1, groupId=test-consumer-group] Requesting disconnect from last known coordinator 192.168.202.130:9092 (id: 2147483647 rack: null)
2025-12-18 15:09:27.469 [main] INFO  o.a.k.c.c.i.ConsumerCoordinator - [Consumer clientId=consumer-test-consumer-group-1, groupId=test-consumer-group] JoinGroup failed: This is not the correct coordinator. Marking coordinator unknown. Sent generation was Generation{generationId=-1, memberId='', protocol='null'}
2025-12-18 15:09:27.469 [main] INFO  o.apache.kafka.clients.NetworkClient - [Consumer clientId=consumer-test-consumer-group-1, groupId=test-consumer-group] Client requested disconnect from node 2147483647
2025-12-18 15:09:27.470 [main] INFO  o.a.k.c.c.i.ConsumerCoordinator - [Consumer clientId=consumer-test-consumer-group-1, groupId=test-consumer-group] Discovered group coordinator 192.168.202.130:9092 (id: 2147483647 rack: null)
2025-12-18 15:09:27.471 [main] INFO  o.a.k.c.c.i.ConsumerCoordinator - [Consumer clientId=consumer-test-consumer-group-1, groupId=test-consumer-group] Group coordinator 192.168.202.130:9092 (id: 2147483647 rack: null) is unavailable or invalid due to cause: coordinator unavailable. isDisconnected: false. Rediscovery will be attempted.
2025-12-18 15:09:27.471 [main] INFO  o.a.k.c.c.i.ConsumerCoordinator - [Consumer clientId=consumer-test-consumer-group-1, groupId=test-consumer-group] Requesting disconnect from last known coordinator 192.168.202.130:9092 (id: 2147483647 rack: null)
2025-12-18 15:09:27.588 [main] INFO  o.a.k.c.c.i.ConsumerCoordinator - [Consumer clientId=consumer-test-consumer-group-1, groupId=test-consumer-group] Discovered group coordinator 192.168.202.130:9092 (id: 2147483647 rack: null)
2025-12-18 15:09:27.588 [main] INFO  o.a.k.c.c.i.ConsumerCoordinator - [Consumer clientId=consumer-test-consumer-group-1, groupId=test-consumer-group] Request joining group due to: rebalance failed due to 'This is not the correct coordinator.' (NotCoordinatorException)
2025-12-18 15:09:27.589 [main] INFO  o.a.k.c.c.i.ConsumerCoordinator - [Consumer clientId=consumer-test-consumer-group-1, groupId=test-consumer-group] (Re-)joining group
2025-12-18 15:09:27.591 [main] INFO  o.a.k.c.c.i.ConsumerCoordinator - [Consumer clientId=consumer-test-consumer-group-1, groupId=test-consumer-group] Group coordinator 192.168.202.130:9092 (id: 2147483647 rack: null) is unavailable or invalid due to cause: error response NOT_COORDINATOR. isDisconnected: false. Rediscovery will be attempted.
2025-12-18 15:09:27.591 [main] INFO  o.a.k.c.c.i.ConsumerCoordinator - [Consumer clientId=consumer-test-consumer-group-1, groupId=test-consumer-group] Requesting disconnect from last known coordinator 192.168.202.130:9092 (id: 2147483647 rack: null)
2025-12-18 15:09:27.591 [main] INFO  o.a.k.c.c.i.ConsumerCoordinator - [Consumer clientId=consumer-test-consumer-group-1, groupId=test-consumer-group] JoinGroup failed: This is not the correct coordinator. Marking coordinator unknown. Sent generation was Generation{generationId=-1, memberId='', protocol='null'}
2025-12-18 15:09:27.591 [main] INFO  o.apache.kafka.clients.NetworkClient - [Consumer clientId=consumer-test-consumer-group-1, groupId=test-consumer-group] Client requested disconnect from node 2147483647
2025-12-18 15:09:27.593 [main] INFO  o.a.k.c.c.i.ConsumerCoordinator - [Consumer clientId=consumer-test-consumer-group-1, groupId=test-consumer-group] Discovered group coordinator 192.168.202.130:9092 (id: 2147483647 rack: null)
2025-12-18 15:09:27.593 [main] INFO  o.a.k.c.c.i.ConsumerCoordinator - [Consumer clientId=consumer-test-consumer-group-1, groupId=test-consumer-group] Group coordinator 192.168.202.130:9092 (id: 2147483647 rack: null) is unavailable or invalid due to cause: coordinator unavailable. isDisconnected: false. Rediscovery will be attempted.
2025-12-18 15:09:27.593 [main] INFO  o.a.k.c.c.i.ConsumerCoordinator - [Consumer clientId=consumer-test-consumer-group-1, groupId=test-consumer-group] Requesting disconnect from last known coordinator 192.168.202.130:9092 (id: 2147483647 rack: null)
2025-12-18 15:09:27.698 [main] INFO  o.a.k.c.c.i.ConsumerCoordinator - [Consumer clientId=consumer-test-consumer-group-1, groupId=test-consumer-group] Discovered group coordinator 192.168.202.130:9092 (id: 2147483647 rack: null)
2025-12-18 15:09:27.699 [main] INFO  o.a.k.c.c.i.ConsumerCoordinator - [Consumer clientId=consumer-test-consumer-group-1, groupId=test-consumer-group] Request joining group due to: rebalance failed due to 'This is not the correct coordinator.' (NotCoordinatorException)
2025-12-18 15:09:27.700 [main] INFO  o.a.k.c.c.i.ConsumerCoordinator - [Consumer clientId=consumer-test-consumer-group-1, groupId=test-consumer-group] (Re-)joining group
2025-12-18 15:09:27.702 [main] INFO  o.a.k.c.c.i.ConsumerCoordinator - [Consumer clientId=consumer-test-consumer-group-1, groupId=test-consumer-group] Group coordinator 192.168.202.130:9092 (id: 2147483647 rack: null) is unavailable or invalid due to cause: error response NOT_COORDINATOR. isDisconnected: false. Rediscovery will be attempted.
2025-12-18 15:09:27.702 [main] INFO  o.a.k.c.c.i.ConsumerCoordinator - [Consumer clientId=consumer-test-consumer-group-1, groupId=test-consumer-group] Requesting disconnect from last known coordinator 192.168.202.130:9092 (id: 2147483647 rack: null)
2025-12-18 15:09:27.703 [main] INFO  o.a.k.c.c.i.ConsumerCoordinator - [Consumer clientId=consumer-test-consumer-group-1, groupId=test-consumer-group] JoinGroup failed: This is not the correct coordinator. Marking coordinator unknown. Sent generation was Generation{generationId=-1, memberId='', protocol='null'}
2025-12-18 15:09:27.703 [main] INFO  o.apache.kafka.clients.NetworkClient - [Consumer clientId=consumer-test-consumer-group-1, groupId=test-consumer-group] Client requested disconnect from node 2147483647
2025-12-18 15:09:27.704 [main] INFO  o.a.k.c.c.i.ConsumerCoordinator - [Consumer clientId=consumer-test-consumer-group-1, groupId=test-consumer-group] Discovered group coordinator 192.168.202.130:9092 (id: 2147483647 rack: null)
2025-12-18 15:09:27.704 [main] INFO  o.a.k.c.c.i.ConsumerCoordinator - [Consumer clientId=consumer-test-consumer-group-1, groupId=test-consumer-group] Group coordinator 192.168.202.130:9092 (id: 2147483647 rack: null) is unavailable or invalid due to cause: coordinator unavailable. isDisconnected: false. Rediscovery will be attempted.
2025-12-18 15:09:27.704 [main] INFO  o.a.k.c.c.i.ConsumerCoordinator - [Consumer clientId=consumer-test-consumer-group-1, groupId=test-consumer-group] Requesting disconnect from last known coordinator 192.168.202.130:9092 (id: 2147483647 rack: null)
2025-12-18 15:09:27.806 [main] INFO  o.a.k.c.c.i.ConsumerCoordinator - [Consumer clientId=consumer-test-consumer-group-1, groupId=test-consumer-group] Discovered group coordinator 192.168.202.130:9092 (id: 2147483647 rack: null)
2025-12-18 15:09:27.807 [main] INFO  o.a.k.c.c.i.ConsumerCoordinator - [Consumer clientId=consumer-test-consumer-group-1, groupId=test-consumer-group] Request joining group due to: rebalance failed due to 'This is not the correct coordinator.' (NotCoordinatorException)
2025-12-18 15:09:27.807 [main] INFO  o.a.k.c.c.i.ConsumerCoordinator - [Consumer clientId=consumer-test-consumer-group-1, groupId=test-consumer-group] (Re-)joining group
2025-12-18 15:09:27.810 [main] INFO  o.a.k.c.c.i.ConsumerCoordinator - [Consumer clientId=consumer-test-consumer-group-1, groupId=test-consumer-group] Group coordinator 192.168.202.130:9092 (id: 2147483647 rack: null) is unavailable or invalid due to cause: error response NOT_COORDINATOR. isDisconnected: false. Rediscovery will be attempted.
2025-12-18 15:09:27.810 [main] INFO  o.a.k.c.c.i.ConsumerCoordinator - [Consumer clientId=consumer-test-consumer-group-1, groupId=test-consumer-group] Requesting disconnect from last known coordinator 192.168.202.130:9092 (id: 2147483647 rack: null)
2025-12-18 15:09:27.810 [main] INFO  o.a.k.c.c.i.ConsumerCoordinator - [Consumer clientId=consumer-test-consumer-group-1, groupId=test-consumer-group] JoinGroup failed: This is not the correct coordinator. Marking coordinator unknown. Sent generation was Generation{generationId=-1, memberId='', protocol='null'}
2025-12-18 15:09:27.810 [main] INFO  o.apache.kafka.clients.NetworkClient - [Consumer clientId=consumer-test-consumer-group-1, groupId=test-consumer-group] Client requested disconnect from node 2147483647
2025-12-18 15:09:27.811 [main] INFO  o.a.k.c.c.i.ConsumerCoordinator - [Consumer clientId=consumer-test-consumer-group-1, groupId=test-consumer-group] Discovered group coordinator 192.168.202.130:9092 (id: 2147483647 rack: null)
2025-12-18 15:09:27.812 [main] INFO  o.a.k.c.c.i.ConsumerCoordinator - [Consumer clientId=consumer-test-consumer-group-1, groupId=test-consumer-group] Group coordinator 192.168.202.130:9092 (id: 2147483647 rack: null) is unavailable or invalid due to cause: coordinator unavailable. isDisconnected: false. Rediscovery will be attempted.
2025-12-18 15:09:27.812 [main] INFO  o.a.k.c.c.i.ConsumerCoordinator - [Consumer clientId=consumer-test-consumer-group-1, groupId=test-consumer-group] Requesting disconnect from last known coordinator 192.168.202.130:9092 (id: 2147483647 rack: null)
2025-12-18 15:09:27.915 [main] INFO  o.a.k.c.c.i.ConsumerCoordinator - [Consumer clientId=consumer-test-consumer-group-1, groupId=test-consumer-group] Discovered group coordinator 192.168.202.130:9092 (id: 2147483647 rack: null)
2025-12-18 15:09:27.915 [main] INFO  o.a.k.c.c.i.ConsumerCoordinator - [Consumer clientId=consumer-test-consumer-group-1, groupId=test-consumer-group] Request joining group due to: rebalance failed due to 'This is not the correct coordinator.' (NotCoordinatorException)
2025-12-18 15:09:27.916 [main] INFO  o.a.k.c.c.i.ConsumerCoordinator - [Consumer clientId=consumer-test-consumer-group-1, groupId=test-consumer-group] (Re-)joining group
2025-12-18 15:09:27.918 [main] INFO  o.a.k.c.c.i.ConsumerCoordinator - [Consumer clientId=consumer-test-consumer-group-1, groupId=test-consumer-group] Group coordinator 192.168.202.130:9092 (id: 2147483647 rack: null) is unavailable or invalid due to cause: error response NOT_COORDINATOR. isDisconnected: false. Rediscovery will be attempted.
2025-12-18 15:09:27.918 [main] INFO  o.a.k.c.c.i.ConsumerCoordinator - [Consumer clientId=consumer-test-consumer-group-1, groupId=test-consumer-group] Requesting disconnect from last known coordinator 192.168.202.130:9092 (id: 2147483647 rack: null)
2025-12-18 15:09:27.918 [main] INFO  o.a.k.c.c.i.ConsumerCoordinator - [Consumer clientId=consumer-test-consumer-group-1, groupId=test-consumer-group] JoinGroup failed: This is not the correct coordinator. Marking coordinator unknown. Sent generation was Generation{generationId=-1, memberId='', protocol='null'}
2025-12-18 15:09:27.918 [main] INFO  o.apache.kafka.clients.NetworkClient - [Consumer clientId=consumer-test-consumer-group-1, groupId=test-consumer-group] Client requested disconnect from node 2147483647
2025-12-18 15:09:27.920 [main] INFO  o.a.k.c.c.i.ConsumerCoordinator - [Consumer clientId=consumer-test-consumer-group-1, groupId=test-consumer-group] Discovered group coordinator 192.168.202.130:9092 (id: 2147483647 rack: null)
2025-12-18 15:09:27.920 [main] INFO  o.a.k.c.c.i.ConsumerCoordinator - [Consumer clientId=consumer-test-consumer-group-1, groupId=test-consumer-group] Group coordinator 192.168.202.130:9092 (id: 2147483647 rack: null) is unavailable or invalid due to cause: coordinator unavailable. isDisconnected: false. Rediscovery will be attempted.
2025-12-18 15:09:27.920 [main] INFO  o.a.k.c.c.i.ConsumerCoordinator - [Consumer clientId=consumer-test-consumer-group-1, groupId=test-consumer-group] Requesting disconnect from last known coordinator 192.168.202.130:9092 (id: 2147483647 rack: null)
2025-12-18 15:09:28.025 [main] INFO  o.a.k.c.c.i.ConsumerCoordinator - [Consumer clientId=consumer-test-consumer-group-1, groupId=test-consumer-group] Discovered group coordinator 192.168.202.130:9092 (id: 2147483647 rack: null)
2025-12-18 15:09:28.025 [main] INFO  o.a.k.c.c.i.ConsumerCoordinator - [Consumer clientId=consumer-test-consumer-group-1, groupId=test-consumer-group] Request joining group due to: rebalance failed due to 'This is not the correct coordinator.' (NotCoordinatorException)
2025-12-18 15:09:28.026 [main] INFO  o.a.k.c.c.i.ConsumerCoordinator - [Consumer clientId=consumer-test-consumer-group-1, groupId=test-consumer-group] (Re-)joining group
2025-12-18 15:09:28.029 [main] INFO  o.a.k.c.c.i.ConsumerCoordinator - [Consumer clientId=consumer-test-consumer-group-1, groupId=test-consumer-group] Group coordinator 192.168.202.130:9092 (id: 2147483647 rack: null) is unavailable or invalid due to cause: error response NOT_COORDINATOR. isDisconnected: false. Rediscovery will be attempted.
2025-12-18 15:09:28.029 [main] INFO  o.a.k.c.c.i.ConsumerCoordinator - [Consumer clientId=consumer-test-consumer-group-1, groupId=test-consumer-group] Requesting disconnect from last known coordinator 192.168.202.130:9092 (id: 2147483647 rack: null)
2025-12-18 15:09:28.029 [main] INFO  o.a.k.c.c.i.ConsumerCoordinator - [Consumer clientId=consumer-test-consumer-group-1, groupId=test-consumer-group] JoinGroup failed: This is not the correct coordinator. Marking coordinator unknown. Sent generation was Generation{generationId=-1, memberId='', protocol='null'}
2025-12-18 15:09:28.029 [main] INFO  o.apache.kafka.clients.NetworkClient - [Consumer clientId=consumer-test-consumer-group-1, groupId=test-consumer-group] Client requested disconnect from node 2147483647
2025-12-18 15:09:28.031 [main] INFO  o.a.k.c.c.i.ConsumerCoordinator - [Consumer clientId=consumer-test-consumer-group-1, groupId=test-consumer-group] Discovered group coordinator 192.168.202.130:9092 (id: 2147483647 rack: null)
2025-12-18 15:09:28.031 [main] INFO  o.a.k.c.c.i.ConsumerCoordinator - [Consumer clientId=consumer-test-consumer-group-1, groupId=test-consumer-group] Group coordinator 192.168.202.130:9092 (id: 2147483647 rack: null) is unavailable or invalid due to cause: coordinator unavailable. isDisconnected: false. Rediscovery will be attempted.
2025-12-18 15:09:28.031 [main] INFO  o.a.k.c.c.i.ConsumerCoordinator - [Consumer clientId=consumer-test-consumer-group-1, groupId=test-consumer-group] Requesting disconnect from last known coordinator 192.168.202.130:9092 (id: 2147483647 rack: null)
2025-12-18 15:09:28.133 [main] INFO  o.a.k.c.c.i.ConsumerCoordinator - [Consumer clientId=consumer-test-consumer-group-1, groupId=test-consumer-group] Discovered group coordinator 192.168.202.130:9092 (id: 2147483647 rack: null)
2025-12-18 15:09:28.134 [main] INFO  o.a.k.c.c.i.ConsumerCoordinator - [Consumer clientId=consumer-test-consumer-group-1, groupId=test-consumer-group] Request joining group due to: rebalance failed due to 'This is not the correct coordinator.' (NotCoordinatorException)
2025-12-18 15:09:28.134 [main] INFO  o.a.k.c.c.i.ConsumerCoordinator - [Consumer clientId=consumer-test-consumer-group-1, groupId=test-consumer-group] (Re-)joining group
2025-12-18 15:09:28.139 [main] INFO  o.a.k.c.c.i.ConsumerCoordinator - [Consumer clientId=consumer-test-consumer-group-1, groupId=test-consumer-group] Group coordinator 192.168.202.130:9092 (id: 2147483647 rack: null) is unavailable or invalid due to cause: error response NOT_COORDINATOR. isDisconnected: false. Rediscovery will be attempted.
2025-12-18 15:09:28.139 [main] INFO  o.a.k.c.c.i.ConsumerCoordinator - [Consumer clientId=consumer-test-consumer-group-1, groupId=test-consumer-group] Requesting disconnect from last known coordinator 192.168.202.130:9092 (id: 2147483647 rack: null)
2025-12-18 15:09:28.139 [main] INFO  o.a.k.c.c.i.ConsumerCoordinator - [Consumer clientId=consumer-test-consumer-group-1, groupId=test-consumer-group] JoinGroup failed: This is not the correct coordinator. Marking coordinator unknown. Sent generation was Generation{generationId=-1, memberId='', protocol='null'}
2025-12-18 15:09:28.139 [main] INFO  o.apache.kafka.clients.NetworkClient - [Consumer clientId=consumer-test-consumer-group-1, groupId=test-consumer-group] Client requested disconnect from node 2147483647
2025-12-18 15:09:28.141 [main] INFO  o.a.k.c.c.i.ConsumerCoordinator - [Consumer clientId=consumer-test-consumer-group-1, groupId=test-consumer-group] Discovered group coordinator 192.168.202.130:9092 (id: 2147483647 rack: null)
2025-12-18 15:09:28.142 [main] INFO  o.a.k.c.c.i.ConsumerCoordinator - [Consumer clientId=consumer-test-consumer-group-1, groupId=test-consumer-group] Group coordinator 192.168.202.130:9092 (id: 2147483647 rack: null) is unavailable or invalid due to cause: coordinator unavailable. isDisconnected: false. Rediscovery will be attempted.
2025-12-18 15:09:28.142 [main] INFO  o.a.k.c.c.i.ConsumerCoordinator - [Consumer clientId=consumer-test-consumer-group-1, groupId=test-consumer-group] Requesting disconnect from last known coordinator 192.168.202.130:9092 (id: 2147483647 rack: null)
2025-12-18 15:09:28.258 [main] INFO  o.a.k.c.c.i.ConsumerCoordinator - [Consumer clientId=consumer-test-consumer-group-1, groupId=test-consumer-group] Discovered group coordinator 192.168.202.130:9092 (id: 2147483647 rack: null)
2025-12-18 15:09:28.259 [main] INFO  o.a.k.c.c.i.ConsumerCoordinator - [Consumer clientId=consumer-test-consumer-group-1, groupId=test-consumer-group] Request joining group due to: rebalance failed due to 'This is not the correct coordinator.' (NotCoordinatorException)
2025-12-18 15:09:28.259 [main] INFO  o.a.k.c.c.i.ConsumerCoordinator - [Consumer clientId=consumer-test-consumer-group-1, groupId=test-consumer-group] (Re-)joining group
2025-12-18 15:09:28.261 [main] INFO  o.a.k.c.c.i.ConsumerCoordinator - [Consumer clientId=consumer-test-consumer-group-1, groupId=test-consumer-group] Group coordinator 192.168.202.130:9092 (id: 2147483647 rack: null) is unavailable or invalid due to cause: error response NOT_COORDINATOR. isDisconnected: false. Rediscovery will be attempted.
2025-12-18 15:09:28.261 [main] INFO  o.a.k.c.c.i.ConsumerCoordinator - [Consumer clientId=consumer-test-consumer-group-1, groupId=test-consumer-group] Requesting disconnect from last known coordinator 192.168.202.130:9092 (id: 2147483647 rack: null)
2025-12-18 15:09:28.261 [main] INFO  o.a.k.c.c.i.ConsumerCoordinator - [Consumer clientId=consumer-test-consumer-group-1, groupId=test-consumer-group] JoinGroup failed: This is not the correct coordinator. Marking coordinator unknown. Sent generation was Generation{generationId=-1, memberId='', protocol='null'}
2025-12-18 15:09:28.262 [main] INFO  o.apache.kafka.clients.NetworkClient - [Consumer clientId=consumer-test-consumer-group-1, groupId=test-consumer-group] Client requested disconnect from node 2147483647
2025-12-18 15:09:28.264 [main] INFO  o.a.k.c.c.i.ConsumerCoordinator - [Consumer clientId=consumer-test-consumer-group-1, groupId=test-consumer-group] Discovered group coordinator 192.168.202.130:9092 (id: 2147483647 rack: null)
2025-12-18 15:09:28.264 [main] INFO  o.a.k.c.c.i.ConsumerCoordinator - [Consumer clientId=consumer-test-consumer-group-1, groupId=test-consumer-group] Group coordinator 192.168.202.130:9092 (id: 2147483647 rack: null) is unavailable or invalid due to cause: coordinator unavailable. isDisconnected: false. Rediscovery will be attempted.
2025-12-18 15:09:28.264 [main] INFO  o.a.k.c.c.i.ConsumerCoordinator - [Consumer clientId=consumer-test-consumer-group-1, groupId=test-consumer-group] Requesting disconnect from last known coordinator 192.168.202.130:9092 (id: 2147483647 rack: null)
2025-12-18 15:09:28.380 [main] INFO  o.a.k.c.c.i.ConsumerCoordinator - [Consumer clientId=consumer-test-consumer-group-1, groupId=test-consumer-group] Discovered group coordinator 192.168.202.130:9092 (id: 2147483647 rack: null)
2025-12-18 15:09:28.381 [main] INFO  o.a.k.c.c.i.ConsumerCoordinator - [Consumer clientId=consumer-test-consumer-group-1, groupId=test-consumer-group] Request joining group due to: rebalance failed due to 'This is not the correct coordinator.' (NotCoordinatorException)
2025-12-18 15:09:28.383 [main] INFO  o.a.k.c.c.i.ConsumerCoordinator - [Consumer clientId=consumer-test-consumer-group-1, groupId=test-consumer-group] (Re-)joining group
2025-12-18 15:09:28.386 [main] INFO  o.a.k.c.c.i.ConsumerCoordinator - [Consumer clientId=consumer-test-consumer-group-1, groupId=test-consumer-group] Group coordinator 192.168.202.130:9092 (id: 2147483647 rack: null) is unavailable or invalid due to cause: error response NOT_COORDINATOR. isDisconnected: false. Rediscovery will be attempted.
2025-12-18 15:09:28.387 [main] INFO  o.a.k.c.c.i.ConsumerCoordinator - [Consumer clientId=consumer-test-consumer-group-1, groupId=test-consumer-group] Requesting disconnect from last known coordinator 192.168.202.130:9092 (id: 2147483647 rack: null)
2025-12-18 15:09:28.387 [main] INFO  o.a.k.c.c.i.ConsumerCoordinator - [Consumer clientId=consumer-test-consumer-group-1, groupId=test-consumer-group] JoinGroup failed: This is not the correct coordinator. Marking coordinator unknown. Sent generation was Generation{generationId=-1, memberId='', protocol='null'}
2025-12-18 15:09:28.387 [main] INFO  o.apache.kafka.clients.NetworkClient - [Consumer clientId=consumer-test-consumer-group-1, groupId=test-consumer-group] Client requested disconnect from node 2147483647
2025-12-18 15:09:28.388 [main] INFO  o.a.k.c.c.i.ConsumerCoordinator - [Consumer clientId=consumer-test-consumer-group-1, groupId=test-consumer-group] Discovered group coordinator 192.168.202.130:9092 (id: 2147483647 rack: null)
2025-12-18 15:09:28.389 [main] INFO  o.a.k.c.c.i.ConsumerCoordinator - [Consumer clientId=consumer-test-consumer-group-1, groupId=test-consumer-group] Group coordinator 192.168.202.130:9092 (id: 2147483647 rack: null) is unavailable or invalid due to cause: coordinator unavailable. isDisconnected: false. Rediscovery will be attempted.
2025-12-18 15:09:28.389 [main] INFO  o.a.k.c.c.i.ConsumerCoordinator - [Consumer clientId=consumer-test-consumer-group-1, groupId=test-consumer-group] Requesting disconnect from last known coordinator 192.168.202.130:9092 (id: 2147483647 rack: null)
2025-12-18 15:09:28.506 [main] INFO  o.a.k.c.c.i.ConsumerCoordinator - [Consumer clientId=consumer-test-consumer-group-1, groupId=test-consumer-group] Discovered group coordinator 192.168.202.130:9092 (id: 2147483647 rack: null)
2025-12-18 15:09:28.507 [main] INFO  o.a.k.c.c.i.ConsumerCoordinator - [Consumer clientId=consumer-test-consumer-group-1, groupId=test-consumer-group] Request joining group due to: rebalance failed due to 'This is not the correct coordinator.' (NotCoordinatorException)
2025-12-18 15:09:28.508 [main] INFO  o.a.k.c.c.i.ConsumerCoordinator - [Consumer clientId=consumer-test-consumer-group-1, groupId=test-consumer-group] (Re-)joining group
2025-12-18 15:09:28.512 [main] INFO  o.a.k.c.c.i.ConsumerCoordinator - [Consumer clientId=consumer-test-consumer-group-1, groupId=test-consumer-group] Group coordinator 192.168.202.130:9092 (id: 2147483647 rack: null) is unavailable or invalid due to cause: error response NOT_COORDINATOR. isDisconnected: false. Rediscovery will be attempted.
2025-12-18 15:09:28.512 [main] INFO  o.a.k.c.c.i.ConsumerCoordinator - [Consumer clientId=consumer-test-consumer-group-1, groupId=test-consumer-group] Requesting disconnect from last known coordinator 192.168.202.130:9092 (id: 2147483647 rack: null)
2025-12-18 15:09:28.512 [main] INFO  o.a.k.c.c.i.ConsumerCoordinator - [Consumer clientId=consumer-test-consumer-group-1, groupId=test-consumer-group] JoinGroup failed: This is not the correct coordinator. Marking coordinator unknown. Sent generation was Generation{generationId=-1, memberId='', protocol='null'}
2025-12-18 15:09:28.512 [main] INFO  o.apache.kafka.clients.NetworkClient - [Consumer clientId=consumer-test-consumer-group-1, groupId=test-consumer-group] Client requested disconnect from node 2147483647
2025-12-18 15:09:28.514 [main] INFO  o.a.k.c.c.i.ConsumerCoordinator - [Consumer clientId=consumer-test-consumer-group-1, groupId=test-consumer-group] Discovered group coordinator 192.168.202.130:9092 (id: 2147483647 rack: null)
2025-12-18 15:09:28.515 [main] INFO  o.a.k.c.c.i.ConsumerCoordinator - [Consumer clientId=consumer-test-consumer-group-1, groupId=test-consumer-group] Group coordinator 192.168.202.130:9092 (id: 2147483647 rack: null) is unavailable or invalid due to cause: coordinator unavailable. isDisconnected: false. Rediscovery will be attempted.
2025-12-18 15:09:28.515 [main] INFO  o.a.k.c.c.i.ConsumerCoordinator - [Consumer clientId=consumer-test-consumer-group-1, groupId=test-consumer-group] Requesting disconnect from last known coordinator 192.168.202.130:9092 (id: 2147483647 rack: null)
2025-12-18 15:09:28.633 [main] INFO  o.a.k.c.c.i.ConsumerCoordinator - [Consumer clientId=consumer-test-consumer-group-1, groupId=test-consumer-group] Discovered group coordinator 192.168.202.130:9092 (id: 2147483647 rack: null)
2025-12-18 15:09:28.634 [main] INFO  o.a.k.c.c.i.ConsumerCoordinator - [Consumer clientId=consumer-test-consumer-group-1, groupId=test-consumer-group] Request joining group due to: rebalance failed due to 'This is not the correct coordinator.' (NotCoordinatorException)
2025-12-18 15:09:28.634 [main] INFO  o.a.k.c.c.i.ConsumerCoordinator - [Consumer clientId=consumer-test-consumer-group-1, groupId=test-consumer-group] (Re-)joining group
2025-12-18 15:09:28.638 [main] INFO  o.a.k.c.c.i.ConsumerCoordinator - [Consumer clientId=consumer-test-consumer-group-1, groupId=test-consumer-group] Group coordinator 192.168.202.130:9092 (id: 2147483647 rack: null) is unavailable or invalid due to cause: error response NOT_COORDINATOR. isDisconnected: false. Rediscovery will be attempted.
2025-12-18 15:09:28.638 [main] INFO  o.a.k.c.c.i.ConsumerCoordinator - [Consumer clientId=consumer-test-consumer-group-1, groupId=test-consumer-group] Requesting disconnect from last known coordinator 192.168.202.130:9092 (id: 2147483647 rack: null)
2025-12-18 15:09:28.638 [main] INFO  o.a.k.c.c.i.ConsumerCoordinator - [Consumer clientId=consumer-test-consumer-group-1, groupId=test-consumer-group] JoinGroup failed: This is not the correct coordinator. Marking coordinator unknown. Sent generation was Generation{generationId=-1, memberId='', protocol='null'}
2025-12-18 15:09:28.638 [main] INFO  o.apache.kafka.clients.NetworkClient - [Consumer clientId=consumer-test-consumer-group-1, groupId=test-consumer-group] Client requested disconnect from node 2147483647
2025-12-18 15:09:28.640 [main] INFO  o.a.k.c.c.i.ConsumerCoordinator - [Consumer clientId=consumer-test-consumer-group-1, groupId=test-consumer-group] Discovered group coordinator 192.168.202.130:9092 (id: 2147483647 rack: null)
2025-12-18 15:09:28.641 [main] INFO  o.a.k.c.c.i.ConsumerCoordinator - [Consumer clientId=consumer-test-consumer-group-1, groupId=test-consumer-group] Group coordinator 192.168.202.130:9092 (id: 2147483647 rack: null) is unavailable or invalid due to cause: coordinator unavailable. isDisconnected: false. Rediscovery will be attempted.
2025-12-18 15:09:28.641 [main] INFO  o.a.k.c.c.i.ConsumerCoordinator - [Consumer clientId=consumer-test-consumer-group-1, groupId=test-consumer-group] Requesting disconnect from last known coordinator 192.168.202.130:9092 (id: 2147483647 rack: null)
2025-12-18 15:09:28.756 [main] INFO  o.a.k.c.c.i.ConsumerCoordinator - [Consumer clientId=consumer-test-consumer-group-1, groupId=test-consumer-group] Discovered group coordinator 192.168.202.130:9092 (id: 2147483647 rack: null)
2025-12-18 15:09:28.757 [main] INFO  o.a.k.c.c.i.ConsumerCoordinator - [Consumer clientId=consumer-test-consumer-group-1, groupId=test-consumer-group] Request joining group due to: rebalance failed due to 'This is not the correct coordinator.' (NotCoordinatorException)
2025-12-18 15:09:28.757 [main] INFO  o.a.k.c.c.i.ConsumerCoordinator - [Consumer clientId=consumer-test-consumer-group-1, groupId=test-consumer-group] (Re-)joining group
2025-12-18 15:09:28.760 [main] INFO  o.a.k.c.c.i.ConsumerCoordinator - [Consumer clientId=consumer-test-consumer-group-1, groupId=test-consumer-group] Group coordinator 192.168.202.130:9092 (id: 2147483647 rack: null) is unavailable or invalid due to cause: error response NOT_COORDINATOR. isDisconnected: false. Rediscovery will be attempted.
2025-12-18 15:09:28.760 [main] INFO  o.a.k.c.c.i.ConsumerCoordinator - [Consumer clientId=consumer-test-consumer-group-1, groupId=test-consumer-group] Requesting disconnect from last known coordinator 192.168.202.130:9092 (id: 2147483647 rack: null)
2025-12-18 15:09:28.760 [main] INFO  o.a.k.c.c.i.ConsumerCoordinator - [Consumer clientId=consumer-test-consumer-group-1, groupId=test-consumer-group] JoinGroup failed: This is not the correct coordinator. Marking coordinator unknown. Sent generation was Generation{generationId=-1, memberId='', protocol='null'}
2025-12-18 15:09:28.760 [main] INFO  o.apache.kafka.clients.NetworkClient - [Consumer clientId=consumer-test-consumer-group-1, groupId=test-consumer-group] Client requested disconnect from node 2147483647
2025-12-18 15:09:28.761 [main] INFO  o.a.k.c.c.i.ConsumerCoordinator - [Consumer clientId=consumer-test-consumer-group-1, groupId=test-consumer-group] Discovered group coordinator 192.168.202.130:9092 (id: 2147483647 rack: null)
2025-12-18 15:09:28.761 [main] INFO  o.a.k.c.c.i.ConsumerCoordinator - [Consumer clientId=consumer-test-consumer-group-1, groupId=test-consumer-group] Group coordinator 192.168.202.130:9092 (id: 2147483647 rack: null) is unavailable or invalid due to cause: coordinator unavailable. isDisconnected: false. Rediscovery will be attempted.
2025-12-18 15:09:28.761 [main] INFO  o.a.k.c.c.i.ConsumerCoordinator - [Consumer clientId=consumer-test-consumer-group-1, groupId=test-consumer-group] Requesting disconnect from last known coordinator 192.168.202.130:9092 (id: 2147483647 rack: null)
2025-12-18 15:09:28.864 [main] INFO  o.a.k.c.c.i.ConsumerCoordinator - [Consumer clientId=consumer-test-consumer-group-1, groupId=test-consumer-group] Discovered group coordinator 192.168.202.130:9092 (id: 2147483647 rack: null)
2025-12-18 15:09:28.865 [main] INFO  o.a.k.c.c.i.ConsumerCoordinator - [Consumer clientId=consumer-test-consumer-group-1, groupId=test-consumer-group] Request joining group due to: rebalance failed due to 'This is not the correct coordinator.' (NotCoordinatorException)
2025-12-18 15:09:28.866 [main] INFO  o.a.k.c.c.i.ConsumerCoordinator - [Consumer clientId=consumer-test-consumer-group-1, groupId=test-consumer-group] (Re-)joining group
2025-12-18 15:09:28.868 [main] INFO  o.a.k.c.c.i.ConsumerCoordinator - [Consumer clientId=consumer-test-consumer-group-1, groupId=test-consumer-group] Group coordinator 192.168.202.130:9092 (id: 2147483647 rack: null) is unavailable or invalid due to cause: error response NOT_COORDINATOR. isDisconnected: false. Rediscovery will be attempted.
2025-12-18 15:09:28.868 [main] INFO  o.a.k.c.c.i.ConsumerCoordinator - [Consumer clientId=consumer-test-consumer-group-1, groupId=test-consumer-group] Requesting disconnect from last known coordinator 192.168.202.130:9092 (id: 2147483647 rack: null)
2025-12-18 15:09:28.868 [main] INFO  o.a.k.c.c.i.ConsumerCoordinator - [Consumer clientId=consumer-test-consumer-group-1, groupId=test-consumer-group] JoinGroup failed: This is not the correct coordinator. Marking coordinator unknown. Sent generation was Generation{generationId=-1, memberId='', protocol='null'}
2025-12-18 15:09:28.868 [main] INFO  o.apache.kafka.clients.NetworkClient - [Consumer clientId=consumer-test-consumer-group-1, groupId=test-consumer-group] Client requested disconnect from node 2147483647
2025-12-18 15:09:28.871 [main] INFO  o.a.k.c.c.i.ConsumerCoordinator - [Consumer clientId=consumer-test-consumer-group-1, groupId=test-consumer-group] Discovered group coordinator 192.168.202.130:9092 (id: 2147483647 rack: null)
2025-12-18 15:09:28.871 [main] INFO  o.a.k.c.c.i.ConsumerCoordinator - [Consumer clientId=consumer-test-consumer-group-1, groupId=test-consumer-group] Group coordinator 192.168.202.130:9092 (id: 2147483647 rack: null) is unavailable or invalid due to cause: coordinator unavailable. isDisconnected: false. Rediscovery will be attempted.
2025-12-18 15:09:28.871 [main] INFO  o.a.k.c.c.i.ConsumerCoordinator - [Consumer clientId=consumer-test-consumer-group-1, groupId=test-consumer-group] Requesting disconnect from last known coordinator 192.168.202.130:9092 (id: 2147483647 rack: null)
2025-12-18 15:09:28.974 [main] INFO  o.a.k.c.c.i.ConsumerCoordinator - [Consumer clientId=consumer-test-consumer-group-1, groupId=test-consumer-group] Discovered group coordinator 192.168.202.130:9092 (id: 2147483647 rack: null)
2025-12-18 15:09:28.975 [main] INFO  o.a.k.c.c.i.ConsumerCoordinator - [Consumer clientId=consumer-test-consumer-group-1, groupId=test-consumer-group] Request joining group due to: rebalance failed due to 'This is not the correct coordinator.' (NotCoordinatorException)
2025-12-18 15:09:28.975 [main] INFO  o.a.k.c.c.i.ConsumerCoordinator - [Consumer clientId=consumer-test-consumer-group-1, groupId=test-consumer-group] (Re-)joining group
2025-12-18 15:09:28.979 [main] INFO  o.a.k.c.c.i.ConsumerCoordinator - [Consumer clientId=consumer-test-consumer-group-1, groupId=test-consumer-group] Group coordinator 192.168.202.130:9092 (id: 2147483647 rack: null) is unavailable or invalid due to cause: error response NOT_COORDINATOR. isDisconnected: false. Rediscovery will be attempted.
2025-12-18 15:09:28.979 [main] INFO  o.a.k.c.c.i.ConsumerCoordinator - [Consumer clientId=consumer-test-consumer-group-1, groupId=test-consumer-group] Requesting disconnect from last known coordinator 192.168.202.130:9092 (id: 2147483647 rack: null)
2025-12-18 15:09:28.979 [main] INFO  o.a.k.c.c.i.ConsumerCoordinator - [Consumer clientId=consumer-test-consumer-group-1, groupId=test-consumer-group] JoinGroup failed: This is not the correct coordinator. Marking coordinator unknown. Sent generation was Generation{generationId=-1, memberId='', protocol='null'}
2025-12-18 15:09:28.979 [main] INFO  o.apache.kafka.clients.NetworkClient - [Consumer clientId=consumer-test-consumer-group-1, groupId=test-consumer-group] Client requested disconnect from node 2147483647
2025-12-18 15:09:28.981 [main] INFO  o.a.k.c.c.i.ConsumerCoordinator - [Consumer clientId=consumer-test-consumer-group-1, groupId=test-consumer-group] Discovered group coordinator 192.168.202.130:9092 (id: 2147483647 rack: null)
2025-12-18 15:09:28.981 [main] INFO  o.a.k.c.c.i.ConsumerCoordinator - [Consumer clientId=consumer-test-consumer-group-1, groupId=test-consumer-group] Group coordinator 192.168.202.130:9092 (id: 2147483647 rack: null) is unavailable or invalid due to cause: coordinator unavailable. isDisconnected: false. Rediscovery will be attempted.
2025-12-18 15:09:28.981 [main] INFO  o.a.k.c.c.i.ConsumerCoordinator - [Consumer clientId=consumer-test-consumer-group-1, groupId=test-consumer-group] Requesting disconnect from last known coordinator 192.168.202.130:9092 (id: 2147483647 rack: null)
2025-12-18 15:09:29.084 [main] INFO  o.a.k.c.c.i.ConsumerCoordinator - [Consumer clientId=consumer-test-consumer-group-1, groupId=test-consumer-group] Discovered group coordinator 192.168.202.130:9092 (id: 2147483647 rack: null)
2025-12-18 15:09:29.085 [main] INFO  o.a.k.c.c.i.ConsumerCoordinator - [Consumer clientId=consumer-test-consumer-group-1, groupId=test-consumer-group] Request joining group due to: rebalance failed due to 'This is not the correct coordinator.' (NotCoordinatorException)
2025-12-18 15:09:29.085 [main] INFO  o.a.k.c.c.i.ConsumerCoordinator - [Consumer clientId=consumer-test-consumer-group-1, groupId=test-consumer-group] (Re-)joining group
2025-12-18 15:09:29.092 [main] INFO  o.a.k.c.c.i.ConsumerCoordinator - [Consumer clientId=consumer-test-consumer-group-1, groupId=test-consumer-group] Group coordinator 192.168.202.130:9092 (id: 2147483647 rack: null) is unavailable or invalid due to cause: error response NOT_COORDINATOR. isDisconnected: false. Rediscovery will be attempted.
2025-12-18 15:09:29.092 [main] INFO  o.a.k.c.c.i.ConsumerCoordinator - [Consumer clientId=consumer-test-consumer-group-1, groupId=test-consumer-group] Requesting disconnect from last known coordinator 192.168.202.130:9092 (id: 2147483647 rack: null)
2025-12-18 15:09:29.092 [main] INFO  o.a.k.c.c.i.ConsumerCoordinator - [Consumer clientId=consumer-test-consumer-group-1, groupId=test-consumer-group] JoinGroup failed: This is not the correct coordinator. Marking coordinator unknown. Sent generation was Generation{generationId=-1, memberId='', protocol='null'}
2025-12-18 15:09:29.093 [main] INFO  o.apache.kafka.clients.NetworkClient - [Consumer clientId=consumer-test-consumer-group-1, groupId=test-consumer-group] Client requested disconnect from node 2147483647
2025-12-18 15:09:29.097 [main] INFO  o.a.k.c.c.i.ConsumerCoordinator - [Consumer clientId=consumer-test-consumer-group-1, groupId=test-consumer-group] Discovered group coordinator 192.168.202.130:9092 (id: 2147483647 rack: null)
2025-12-18 15:09:29.097 [main] INFO  o.a.k.c.c.i.ConsumerCoordinator - [Consumer clientId=consumer-test-consumer-group-1, groupId=test-consumer-group] Group coordinator 192.168.202.130:9092 (id: 2147483647 rack: null) is unavailable or invalid due to cause: coordinator unavailable. isDisconnected: false. Rediscovery will be attempted.
2025-12-18 15:09:29.097 [main] INFO  o.a.k.c.c.i.ConsumerCoordinator - [Consumer clientId=consumer-test-consumer-group-1, groupId=test-consumer-group] Requesting disconnect from last known coordinator 192.168.202.130:9092 (id: 2147483647 rack: null)
2025-12-18 15:09:29.208 [main] INFO  o.a.k.c.c.i.ConsumerCoordinator - [Consumer clientId=consumer-test-consumer-group-1, groupId=test-consumer-group] Discovered group coordinator 192.168.202.130:9092 (id: 2147483647 rack: null)
2025-12-18 15:09:29.209 [main] INFO  o.a.k.c.c.i.ConsumerCoordinator - [Consumer clientId=consumer-test-consumer-group-1, groupId=test-consumer-group] Request joining group due to: rebalance failed due to 'This is not the correct coordinator.' (NotCoordinatorException)
2025-12-18 15:09:29.209 [main] INFO  o.a.k.c.c.i.ConsumerCoordinator - [Consumer clientId=consumer-test-consumer-group-1, groupId=test-consumer-group] (Re-)joining group
2025-12-18 15:09:29.211 [main] INFO  o.a.k.c.c.i.ConsumerCoordinator - [Consumer clientId=consumer-test-consumer-group-1, groupId=test-consumer-group] Group coordinator 192.168.202.130:9092 (id: 2147483647 rack: null) is unavailable or invalid due to cause: error response NOT_COORDINATOR. isDisconnected: false. Rediscovery will be attempted.
2025-12-18 15:09:29.211 [main] INFO  o.a.k.c.c.i.ConsumerCoordinator - [Consumer clientId=consumer-test-consumer-group-1, groupId=test-consumer-group] Requesting disconnect from last known coordinator 192.168.202.130:9092 (id: 2147483647 rack: null)
2025-12-18 15:09:29.211 [main] INFO  o.a.k.c.c.i.ConsumerCoordinator - [Consumer clientId=consumer-test-consumer-group-1, groupId=test-consumer-group] JoinGroup failed: This is not the correct coordinator. Marking coordinator unknown. Sent generation was Generation{generationId=-1, memberId='', protocol='null'}
2025-12-18 15:09:29.211 [main] INFO  o.apache.kafka.clients.NetworkClient - [Consumer clientId=consumer-test-consumer-group-1, groupId=test-consumer-group] Client requested disconnect from node 2147483647
2025-12-18 15:09:29.214 [main] INFO  o.a.k.c.c.i.ConsumerCoordinator - [Consumer clientId=consumer-test-consumer-group-1, groupId=test-consumer-group] Discovered group coordinator 192.168.202.130:9092 (id: 2147483647 rack: null)
2025-12-18 15:09:29.214 [main] INFO  o.a.k.c.c.i.ConsumerCoordinator - [Consumer clientId=consumer-test-consumer-group-1, groupId=test-consumer-group] Group coordinator 192.168.202.130:9092 (id: 2147483647 rack: null) is unavailable or invalid due to cause: coordinator unavailable. isDisconnected: false. Rediscovery will be attempted.
2025-12-18 15:09:29.214 [main] INFO  o.a.k.c.c.i.ConsumerCoordinator - [Consumer clientId=consumer-test-consumer-group-1, groupId=test-consumer-group] Requesting disconnect from last known coordinator 192.168.202.130:9092 (id: 2147483647 rack: null)
2025-12-18 15:09:29.317 [main] INFO  o.a.k.c.c.i.ConsumerCoordinator - [Consumer clientId=consumer-test-consumer-group-1, groupId=test-consumer-group] Discovered group coordinator 192.168.202.130:9092 (id: 2147483647 rack: null)
2025-12-18 15:09:29.317 [main] INFO  o.a.k.c.c.i.ConsumerCoordinator - [Consumer clientId=consumer-test-consumer-group-1, groupId=test-consumer-group] Request joining group due to: rebalance failed due to 'This is not the correct coordinator.' (NotCoordinatorException)
2025-12-18 15:09:29.318 [main] INFO  o.a.k.c.c.i.ConsumerCoordinator - [Consumer clientId=consumer-test-consumer-group-1, groupId=test-consumer-group] (Re-)joining group
2025-12-18 15:09:29.320 [main] INFO  o.a.k.c.c.i.ConsumerCoordinator - [Consumer clientId=consumer-test-consumer-group-1, groupId=test-consumer-group] Group coordinator 192.168.202.130:9092 (id: 2147483647 rack: null) is unavailable or invalid due to cause: error response NOT_COORDINATOR. isDisconnected: false. Rediscovery will be attempted.
2025-12-18 15:09:29.321 [main] INFO  o.a.k.c.c.i.ConsumerCoordinator - [Consumer clientId=consumer-test-consumer-group-1, groupId=test-consumer-group] Requesting disconnect from last known coordinator 192.168.202.130:9092 (id: 2147483647 rack: null)
2025-12-18 15:09:29.321 [main] INFO  o.a.k.c.c.i.ConsumerCoordinator - [Consumer clientId=consumer-test-consumer-group-1, groupId=test-consumer-group] JoinGroup failed: This is not the correct coordinator. Marking coordinator unknown. Sent generation was Generation{generationId=-1, memberId='', protocol='null'}
2025-12-18 15:09:29.321 [main] INFO  o.apache.kafka.clients.NetworkClient - [Consumer clientId=consumer-test-consumer-group-1, groupId=test-consumer-group] Client requested disconnect from node 2147483647
2025-12-18 15:09:29.322 [main] INFO  o.a.k.c.c.i.ConsumerCoordinator - [Consumer clientId=consumer-test-consumer-group-1, groupId=test-consumer-group] Discovered group coordinator 192.168.202.130:9092 (id: 2147483647 rack: null)
2025-12-18 15:09:29.322 [main] INFO  o.a.k.c.c.i.ConsumerCoordinator - [Consumer clientId=consumer-test-consumer-group-1, groupId=test-consumer-group] Group coordinator 192.168.202.130:9092 (id: 2147483647 rack: null) is unavailable or invalid due to cause: coordinator unavailable. isDisconnected: false. Rediscovery will be attempted.
2025-12-18 15:09:29.322 [main] INFO  o.a.k.c.c.i.ConsumerCoordinator - [Consumer clientId=consumer-test-consumer-group-1, groupId=test-consumer-group] Requesting disconnect from last known coordinator 192.168.202.130:9092 (id: 2147483647 rack: null)
2025-12-18 15:09:29.426 [main] INFO  o.a.k.c.c.i.ConsumerCoordinator - [Consumer clientId=consumer-test-consumer-group-1, groupId=test-consumer-group] Discovered group coordinator 192.168.202.130:9092 (id: 2147483647 rack: null)
2025-12-18 15:09:29.427 [main] INFO  o.a.k.c.c.i.ConsumerCoordinator - [Consumer clientId=consumer-test-consumer-group-1, groupId=test-consumer-group] Request joining group due to: rebalance failed due to 'This is not the correct coordinator.' (NotCoordinatorException)
2025-12-18 15:09:29.427 [main] INFO  o.a.k.c.c.i.ConsumerCoordinator - [Consumer clientId=consumer-test-consumer-group-1, groupId=test-consumer-group] (Re-)joining group
2025-12-18 15:09:29.431 [main] INFO  o.a.k.c.c.i.ConsumerCoordinator - [Consumer clientId=consumer-test-consumer-group-1, groupId=test-consumer-group] Group coordinator 192.168.202.130:9092 (id: 2147483647 rack: null) is unavailable or invalid due to cause: error response NOT_COORDINATOR. isDisconnected: false. Rediscovery will be attempted.
2025-12-18 15:09:29.431 [main] INFO  o.a.k.c.c.i.ConsumerCoordinator - [Consumer clientId=consumer-test-consumer-group-1, groupId=test-consumer-group] Requesting disconnect from last known coordinator 192.168.202.130:9092 (id: 2147483647 rack: null)
2025-12-18 15:09:29.431 [main] INFO  o.a.k.c.c.i.ConsumerCoordinator - [Consumer clientId=consumer-test-consumer-group-1, groupId=test-consumer-group] JoinGroup failed: This is not the correct coordinator. Marking coordinator unknown. Sent generation was Generation{generationId=-1, memberId='', protocol='null'}
2025-12-18 15:09:29.431 [main] INFO  o.apache.kafka.clients.NetworkClient - [Consumer clientId=consumer-test-consumer-group-1, groupId=test-consumer-group] Client requested disconnect from node 2147483647
2025-12-18 15:09:29.432 [main] INFO  o.a.k.c.c.i.ConsumerCoordinator - [Consumer clientId=consumer-test-consumer-group-1, groupId=test-consumer-group] Discovered group coordinator 192.168.202.130:9092 (id: 2147483647 rack: null)
2025-12-18 15:09:29.432 [main] INFO  o.a.k.c.c.i.ConsumerCoordinator - [Consumer clientId=consumer-test-consumer-group-1, groupId=test-consumer-group] Group coordinator 192.168.202.130:9092 (id: 2147483647 rack: null) is unavailable or invalid due to cause: coordinator unavailable. isDisconnected: false. Rediscovery will be attempted.
2025-12-18 15:09:29.432 [main] INFO  o.a.k.c.c.i.ConsumerCoordinator - [Consumer clientId=consumer-test-consumer-group-1, groupId=test-consumer-group] Requesting disconnect from last known coordinator 192.168.202.130:9092 (id: 2147483647 rack: null)
2025-12-18 15:09:29.537 [main] INFO  o.a.k.c.c.i.ConsumerCoordinator - [Consumer clientId=consumer-test-consumer-group-1, groupId=test-consumer-group] Discovered group coordinator 192.168.202.130:9092 (id: 2147483647 rack: null)
2025-12-18 15:09:29.538 [main] INFO  o.a.k.c.c.i.ConsumerCoordinator - [Consumer clientId=consumer-test-consumer-group-1, groupId=test-consumer-group] Request joining group due to: rebalance failed due to 'This is not the correct coordinator.' (NotCoordinatorException)
2025-12-18 15:09:29.539 [main] INFO  o.a.k.c.c.i.ConsumerCoordinator - [Consumer clientId=consumer-test-consumer-group-1, groupId=test-consumer-group] (Re-)joining group
2025-12-18 15:09:29.542 [main] INFO  o.a.k.c.c.i.ConsumerCoordinator - [Consumer clientId=consumer-test-consumer-group-1, groupId=test-consumer-group] Group coordinator 192.168.202.130:9092 (id: 2147483647 rack: null) is unavailable or invalid due to cause: error response NOT_COORDINATOR. isDisconnected: false. Rediscovery will be attempted.
2025-12-18 15:09:29.542 [main] INFO  o.a.k.c.c.i.ConsumerCoordinator - [Consumer clientId=consumer-test-consumer-group-1, groupId=test-consumer-group] Requesting disconnect from last known coordinator 192.168.202.130:9092 (id: 2147483647 rack: null)
2025-12-18 15:09:29.542 [main] INFO  o.a.k.c.c.i.ConsumerCoordinator - [Consumer clientId=consumer-test-consumer-group-1, groupId=test-consumer-group] JoinGroup failed: This is not the correct coordinator. Marking coordinator unknown. Sent generation was Generation{generationId=-1, memberId='', protocol='null'}
2025-12-18 15:09:29.542 [main] INFO  o.apache.kafka.clients.NetworkClient - [Consumer clientId=consumer-test-consumer-group-1, groupId=test-consumer-group] Client requested disconnect from node 2147483647
2025-12-18 15:09:29.544 [main] INFO  o.a.k.c.c.i.ConsumerCoordinator - [Consumer clientId=consumer-test-consumer-group-1, groupId=test-consumer-group] Discovered group coordinator 192.168.202.130:9092 (id: 2147483647 rack: null)
2025-12-18 15:09:29.544 [main] INFO  o.a.k.c.c.i.ConsumerCoordinator - [Consumer clientId=consumer-test-consumer-group-1, groupId=test-consumer-group] Group coordinator 192.168.202.130:9092 (id: 2147483647 rack: null) is unavailable or invalid due to cause: coordinator unavailable. isDisconnected: false. Rediscovery will be attempted.
2025-12-18 15:09:29.544 [main] INFO  o.a.k.c.c.i.ConsumerCoordinator - [Consumer clientId=consumer-test-consumer-group-1, groupId=test-consumer-group] Requesting disconnect from last known coordinator 192.168.202.130:9092 (id: 2147483647 rack: null)
2025-12-18 15:09:29.647 [main] INFO  o.a.k.c.c.i.ConsumerCoordinator - [Consumer clientId=consumer-test-consumer-group-1, groupId=test-consumer-group] Discovered group coordinator 192.168.202.130:9092 (id: 2147483647 rack: null)
2025-12-18 15:09:29.649 [main] INFO  o.a.k.c.c.i.ConsumerCoordinator - [Consumer clientId=consumer-test-consumer-group-1, groupId=test-consumer-group] Request joining group due to: rebalance failed due to 'This is not the correct coordinator.' (NotCoordinatorException)
2025-12-18 15:09:29.649 [main] INFO  o.a.k.c.c.i.ConsumerCoordinator - [Consumer clientId=consumer-test-consumer-group-1, groupId=test-consumer-group] (Re-)joining group
2025-12-18 15:09:29.652 [main] INFO  o.a.k.c.c.i.ConsumerCoordinator - [Consumer clientId=consumer-test-consumer-group-1, groupId=test-consumer-group] Group coordinator 192.168.202.130:9092 (id: 2147483647 rack: null) is unavailable or invalid due to cause: error response NOT_COORDINATOR. isDisconnected: false. Rediscovery will be attempted.
2025-12-18 15:09:29.652 [main] INFO  o.a.k.c.c.i.ConsumerCoordinator - [Consumer clientId=consumer-test-consumer-group-1, groupId=test-consumer-group] Requesting disconnect from last known coordinator 192.168.202.130:9092 (id: 2147483647 rack: null)
2025-12-18 15:09:29.652 [main] INFO  o.a.k.c.c.i.ConsumerCoordinator - [Consumer clientId=consumer-test-consumer-group-1, groupId=test-consumer-group] JoinGroup failed: This is not the correct coordinator. Marking coordinator unknown. Sent generation was Generation{generationId=-1, memberId='', protocol='null'}
2025-12-18 15:09:29.652 [main] INFO  o.apache.kafka.clients.NetworkClient - [Consumer clientId=consumer-test-consumer-group-1, groupId=test-consumer-group] Client requested disconnect from node 2147483647
2025-12-18 15:09:29.653 [main] INFO  o.a.k.c.c.i.ConsumerCoordinator - [Consumer clientId=consumer-test-consumer-group-1, groupId=test-consumer-group] Discovered group coordinator 192.168.202.130:9092 (id: 2147483647 rack: null)
2025-12-18 15:09:29.654 [main] INFO  o.a.k.c.c.i.ConsumerCoordinator - [Consumer clientId=consumer-test-consumer-group-1, groupId=test-consumer-group] Group coordinator 192.168.202.130:9092 (id: 2147483647 rack: null) is unavailable or invalid due to cause: coordinator unavailable. isDisconnected: false. Rediscovery will be attempted.
2025-12-18 15:09:29.654 [main] INFO  o.a.k.c.c.i.ConsumerCoordinator - [Consumer clientId=consumer-test-consumer-group-1, groupId=test-consumer-group] Requesting disconnect from last known coordinator 192.168.202.130:9092 (id: 2147483647 rack: null)
2025-12-18 15:09:29.757 [main] INFO  o.a.k.c.c.i.ConsumerCoordinator - [Consumer clientId=consumer-test-consumer-group-1, groupId=test-consumer-group] Discovered group coordinator 192.168.202.130:9092 (id: 2147483647 rack: null)
2025-12-18 15:09:29.758 [main] INFO  o.a.k.c.c.i.ConsumerCoordinator - [Consumer clientId=consumer-test-consumer-group-1, groupId=test-consumer-group] Request joining group due to: rebalance failed due to 'This is not the correct coordinator.' (NotCoordinatorException)
2025-12-18 15:09:29.761 [main] INFO  o.a.k.c.c.i.ConsumerCoordinator - [Consumer clientId=consumer-test-consumer-group-1, groupId=test-consumer-group] (Re-)joining group
2025-12-18 15:09:29.766 [main] INFO  o.a.k.c.c.i.ConsumerCoordinator - [Consumer clientId=consumer-test-consumer-group-1, groupId=test-consumer-group] Group coordinator 192.168.202.130:9092 (id: 2147483647 rack: null) is unavailable or invalid due to cause: error response NOT_COORDINATOR. isDisconnected: false. Rediscovery will be attempted.
2025-12-18 15:09:29.766 [main] INFO  o.a.k.c.c.i.ConsumerCoordinator - [Consumer clientId=consumer-test-consumer-group-1, groupId=test-consumer-group] Requesting disconnect from last known coordinator 192.168.202.130:9092 (id: 2147483647 rack: null)
2025-12-18 15:09:29.766 [main] INFO  o.a.k.c.c.i.ConsumerCoordinator - [Consumer clientId=consumer-test-consumer-group-1, groupId=test-consumer-group] JoinGroup failed: This is not the correct coordinator. Marking coordinator unknown. Sent generation was Generation{generationId=-1, memberId='', protocol='null'}
2025-12-18 15:09:29.766 [main] INFO  o.apache.kafka.clients.NetworkClient - [Consumer clientId=consumer-test-consumer-group-1, groupId=test-consumer-group] Client requested disconnect from node 2147483647
2025-12-18 15:09:29.769 [main] INFO  o.a.k.c.c.i.ConsumerCoordinator - [Consumer clientId=consumer-test-consumer-group-1, groupId=test-consumer-group] Discovered group coordinator 192.168.202.130:9092 (id: 2147483647 rack: null)
2025-12-18 15:09:29.769 [main] INFO  o.a.k.c.c.i.ConsumerCoordinator - [Consumer clientId=consumer-test-consumer-group-1, groupId=test-consumer-group] Group coordinator 192.168.202.130:9092 (id: 2147483647 rack: null) is unavailable or invalid due to cause: coordinator unavailable. isDisconnected: false. Rediscovery will be attempted.
2025-12-18 15:09:29.770 [main] INFO  o.a.k.c.c.i.ConsumerCoordinator - [Consumer clientId=consumer-test-consumer-group-1, groupId=test-consumer-group] Requesting disconnect from last known coordinator 192.168.202.130:9092 (id: 2147483647 rack: null)
2025-12-18 15:09:29.879 [main] INFO  o.a.k.c.c.i.ConsumerCoordinator - [Consumer clientId=consumer-test-consumer-group-1, groupId=test-consumer-group] Discovered group coordinator 192.168.202.130:9092 (id: 2147483647 rack: null)
2025-12-18 15:09:29.880 [main] INFO  o.a.k.c.c.i.ConsumerCoordinator - [Consumer clientId=consumer-test-consumer-group-1, groupId=test-consumer-group] Request joining group due to: rebalance failed due to 'This is not the correct coordinator.' (NotCoordinatorException)
2025-12-18 15:09:29.880 [main] INFO  o.a.k.c.c.i.ConsumerCoordinator - [Consumer clientId=consumer-test-consumer-group-1, groupId=test-consumer-group] (Re-)joining group
2025-12-18 15:09:29.882 [main] INFO  o.a.k.c.c.i.ConsumerCoordinator - [Consumer clientId=consumer-test-consumer-group-1, groupId=test-consumer-group] Group coordinator 192.168.202.130:9092 (id: 2147483647 rack: null) is unavailable or invalid due to cause: error response NOT_COORDINATOR. isDisconnected: false. Rediscovery will be attempted.
2025-12-18 15:09:29.882 [main] INFO  o.a.k.c.c.i.ConsumerCoordinator - [Consumer clientId=consumer-test-consumer-group-1, groupId=test-consumer-group] Requesting disconnect from last known coordinator 192.168.202.130:9092 (id: 2147483647 rack: null)
2025-12-18 15:09:29.882 [main] INFO  o.a.k.c.c.i.ConsumerCoordinator - [Consumer clientId=consumer-test-consumer-group-1, groupId=test-consumer-group] JoinGroup failed: This is not the correct coordinator. Marking coordinator unknown. Sent generation was Generation{generationId=-1, memberId='', protocol='null'}
2025-12-18 15:09:29.882 [main] INFO  o.apache.kafka.clients.NetworkClient - [Consumer clientId=consumer-test-consumer-group-1, groupId=test-consumer-group] Client requested disconnect from node 2147483647
2025-12-18 15:09:29.885 [main] INFO  o.a.k.c.c.i.ConsumerCoordinator - [Consumer clientId=consumer-test-consumer-group-1, groupId=test-consumer-group] Discovered group coordinator 192.168.202.130:9092 (id: 2147483647 rack: null)
2025-12-18 15:09:29.885 [main] INFO  o.a.k.c.c.i.ConsumerCoordinator - [Consumer clientId=consumer-test-consumer-group-1, groupId=test-consumer-group] Group coordinator 192.168.202.130:9092 (id: 2147483647 rack: null) is unavailable or invalid due to cause: coordinator unavailable. isDisconnected: false. Rediscovery will be attempted.
2025-12-18 15:09:29.885 [main] INFO  o.a.k.c.c.i.ConsumerCoordinator - [Consumer clientId=consumer-test-consumer-group-1, groupId=test-consumer-group] Requesting disconnect from last known coordinator 192.168.202.130:9092 (id: 2147483647 rack: null)
2025-12-18 15:09:29.989 [main] INFO  o.a.k.c.c.i.ConsumerCoordinator - [Consumer clientId=consumer-test-consumer-group-1, groupId=test-consumer-group] Discovered group coordinator 192.168.202.130:9092 (id: 2147483647 rack: null)
2025-12-18 15:09:29.990 [main] INFO  o.a.k.c.c.i.ConsumerCoordinator - [Consumer clientId=consumer-test-consumer-group-1, groupId=test-consumer-group] Request joining group due to: rebalance failed due to 'This is not the correct coordinator.' (NotCoordinatorException)
2025-12-18 15:09:29.991 [main] INFO  o.a.k.c.c.i.ConsumerCoordinator - [Consumer clientId=consumer-test-consumer-group-1, groupId=test-consumer-group] (Re-)joining group
2025-12-18 15:09:29.996 [main] INFO  o.a.k.c.c.i.ConsumerCoordinator - [Consumer clientId=consumer-test-consumer-group-1, groupId=test-consumer-group] Group coordinator 192.168.202.130:9092 (id: 2147483647 rack: null) is unavailable or invalid due to cause: error response NOT_COORDINATOR. isDisconnected: false. Rediscovery will be attempted.
2025-12-18 15:09:29.996 [main] INFO  o.a.k.c.c.i.ConsumerCoordinator - [Consumer clientId=consumer-test-consumer-group-1, groupId=test-consumer-group] Requesting disconnect from last known coordinator 192.168.202.130:9092 (id: 2147483647 rack: null)
2025-12-18 15:09:29.996 [main] INFO  o.a.k.c.c.i.ConsumerCoordinator - [Consumer clientId=consumer-test-consumer-group-1, groupId=test-consumer-group] JoinGroup failed: This is not the correct coordinator. Marking coordinator unknown. Sent generation was Generation{generationId=-1, memberId='', protocol='null'}
2025-12-18 15:09:29.996 [main] INFO  o.apache.kafka.clients.NetworkClient - [Consumer clientId=consumer-test-consumer-group-1, groupId=test-consumer-group] Client requested disconnect from node 2147483647
2025-12-18 15:09:29.999 [main] INFO  o.a.k.c.c.i.ConsumerCoordinator - [Consumer clientId=consumer-test-consumer-group-1, groupId=test-consumer-group] Discovered group coordinator 192.168.202.130:9092 (id: 2147483647 rack: null)
2025-12-18 15:09:30.000 [main] INFO  o.a.k.c.c.i.ConsumerCoordinator - [Consumer clientId=consumer-test-consumer-group-1, groupId=test-consumer-group] Group coordinator 192.168.202.130:9092 (id: 2147483647 rack: null) is unavailable or invalid due to cause: coordinator unavailable. isDisconnected: false. Rediscovery will be attempted.
2025-12-18 15:09:30.000 [main] INFO  o.a.k.c.c.i.ConsumerCoordinator - [Consumer clientId=consumer-test-consumer-group-1, groupId=test-consumer-group] Requesting disconnect from last known coordinator 192.168.202.130:9092 (id: 2147483647 rack: null)
2025-12-18 15:09:30.106 [main] INFO  o.a.k.c.c.i.ConsumerCoordinator - [Consumer clientId=consumer-test-consumer-group-1, groupId=test-consumer-group] Resetting generation and member id due to: consumer pro-actively leaving the group
2025-12-18 15:09:30.106 [main] INFO  o.a.k.c.c.i.ConsumerCoordinator - [Consumer clientId=consumer-test-consumer-group-1, groupId=test-consumer-group] Request joining group due to: consumer pro-actively leaving the group
2025-12-18 15:09:30.107 [main] INFO  o.a.kafka.common.metrics.Metrics - Metrics scheduler closed
2025-12-18 15:09:30.107 [main] INFO  o.a.kafka.common.metrics.Metrics - Closing reporter org.apache.kafka.common.metrics.JmxReporter
2025-12-18 15:09:30.108 [main] INFO  o.a.kafka.common.metrics.Metrics - Metrics reporters closed
2025-12-18 15:09:30.109 [main] INFO  o.a.kafka.common.utils.AppInfoParser - App info kafka.consumer for consumer-test-consumer-group-1 unregistered
2025-12-18 15:18:45.369 [main] INFO  o.a.k.c.producer.ProducerConfig - Idempotence will be disabled because acks is set to 1, not set to 'all'.
2025-12-18 15:18:45.371 [main] INFO  o.a.k.c.producer.ProducerConfig - ProducerConfig values: 
	acks = 1
	auto.include.jmx.reporter = true
	batch.size = 16384
	bootstrap.servers = [192.168.202.130:9092]
	buffer.memory = 33554432
	client.dns.lookup = use_all_dns_ips
	client.id = producer-1
	compression.type = none
	connections.max.idle.ms = 540000
	delivery.timeout.ms = 120000
	enable.idempotence = false
	interceptor.classes = []
	key.serializer = class org.apache.kafka.common.serialization.StringSerializer
	linger.ms = 0
	max.block.ms = 60000
	max.in.flight.requests.per.connection = 5
	max.request.size = 1048576
	metadata.max.age.ms = 300000
	metadata.max.idle.ms = 300000
	metric.reporters = []
	metrics.num.samples = 2
	metrics.recording.level = INFO
	metrics.sample.window.ms = 30000
	partitioner.adaptive.partitioning.enable = true
	partitioner.availability.timeout.ms = 0
	partitioner.class = null
	partitioner.ignore.keys = false
	receive.buffer.bytes = 32768
	reconnect.backoff.max.ms = 1000
	reconnect.backoff.ms = 50
	request.timeout.ms = 30000
	retries = 2147483647
	retry.backoff.ms = 100
	sasl.client.callback.handler.class = null
	sasl.jaas.config = null
	sasl.kerberos.kinit.cmd = /usr/bin/kinit
	sasl.kerberos.min.time.before.relogin = 60000
	sasl.kerberos.service.name = null
	sasl.kerberos.ticket.renew.jitter = 0.05
	sasl.kerberos.ticket.renew.window.factor = 0.8
	sasl.login.callback.handler.class = null
	sasl.login.class = null
	sasl.login.connect.timeout.ms = null
	sasl.login.read.timeout.ms = null
	sasl.login.refresh.buffer.seconds = 300
	sasl.login.refresh.min.period.seconds = 60
	sasl.login.refresh.window.factor = 0.8
	sasl.login.refresh.window.jitter = 0.05
	sasl.login.retry.backoff.max.ms = 10000
	sasl.login.retry.backoff.ms = 100
	sasl.mechanism = GSSAPI
	sasl.oauthbearer.clock.skew.seconds = 30
	sasl.oauthbearer.expected.audience = null
	sasl.oauthbearer.expected.issuer = null
	sasl.oauthbearer.jwks.endpoint.refresh.ms = 3600000
	sasl.oauthbearer.jwks.endpoint.retry.backoff.max.ms = 10000
	sasl.oauthbearer.jwks.endpoint.retry.backoff.ms = 100
	sasl.oauthbearer.jwks.endpoint.url = null
	sasl.oauthbearer.scope.claim.name = scope
	sasl.oauthbearer.sub.claim.name = sub
	sasl.oauthbearer.token.endpoint.url = null
	security.protocol = PLAINTEXT
	security.providers = null
	send.buffer.bytes = 131072
	socket.connection.setup.timeout.max.ms = 30000
	socket.connection.setup.timeout.ms = 10000
	ssl.cipher.suites = null
	ssl.enabled.protocols = [TLSv1.2, TLSv1.3]
	ssl.endpoint.identification.algorithm = https
	ssl.engine.factory.class = null
	ssl.key.password = null
	ssl.keymanager.algorithm = SunX509
	ssl.keystore.certificate.chain = null
	ssl.keystore.key = null
	ssl.keystore.location = null
	ssl.keystore.password = null
	ssl.keystore.type = JKS
	ssl.protocol = TLSv1.3
	ssl.provider = null
	ssl.secure.random.implementation = null
	ssl.trustmanager.algorithm = PKIX
	ssl.truststore.certificates = null
	ssl.truststore.location = null
	ssl.truststore.password = null
	ssl.truststore.type = JKS
	transaction.timeout.ms = 60000
	transactional.id = null
	value.serializer = class org.apache.kafka.common.serialization.StringSerializer

2025-12-18 15:18:46.042 [main] INFO  o.a.kafka.common.utils.AppInfoParser - Kafka version: 3.6.0
2025-12-18 15:18:46.042 [main] INFO  o.a.kafka.common.utils.AppInfoParser - Kafka commitId: 60e845626d8a465a
2025-12-18 15:18:46.042 [main] INFO  o.a.kafka.common.utils.AppInfoParser - Kafka startTimeMs: 1766042326040
2025-12-18 15:18:46.328 [kafka-producer-network-thread | producer-1] INFO  org.apache.kafka.clients.Metadata - [Producer clientId=producer-1] Cluster ID: ChL86p1WSzqV6IiyS4AsZA
2025-12-18 15:18:46.356 [main] INFO  o.a.k.clients.producer.KafkaProducer - [Producer clientId=producer-1] Closing the Kafka producer with timeoutMillis = 9223372036854775807 ms.
2025-12-18 15:18:46.360 [main] INFO  o.a.kafka.common.metrics.Metrics - Metrics scheduler closed
2025-12-18 15:18:46.360 [main] INFO  o.a.kafka.common.metrics.Metrics - Closing reporter org.apache.kafka.common.metrics.JmxReporter
2025-12-18 15:18:46.360 [main] INFO  o.a.kafka.common.metrics.Metrics - Metrics reporters closed
2025-12-18 15:18:46.361 [main] INFO  o.a.kafka.common.utils.AppInfoParser - App info kafka.producer for producer-1 unregistered
2025-12-18 15:18:47.376 [main] INFO  o.a.k.c.consumer.ConsumerConfig - ConsumerConfig values: 
	allow.auto.create.topics = true
	auto.commit.interval.ms = 5000
	auto.include.jmx.reporter = true
	auto.offset.reset = earliest
	bootstrap.servers = [192.168.202.130:9092]
	check.crcs = true
	client.dns.lookup = use_all_dns_ips
	client.id = consumer-test-consumer-group-1
	client.rack = 
	connections.max.idle.ms = 540000
	default.api.timeout.ms = 60000
	enable.auto.commit = true
	exclude.internal.topics = true
	fetch.max.bytes = 52428800
	fetch.max.wait.ms = 500
	fetch.min.bytes = 1
	group.id = test-consumer-group
	group.instance.id = null
	heartbeat.interval.ms = 3000
	interceptor.classes = []
	internal.leave.group.on.close = true
	internal.throw.on.fetch.stable.offset.unsupported = false
	isolation.level = read_uncommitted
	key.deserializer = class org.apache.kafka.common.serialization.StringDeserializer
	max.partition.fetch.bytes = 1048576
	max.poll.interval.ms = 300000
	max.poll.records = 500
	metadata.max.age.ms = 300000
	metric.reporters = []
	metrics.num.samples = 2
	metrics.recording.level = INFO
	metrics.sample.window.ms = 30000
	partition.assignment.strategy = [class org.apache.kafka.clients.consumer.RangeAssignor, class org.apache.kafka.clients.consumer.CooperativeStickyAssignor]
	receive.buffer.bytes = 65536
	reconnect.backoff.max.ms = 1000
	reconnect.backoff.ms = 50
	request.timeout.ms = 30000
	retry.backoff.ms = 100
	sasl.client.callback.handler.class = null
	sasl.jaas.config = null
	sasl.kerberos.kinit.cmd = /usr/bin/kinit
	sasl.kerberos.min.time.before.relogin = 60000
	sasl.kerberos.service.name = null
	sasl.kerberos.ticket.renew.jitter = 0.05
	sasl.kerberos.ticket.renew.window.factor = 0.8
	sasl.login.callback.handler.class = null
	sasl.login.class = null
	sasl.login.connect.timeout.ms = null
	sasl.login.read.timeout.ms = null
	sasl.login.refresh.buffer.seconds = 300
	sasl.login.refresh.min.period.seconds = 60
	sasl.login.refresh.window.factor = 0.8
	sasl.login.refresh.window.jitter = 0.05
	sasl.login.retry.backoff.max.ms = 10000
	sasl.login.retry.backoff.ms = 100
	sasl.mechanism = GSSAPI
	sasl.oauthbearer.clock.skew.seconds = 30
	sasl.oauthbearer.expected.audience = null
	sasl.oauthbearer.expected.issuer = null
	sasl.oauthbearer.jwks.endpoint.refresh.ms = 3600000
	sasl.oauthbearer.jwks.endpoint.retry.backoff.max.ms = 10000
	sasl.oauthbearer.jwks.endpoint.retry.backoff.ms = 100
	sasl.oauthbearer.jwks.endpoint.url = null
	sasl.oauthbearer.scope.claim.name = scope
	sasl.oauthbearer.sub.claim.name = sub
	sasl.oauthbearer.token.endpoint.url = null
	security.protocol = PLAINTEXT
	security.providers = null
	send.buffer.bytes = 131072
	session.timeout.ms = 45000
	socket.connection.setup.timeout.max.ms = 30000
	socket.connection.setup.timeout.ms = 10000
	ssl.cipher.suites = null
	ssl.enabled.protocols = [TLSv1.2, TLSv1.3]
	ssl.endpoint.identification.algorithm = https
	ssl.engine.factory.class = null
	ssl.key.password = null
	ssl.keymanager.algorithm = SunX509
	ssl.keystore.certificate.chain = null
	ssl.keystore.key = null
	ssl.keystore.location = null
	ssl.keystore.password = null
	ssl.keystore.type = JKS
	ssl.protocol = TLSv1.3
	ssl.provider = null
	ssl.secure.random.implementation = null
	ssl.trustmanager.algorithm = PKIX
	ssl.truststore.certificates = null
	ssl.truststore.location = null
	ssl.truststore.password = null
	ssl.truststore.type = JKS
	value.deserializer = class org.apache.kafka.common.serialization.StringDeserializer

2025-12-18 15:18:47.410 [main] INFO  o.a.kafka.common.utils.AppInfoParser - Kafka version: 3.6.0
2025-12-18 15:18:47.410 [main] INFO  o.a.kafka.common.utils.AppInfoParser - Kafka commitId: 60e845626d8a465a
2025-12-18 15:18:47.410 [main] INFO  o.a.kafka.common.utils.AppInfoParser - Kafka startTimeMs: 1766042327410
2025-12-18 15:18:47.418 [main] INFO  o.a.k.clients.consumer.KafkaConsumer - [Consumer clientId=consumer-test-consumer-group-1, groupId=test-consumer-group] Subscribed to topic(s): stock-realtime
2025-12-18 15:18:47.425 [main] INFO  org.apache.kafka.clients.Metadata - [Consumer clientId=consumer-test-consumer-group-1, groupId=test-consumer-group] Cluster ID: ChL86p1WSzqV6IiyS4AsZA
2025-12-18 15:18:47.426 [main] INFO  o.a.k.c.c.i.ConsumerCoordinator - [Consumer clientId=consumer-test-consumer-group-1, groupId=test-consumer-group] Discovered group coordinator 192.168.202.130:9092 (id: 2147483647 rack: null)
2025-12-18 15:18:47.430 [main] INFO  o.a.k.c.c.i.ConsumerCoordinator - [Consumer clientId=consumer-test-consumer-group-1, groupId=test-consumer-group] (Re-)joining group
2025-12-18 15:18:47.450 [main] INFO  o.a.k.c.c.i.ConsumerCoordinator - [Consumer clientId=consumer-test-consumer-group-1, groupId=test-consumer-group] Group coordinator 192.168.202.130:9092 (id: 2147483647 rack: null) is unavailable or invalid due to cause: error response NOT_COORDINATOR. isDisconnected: false. Rediscovery will be attempted.
2025-12-18 15:18:47.450 [main] INFO  o.a.k.c.c.i.ConsumerCoordinator - [Consumer clientId=consumer-test-consumer-group-1, groupId=test-consumer-group] Requesting disconnect from last known coordinator 192.168.202.130:9092 (id: 2147483647 rack: null)
2025-12-18 15:18:47.450 [main] INFO  o.a.k.c.c.i.ConsumerCoordinator - [Consumer clientId=consumer-test-consumer-group-1, groupId=test-consumer-group] JoinGroup failed: This is not the correct coordinator. Marking coordinator unknown. Sent generation was Generation{generationId=-1, memberId='', protocol='null'}
2025-12-18 15:18:47.450 [main] INFO  o.apache.kafka.clients.NetworkClient - [Consumer clientId=consumer-test-consumer-group-1, groupId=test-consumer-group] Client requested disconnect from node 2147483647
2025-12-18 15:18:47.454 [main] INFO  o.a.k.c.c.i.ConsumerCoordinator - [Consumer clientId=consumer-test-consumer-group-1, groupId=test-consumer-group] Discovered group coordinator 192.168.202.130:9092 (id: 2147483647 rack: null)
2025-12-18 15:18:47.454 [main] INFO  o.a.k.c.c.i.ConsumerCoordinator - [Consumer clientId=consumer-test-consumer-group-1, groupId=test-consumer-group] Group coordinator 192.168.202.130:9092 (id: 2147483647 rack: null) is unavailable or invalid due to cause: coordinator unavailable. isDisconnected: false. Rediscovery will be attempted.
2025-12-18 15:18:47.454 [main] INFO  o.a.k.c.c.i.ConsumerCoordinator - [Consumer clientId=consumer-test-consumer-group-1, groupId=test-consumer-group] Requesting disconnect from last known coordinator 192.168.202.130:9092 (id: 2147483647 rack: null)
2025-12-18 15:18:47.561 [main] INFO  o.a.k.c.c.i.ConsumerCoordinator - [Consumer clientId=consumer-test-consumer-group-1, groupId=test-consumer-group] Discovered group coordinator 192.168.202.130:9092 (id: 2147483647 rack: null)
2025-12-18 15:18:47.562 [main] INFO  o.a.k.c.c.i.ConsumerCoordinator - [Consumer clientId=consumer-test-consumer-group-1, groupId=test-consumer-group] Request joining group due to: rebalance failed due to 'This is not the correct coordinator.' (NotCoordinatorException)
2025-12-18 15:18:47.563 [main] INFO  o.a.k.c.c.i.ConsumerCoordinator - [Consumer clientId=consumer-test-consumer-group-1, groupId=test-consumer-group] (Re-)joining group
2025-12-18 15:18:47.566 [main] INFO  o.a.k.c.c.i.ConsumerCoordinator - [Consumer clientId=consumer-test-consumer-group-1, groupId=test-consumer-group] Group coordinator 192.168.202.130:9092 (id: 2147483647 rack: null) is unavailable or invalid due to cause: error response NOT_COORDINATOR. isDisconnected: false. Rediscovery will be attempted.
2025-12-18 15:18:47.566 [main] INFO  o.a.k.c.c.i.ConsumerCoordinator - [Consumer clientId=consumer-test-consumer-group-1, groupId=test-consumer-group] Requesting disconnect from last known coordinator 192.168.202.130:9092 (id: 2147483647 rack: null)
2025-12-18 15:18:47.566 [main] INFO  o.a.k.c.c.i.ConsumerCoordinator - [Consumer clientId=consumer-test-consumer-group-1, groupId=test-consumer-group] JoinGroup failed: This is not the correct coordinator. Marking coordinator unknown. Sent generation was Generation{generationId=-1, memberId='', protocol='null'}
2025-12-18 15:18:47.567 [main] INFO  o.apache.kafka.clients.NetworkClient - [Consumer clientId=consumer-test-consumer-group-1, groupId=test-consumer-group] Client requested disconnect from node 2147483647
2025-12-18 15:18:47.568 [main] INFO  o.a.k.c.c.i.ConsumerCoordinator - [Consumer clientId=consumer-test-consumer-group-1, groupId=test-consumer-group] Discovered group coordinator 192.168.202.130:9092 (id: 2147483647 rack: null)
2025-12-18 15:18:47.569 [main] INFO  o.a.k.c.c.i.ConsumerCoordinator - [Consumer clientId=consumer-test-consumer-group-1, groupId=test-consumer-group] Group coordinator 192.168.202.130:9092 (id: 2147483647 rack: null) is unavailable or invalid due to cause: coordinator unavailable. isDisconnected: false. Rediscovery will be attempted.
2025-12-18 15:18:47.569 [main] INFO  o.a.k.c.c.i.ConsumerCoordinator - [Consumer clientId=consumer-test-consumer-group-1, groupId=test-consumer-group] Requesting disconnect from last known coordinator 192.168.202.130:9092 (id: 2147483647 rack: null)
2025-12-18 15:18:47.684 [main] INFO  o.a.k.c.c.i.ConsumerCoordinator - [Consumer clientId=consumer-test-consumer-group-1, groupId=test-consumer-group] Discovered group coordinator 192.168.202.130:9092 (id: 2147483647 rack: null)
2025-12-18 15:18:47.685 [main] INFO  o.a.k.c.c.i.ConsumerCoordinator - [Consumer clientId=consumer-test-consumer-group-1, groupId=test-consumer-group] Request joining group due to: rebalance failed due to 'This is not the correct coordinator.' (NotCoordinatorException)
2025-12-18 15:18:47.686 [main] INFO  o.a.k.c.c.i.ConsumerCoordinator - [Consumer clientId=consumer-test-consumer-group-1, groupId=test-consumer-group] (Re-)joining group
2025-12-18 15:18:47.688 [main] INFO  o.a.k.c.c.i.ConsumerCoordinator - [Consumer clientId=consumer-test-consumer-group-1, groupId=test-consumer-group] Group coordinator 192.168.202.130:9092 (id: 2147483647 rack: null) is unavailable or invalid due to cause: error response NOT_COORDINATOR. isDisconnected: false. Rediscovery will be attempted.
2025-12-18 15:18:47.689 [main] INFO  o.a.k.c.c.i.ConsumerCoordinator - [Consumer clientId=consumer-test-consumer-group-1, groupId=test-consumer-group] Requesting disconnect from last known coordinator 192.168.202.130:9092 (id: 2147483647 rack: null)
2025-12-18 15:18:47.689 [main] INFO  o.a.k.c.c.i.ConsumerCoordinator - [Consumer clientId=consumer-test-consumer-group-1, groupId=test-consumer-group] JoinGroup failed: This is not the correct coordinator. Marking coordinator unknown. Sent generation was Generation{generationId=-1, memberId='', protocol='null'}
2025-12-18 15:18:47.689 [main] INFO  o.apache.kafka.clients.NetworkClient - [Consumer clientId=consumer-test-consumer-group-1, groupId=test-consumer-group] Client requested disconnect from node 2147483647
2025-12-18 15:18:47.691 [main] INFO  o.a.k.c.c.i.ConsumerCoordinator - [Consumer clientId=consumer-test-consumer-group-1, groupId=test-consumer-group] Discovered group coordinator 192.168.202.130:9092 (id: 2147483647 rack: null)
2025-12-18 15:18:47.692 [main] INFO  o.a.k.c.c.i.ConsumerCoordinator - [Consumer clientId=consumer-test-consumer-group-1, groupId=test-consumer-group] Group coordinator 192.168.202.130:9092 (id: 2147483647 rack: null) is unavailable or invalid due to cause: coordinator unavailable. isDisconnected: false. Rediscovery will be attempted.
2025-12-18 15:18:47.692 [main] INFO  o.a.k.c.c.i.ConsumerCoordinator - [Consumer clientId=consumer-test-consumer-group-1, groupId=test-consumer-group] Requesting disconnect from last known coordinator 192.168.202.130:9092 (id: 2147483647 rack: null)
2025-12-18 15:18:47.809 [main] INFO  o.a.k.c.c.i.ConsumerCoordinator - [Consumer clientId=consumer-test-consumer-group-1, groupId=test-consumer-group] Discovered group coordinator 192.168.202.130:9092 (id: 2147483647 rack: null)
2025-12-18 15:18:47.810 [main] INFO  o.a.k.c.c.i.ConsumerCoordinator - [Consumer clientId=consumer-test-consumer-group-1, groupId=test-consumer-group] Request joining group due to: rebalance failed due to 'This is not the correct coordinator.' (NotCoordinatorException)
2025-12-18 15:18:47.810 [main] INFO  o.a.k.c.c.i.ConsumerCoordinator - [Consumer clientId=consumer-test-consumer-group-1, groupId=test-consumer-group] (Re-)joining group
2025-12-18 15:18:47.811 [main] INFO  o.a.k.c.c.i.ConsumerCoordinator - [Consumer clientId=consumer-test-consumer-group-1, groupId=test-consumer-group] Group coordinator 192.168.202.130:9092 (id: 2147483647 rack: null) is unavailable or invalid due to cause: error response NOT_COORDINATOR. isDisconnected: false. Rediscovery will be attempted.
2025-12-18 15:18:47.812 [main] INFO  o.a.k.c.c.i.ConsumerCoordinator - [Consumer clientId=consumer-test-consumer-group-1, groupId=test-consumer-group] Requesting disconnect from last known coordinator 192.168.202.130:9092 (id: 2147483647 rack: null)
2025-12-18 15:18:47.812 [main] INFO  o.a.k.c.c.i.ConsumerCoordinator - [Consumer clientId=consumer-test-consumer-group-1, groupId=test-consumer-group] JoinGroup failed: This is not the correct coordinator. Marking coordinator unknown. Sent generation was Generation{generationId=-1, memberId='', protocol='null'}
2025-12-18 15:18:47.812 [main] INFO  o.apache.kafka.clients.NetworkClient - [Consumer clientId=consumer-test-consumer-group-1, groupId=test-consumer-group] Client requested disconnect from node 2147483647
2025-12-18 15:18:47.813 [main] INFO  o.a.k.c.c.i.ConsumerCoordinator - [Consumer clientId=consumer-test-consumer-group-1, groupId=test-consumer-group] Discovered group coordinator 192.168.202.130:9092 (id: 2147483647 rack: null)
2025-12-18 15:18:47.814 [main] INFO  o.a.k.c.c.i.ConsumerCoordinator - [Consumer clientId=consumer-test-consumer-group-1, groupId=test-consumer-group] Group coordinator 192.168.202.130:9092 (id: 2147483647 rack: null) is unavailable or invalid due to cause: coordinator unavailable. isDisconnected: false. Rediscovery will be attempted.
2025-12-18 15:18:47.814 [main] INFO  o.a.k.c.c.i.ConsumerCoordinator - [Consumer clientId=consumer-test-consumer-group-1, groupId=test-consumer-group] Requesting disconnect from last known coordinator 192.168.202.130:9092 (id: 2147483647 rack: null)
2025-12-18 15:18:47.919 [main] INFO  o.a.k.c.c.i.ConsumerCoordinator - [Consumer clientId=consumer-test-consumer-group-1, groupId=test-consumer-group] Discovered group coordinator 192.168.202.130:9092 (id: 2147483647 rack: null)
2025-12-18 15:18:47.920 [main] INFO  o.a.k.c.c.i.ConsumerCoordinator - [Consumer clientId=consumer-test-consumer-group-1, groupId=test-consumer-group] Request joining group due to: rebalance failed due to 'This is not the correct coordinator.' (NotCoordinatorException)
2025-12-18 15:18:47.921 [main] INFO  o.a.k.c.c.i.ConsumerCoordinator - [Consumer clientId=consumer-test-consumer-group-1, groupId=test-consumer-group] (Re-)joining group
2025-12-18 15:18:47.923 [main] INFO  o.a.k.c.c.i.ConsumerCoordinator - [Consumer clientId=consumer-test-consumer-group-1, groupId=test-consumer-group] Group coordinator 192.168.202.130:9092 (id: 2147483647 rack: null) is unavailable or invalid due to cause: error response NOT_COORDINATOR. isDisconnected: false. Rediscovery will be attempted.
2025-12-18 15:18:47.923 [main] INFO  o.a.k.c.c.i.ConsumerCoordinator - [Consumer clientId=consumer-test-consumer-group-1, groupId=test-consumer-group] Requesting disconnect from last known coordinator 192.168.202.130:9092 (id: 2147483647 rack: null)
2025-12-18 15:18:47.923 [main] INFO  o.a.k.c.c.i.ConsumerCoordinator - [Consumer clientId=consumer-test-consumer-group-1, groupId=test-consumer-group] JoinGroup failed: This is not the correct coordinator. Marking coordinator unknown. Sent generation was Generation{generationId=-1, memberId='', protocol='null'}
2025-12-18 15:18:47.923 [main] INFO  o.apache.kafka.clients.NetworkClient - [Consumer clientId=consumer-test-consumer-group-1, groupId=test-consumer-group] Client requested disconnect from node 2147483647
2025-12-18 15:18:47.924 [main] INFO  o.a.k.c.c.i.ConsumerCoordinator - [Consumer clientId=consumer-test-consumer-group-1, groupId=test-consumer-group] Discovered group coordinator 192.168.202.130:9092 (id: 2147483647 rack: null)
2025-12-18 15:18:47.925 [main] INFO  o.a.k.c.c.i.ConsumerCoordinator - [Consumer clientId=consumer-test-consumer-group-1, groupId=test-consumer-group] Group coordinator 192.168.202.130:9092 (id: 2147483647 rack: null) is unavailable or invalid due to cause: coordinator unavailable. isDisconnected: false. Rediscovery will be attempted.
2025-12-18 15:18:47.925 [main] INFO  o.a.k.c.c.i.ConsumerCoordinator - [Consumer clientId=consumer-test-consumer-group-1, groupId=test-consumer-group] Requesting disconnect from last known coordinator 192.168.202.130:9092 (id: 2147483647 rack: null)
2025-12-18 15:18:48.027 [main] INFO  o.a.k.c.c.i.ConsumerCoordinator - [Consumer clientId=consumer-test-consumer-group-1, groupId=test-consumer-group] Discovered group coordinator 192.168.202.130:9092 (id: 2147483647 rack: null)
2025-12-18 15:18:48.029 [main] INFO  o.a.k.c.c.i.ConsumerCoordinator - [Consumer clientId=consumer-test-consumer-group-1, groupId=test-consumer-group] Request joining group due to: rebalance failed due to 'This is not the correct coordinator.' (NotCoordinatorException)
2025-12-18 15:18:48.029 [main] INFO  o.a.k.c.c.i.ConsumerCoordinator - [Consumer clientId=consumer-test-consumer-group-1, groupId=test-consumer-group] (Re-)joining group
2025-12-18 15:18:48.032 [main] INFO  o.a.k.c.c.i.ConsumerCoordinator - [Consumer clientId=consumer-test-consumer-group-1, groupId=test-consumer-group] Group coordinator 192.168.202.130:9092 (id: 2147483647 rack: null) is unavailable or invalid due to cause: error response NOT_COORDINATOR. isDisconnected: false. Rediscovery will be attempted.
2025-12-18 15:18:48.032 [main] INFO  o.a.k.c.c.i.ConsumerCoordinator - [Consumer clientId=consumer-test-consumer-group-1, groupId=test-consumer-group] Requesting disconnect from last known coordinator 192.168.202.130:9092 (id: 2147483647 rack: null)
2025-12-18 15:18:48.032 [main] INFO  o.a.k.c.c.i.ConsumerCoordinator - [Consumer clientId=consumer-test-consumer-group-1, groupId=test-consumer-group] JoinGroup failed: This is not the correct coordinator. Marking coordinator unknown. Sent generation was Generation{generationId=-1, memberId='', protocol='null'}
2025-12-18 15:18:48.032 [main] INFO  o.apache.kafka.clients.NetworkClient - [Consumer clientId=consumer-test-consumer-group-1, groupId=test-consumer-group] Client requested disconnect from node 2147483647
2025-12-18 15:18:48.034 [main] INFO  o.a.k.c.c.i.ConsumerCoordinator - [Consumer clientId=consumer-test-consumer-group-1, groupId=test-consumer-group] Discovered group coordinator 192.168.202.130:9092 (id: 2147483647 rack: null)
2025-12-18 15:18:48.034 [main] INFO  o.a.k.c.c.i.ConsumerCoordinator - [Consumer clientId=consumer-test-consumer-group-1, groupId=test-consumer-group] Group coordinator 192.168.202.130:9092 (id: 2147483647 rack: null) is unavailable or invalid due to cause: coordinator unavailable. isDisconnected: false. Rediscovery will be attempted.
2025-12-18 15:18:48.034 [main] INFO  o.a.k.c.c.i.ConsumerCoordinator - [Consumer clientId=consumer-test-consumer-group-1, groupId=test-consumer-group] Requesting disconnect from last known coordinator 192.168.202.130:9092 (id: 2147483647 rack: null)
2025-12-18 15:18:48.152 [main] INFO  o.a.k.c.c.i.ConsumerCoordinator - [Consumer clientId=consumer-test-consumer-group-1, groupId=test-consumer-group] Discovered group coordinator 192.168.202.130:9092 (id: 2147483647 rack: null)
2025-12-18 15:18:48.153 [main] INFO  o.a.k.c.c.i.ConsumerCoordinator - [Consumer clientId=consumer-test-consumer-group-1, groupId=test-consumer-group] Request joining group due to: rebalance failed due to 'This is not the correct coordinator.' (NotCoordinatorException)
2025-12-18 15:18:48.153 [main] INFO  o.a.k.c.c.i.ConsumerCoordinator - [Consumer clientId=consumer-test-consumer-group-1, groupId=test-consumer-group] (Re-)joining group
2025-12-18 15:18:48.155 [main] INFO  o.a.k.c.c.i.ConsumerCoordinator - [Consumer clientId=consumer-test-consumer-group-1, groupId=test-consumer-group] Group coordinator 192.168.202.130:9092 (id: 2147483647 rack: null) is unavailable or invalid due to cause: error response NOT_COORDINATOR. isDisconnected: false. Rediscovery will be attempted.
2025-12-18 15:18:48.155 [main] INFO  o.a.k.c.c.i.ConsumerCoordinator - [Consumer clientId=consumer-test-consumer-group-1, groupId=test-consumer-group] Requesting disconnect from last known coordinator 192.168.202.130:9092 (id: 2147483647 rack: null)
2025-12-18 15:18:48.155 [main] INFO  o.a.k.c.c.i.ConsumerCoordinator - [Consumer clientId=consumer-test-consumer-group-1, groupId=test-consumer-group] JoinGroup failed: This is not the correct coordinator. Marking coordinator unknown. Sent generation was Generation{generationId=-1, memberId='', protocol='null'}
2025-12-18 15:18:48.156 [main] INFO  o.apache.kafka.clients.NetworkClient - [Consumer clientId=consumer-test-consumer-group-1, groupId=test-consumer-group] Client requested disconnect from node 2147483647
2025-12-18 15:18:48.156 [main] INFO  o.a.k.c.c.i.ConsumerCoordinator - [Consumer clientId=consumer-test-consumer-group-1, groupId=test-consumer-group] Discovered group coordinator 192.168.202.130:9092 (id: 2147483647 rack: null)
2025-12-18 15:18:48.156 [main] INFO  o.a.k.c.c.i.ConsumerCoordinator - [Consumer clientId=consumer-test-consumer-group-1, groupId=test-consumer-group] Group coordinator 192.168.202.130:9092 (id: 2147483647 rack: null) is unavailable or invalid due to cause: coordinator unavailable. isDisconnected: false. Rediscovery will be attempted.
2025-12-18 15:18:48.156 [main] INFO  o.a.k.c.c.i.ConsumerCoordinator - [Consumer clientId=consumer-test-consumer-group-1, groupId=test-consumer-group] Requesting disconnect from last known coordinator 192.168.202.130:9092 (id: 2147483647 rack: null)
2025-12-18 15:18:48.261 [main] INFO  o.a.k.c.c.i.ConsumerCoordinator - [Consumer clientId=consumer-test-consumer-group-1, groupId=test-consumer-group] Discovered group coordinator 192.168.202.130:9092 (id: 2147483647 rack: null)
2025-12-18 15:18:48.262 [main] INFO  o.a.k.c.c.i.ConsumerCoordinator - [Consumer clientId=consumer-test-consumer-group-1, groupId=test-consumer-group] Request joining group due to: rebalance failed due to 'This is not the correct coordinator.' (NotCoordinatorException)
2025-12-18 15:18:48.263 [main] INFO  o.a.k.c.c.i.ConsumerCoordinator - [Consumer clientId=consumer-test-consumer-group-1, groupId=test-consumer-group] (Re-)joining group
2025-12-18 15:18:48.265 [main] INFO  o.a.k.c.c.i.ConsumerCoordinator - [Consumer clientId=consumer-test-consumer-group-1, groupId=test-consumer-group] Group coordinator 192.168.202.130:9092 (id: 2147483647 rack: null) is unavailable or invalid due to cause: error response NOT_COORDINATOR. isDisconnected: false. Rediscovery will be attempted.
2025-12-18 15:18:48.265 [main] INFO  o.a.k.c.c.i.ConsumerCoordinator - [Consumer clientId=consumer-test-consumer-group-1, groupId=test-consumer-group] Requesting disconnect from last known coordinator 192.168.202.130:9092 (id: 2147483647 rack: null)
2025-12-18 15:18:48.265 [main] INFO  o.a.k.c.c.i.ConsumerCoordinator - [Consumer clientId=consumer-test-consumer-group-1, groupId=test-consumer-group] JoinGroup failed: This is not the correct coordinator. Marking coordinator unknown. Sent generation was Generation{generationId=-1, memberId='', protocol='null'}
2025-12-18 15:18:48.265 [main] INFO  o.apache.kafka.clients.NetworkClient - [Consumer clientId=consumer-test-consumer-group-1, groupId=test-consumer-group] Client requested disconnect from node 2147483647
2025-12-18 15:18:48.267 [main] INFO  o.a.k.c.c.i.ConsumerCoordinator - [Consumer clientId=consumer-test-consumer-group-1, groupId=test-consumer-group] Discovered group coordinator 192.168.202.130:9092 (id: 2147483647 rack: null)
2025-12-18 15:18:48.267 [main] INFO  o.a.k.c.c.i.ConsumerCoordinator - [Consumer clientId=consumer-test-consumer-group-1, groupId=test-consumer-group] Group coordinator 192.168.202.130:9092 (id: 2147483647 rack: null) is unavailable or invalid due to cause: coordinator unavailable. isDisconnected: false. Rediscovery will be attempted.
2025-12-18 15:18:48.267 [main] INFO  o.a.k.c.c.i.ConsumerCoordinator - [Consumer clientId=consumer-test-consumer-group-1, groupId=test-consumer-group] Requesting disconnect from last known coordinator 192.168.202.130:9092 (id: 2147483647 rack: null)
2025-12-18 15:18:48.371 [main] INFO  o.a.k.c.c.i.ConsumerCoordinator - [Consumer clientId=consumer-test-consumer-group-1, groupId=test-consumer-group] Discovered group coordinator 192.168.202.130:9092 (id: 2147483647 rack: null)
2025-12-18 15:18:48.372 [main] INFO  o.a.k.c.c.i.ConsumerCoordinator - [Consumer clientId=consumer-test-consumer-group-1, groupId=test-consumer-group] Request joining group due to: rebalance failed due to 'This is not the correct coordinator.' (NotCoordinatorException)
2025-12-18 15:18:48.372 [main] INFO  o.a.k.c.c.i.ConsumerCoordinator - [Consumer clientId=consumer-test-consumer-group-1, groupId=test-consumer-group] (Re-)joining group
2025-12-18 15:18:48.374 [main] INFO  o.a.k.c.c.i.ConsumerCoordinator - [Consumer clientId=consumer-test-consumer-group-1, groupId=test-consumer-group] Group coordinator 192.168.202.130:9092 (id: 2147483647 rack: null) is unavailable or invalid due to cause: error response NOT_COORDINATOR. isDisconnected: false. Rediscovery will be attempted.
2025-12-18 15:18:48.375 [main] INFO  o.a.k.c.c.i.ConsumerCoordinator - [Consumer clientId=consumer-test-consumer-group-1, groupId=test-consumer-group] Requesting disconnect from last known coordinator 192.168.202.130:9092 (id: 2147483647 rack: null)
2025-12-18 15:18:48.375 [main] INFO  o.a.k.c.c.i.ConsumerCoordinator - [Consumer clientId=consumer-test-consumer-group-1, groupId=test-consumer-group] JoinGroup failed: This is not the correct coordinator. Marking coordinator unknown. Sent generation was Generation{generationId=-1, memberId='', protocol='null'}
2025-12-18 15:18:48.375 [main] INFO  o.apache.kafka.clients.NetworkClient - [Consumer clientId=consumer-test-consumer-group-1, groupId=test-consumer-group] Client requested disconnect from node 2147483647
2025-12-18 15:18:48.376 [main] INFO  o.a.k.c.c.i.ConsumerCoordinator - [Consumer clientId=consumer-test-consumer-group-1, groupId=test-consumer-group] Discovered group coordinator 192.168.202.130:9092 (id: 2147483647 rack: null)
2025-12-18 15:18:48.376 [main] INFO  o.a.k.c.c.i.ConsumerCoordinator - [Consumer clientId=consumer-test-consumer-group-1, groupId=test-consumer-group] Group coordinator 192.168.202.130:9092 (id: 2147483647 rack: null) is unavailable or invalid due to cause: coordinator unavailable. isDisconnected: false. Rediscovery will be attempted.
2025-12-18 15:18:48.376 [main] INFO  o.a.k.c.c.i.ConsumerCoordinator - [Consumer clientId=consumer-test-consumer-group-1, groupId=test-consumer-group] Requesting disconnect from last known coordinator 192.168.202.130:9092 (id: 2147483647 rack: null)
2025-12-18 15:18:48.481 [main] INFO  o.a.k.c.c.i.ConsumerCoordinator - [Consumer clientId=consumer-test-consumer-group-1, groupId=test-consumer-group] Discovered group coordinator 192.168.202.130:9092 (id: 2147483647 rack: null)
2025-12-18 15:18:48.482 [main] INFO  o.a.k.c.c.i.ConsumerCoordinator - [Consumer clientId=consumer-test-consumer-group-1, groupId=test-consumer-group] Request joining group due to: rebalance failed due to 'This is not the correct coordinator.' (NotCoordinatorException)
2025-12-18 15:18:48.483 [main] INFO  o.a.k.c.c.i.ConsumerCoordinator - [Consumer clientId=consumer-test-consumer-group-1, groupId=test-consumer-group] (Re-)joining group
2025-12-18 15:18:48.485 [main] INFO  o.a.k.c.c.i.ConsumerCoordinator - [Consumer clientId=consumer-test-consumer-group-1, groupId=test-consumer-group] Group coordinator 192.168.202.130:9092 (id: 2147483647 rack: null) is unavailable or invalid due to cause: error response NOT_COORDINATOR. isDisconnected: false. Rediscovery will be attempted.
2025-12-18 15:18:48.485 [main] INFO  o.a.k.c.c.i.ConsumerCoordinator - [Consumer clientId=consumer-test-consumer-group-1, groupId=test-consumer-group] Requesting disconnect from last known coordinator 192.168.202.130:9092 (id: 2147483647 rack: null)
2025-12-18 15:18:48.485 [main] INFO  o.a.k.c.c.i.ConsumerCoordinator - [Consumer clientId=consumer-test-consumer-group-1, groupId=test-consumer-group] JoinGroup failed: This is not the correct coordinator. Marking coordinator unknown. Sent generation was Generation{generationId=-1, memberId='', protocol='null'}
2025-12-18 15:18:48.485 [main] INFO  o.apache.kafka.clients.NetworkClient - [Consumer clientId=consumer-test-consumer-group-1, groupId=test-consumer-group] Client requested disconnect from node 2147483647
2025-12-18 15:18:48.487 [main] INFO  o.a.k.c.c.i.ConsumerCoordinator - [Consumer clientId=consumer-test-consumer-group-1, groupId=test-consumer-group] Discovered group coordinator 192.168.202.130:9092 (id: 2147483647 rack: null)
2025-12-18 15:18:48.487 [main] INFO  o.a.k.c.c.i.ConsumerCoordinator - [Consumer clientId=consumer-test-consumer-group-1, groupId=test-consumer-group] Group coordinator 192.168.202.130:9092 (id: 2147483647 rack: null) is unavailable or invalid due to cause: coordinator unavailable. isDisconnected: false. Rediscovery will be attempted.
2025-12-18 15:18:48.487 [main] INFO  o.a.k.c.c.i.ConsumerCoordinator - [Consumer clientId=consumer-test-consumer-group-1, groupId=test-consumer-group] Requesting disconnect from last known coordinator 192.168.202.130:9092 (id: 2147483647 rack: null)
2025-12-18 15:18:48.604 [main] INFO  o.a.k.c.c.i.ConsumerCoordinator - [Consumer clientId=consumer-test-consumer-group-1, groupId=test-consumer-group] Discovered group coordinator 192.168.202.130:9092 (id: 2147483647 rack: null)
2025-12-18 15:18:48.605 [main] INFO  o.a.k.c.c.i.ConsumerCoordinator - [Consumer clientId=consumer-test-consumer-group-1, groupId=test-consumer-group] Request joining group due to: rebalance failed due to 'This is not the correct coordinator.' (NotCoordinatorException)
2025-12-18 15:18:48.605 [main] INFO  o.a.k.c.c.i.ConsumerCoordinator - [Consumer clientId=consumer-test-consumer-group-1, groupId=test-consumer-group] (Re-)joining group
2025-12-18 15:18:48.607 [main] INFO  o.a.k.c.c.i.ConsumerCoordinator - [Consumer clientId=consumer-test-consumer-group-1, groupId=test-consumer-group] Group coordinator 192.168.202.130:9092 (id: 2147483647 rack: null) is unavailable or invalid due to cause: error response NOT_COORDINATOR. isDisconnected: false. Rediscovery will be attempted.
2025-12-18 15:18:48.607 [main] INFO  o.a.k.c.c.i.ConsumerCoordinator - [Consumer clientId=consumer-test-consumer-group-1, groupId=test-consumer-group] Requesting disconnect from last known coordinator 192.168.202.130:9092 (id: 2147483647 rack: null)
2025-12-18 15:18:48.607 [main] INFO  o.a.k.c.c.i.ConsumerCoordinator - [Consumer clientId=consumer-test-consumer-group-1, groupId=test-consumer-group] JoinGroup failed: This is not the correct coordinator. Marking coordinator unknown. Sent generation was Generation{generationId=-1, memberId='', protocol='null'}
2025-12-18 15:18:48.608 [main] INFO  o.apache.kafka.clients.NetworkClient - [Consumer clientId=consumer-test-consumer-group-1, groupId=test-consumer-group] Client requested disconnect from node 2147483647
2025-12-18 15:18:48.610 [main] INFO  o.a.k.c.c.i.ConsumerCoordinator - [Consumer clientId=consumer-test-consumer-group-1, groupId=test-consumer-group] Discovered group coordinator 192.168.202.130:9092 (id: 2147483647 rack: null)
2025-12-18 15:18:48.610 [main] INFO  o.a.k.c.c.i.ConsumerCoordinator - [Consumer clientId=consumer-test-consumer-group-1, groupId=test-consumer-group] Group coordinator 192.168.202.130:9092 (id: 2147483647 rack: null) is unavailable or invalid due to cause: coordinator unavailable. isDisconnected: false. Rediscovery will be attempted.
2025-12-18 15:18:48.610 [main] INFO  o.a.k.c.c.i.ConsumerCoordinator - [Consumer clientId=consumer-test-consumer-group-1, groupId=test-consumer-group] Requesting disconnect from last known coordinator 192.168.202.130:9092 (id: 2147483647 rack: null)
2025-12-18 15:18:48.730 [main] INFO  o.a.k.c.c.i.ConsumerCoordinator - [Consumer clientId=consumer-test-consumer-group-1, groupId=test-consumer-group] Discovered group coordinator 192.168.202.130:9092 (id: 2147483647 rack: null)
2025-12-18 15:18:48.731 [main] INFO  o.a.k.c.c.i.ConsumerCoordinator - [Consumer clientId=consumer-test-consumer-group-1, groupId=test-consumer-group] Request joining group due to: rebalance failed due to 'This is not the correct coordinator.' (NotCoordinatorException)
2025-12-18 15:18:48.734 [main] INFO  o.a.k.c.c.i.ConsumerCoordinator - [Consumer clientId=consumer-test-consumer-group-1, groupId=test-consumer-group] (Re-)joining group
2025-12-18 15:18:48.736 [main] INFO  o.a.k.c.c.i.ConsumerCoordinator - [Consumer clientId=consumer-test-consumer-group-1, groupId=test-consumer-group] Group coordinator 192.168.202.130:9092 (id: 2147483647 rack: null) is unavailable or invalid due to cause: error response NOT_COORDINATOR. isDisconnected: false. Rediscovery will be attempted.
2025-12-18 15:18:48.736 [main] INFO  o.a.k.c.c.i.ConsumerCoordinator - [Consumer clientId=consumer-test-consumer-group-1, groupId=test-consumer-group] Requesting disconnect from last known coordinator 192.168.202.130:9092 (id: 2147483647 rack: null)
2025-12-18 15:18:48.736 [main] INFO  o.a.k.c.c.i.ConsumerCoordinator - [Consumer clientId=consumer-test-consumer-group-1, groupId=test-consumer-group] JoinGroup failed: This is not the correct coordinator. Marking coordinator unknown. Sent generation was Generation{generationId=-1, memberId='', protocol='null'}
2025-12-18 15:18:48.737 [main] INFO  o.apache.kafka.clients.NetworkClient - [Consumer clientId=consumer-test-consumer-group-1, groupId=test-consumer-group] Client requested disconnect from node 2147483647
2025-12-18 15:18:48.738 [main] INFO  o.a.k.c.c.i.ConsumerCoordinator - [Consumer clientId=consumer-test-consumer-group-1, groupId=test-consumer-group] Discovered group coordinator 192.168.202.130:9092 (id: 2147483647 rack: null)
2025-12-18 15:18:48.738 [main] INFO  o.a.k.c.c.i.ConsumerCoordinator - [Consumer clientId=consumer-test-consumer-group-1, groupId=test-consumer-group] Group coordinator 192.168.202.130:9092 (id: 2147483647 rack: null) is unavailable or invalid due to cause: coordinator unavailable. isDisconnected: false. Rediscovery will be attempted.
2025-12-18 15:18:48.738 [main] INFO  o.a.k.c.c.i.ConsumerCoordinator - [Consumer clientId=consumer-test-consumer-group-1, groupId=test-consumer-group] Requesting disconnect from last known coordinator 192.168.202.130:9092 (id: 2147483647 rack: null)
2025-12-18 15:18:48.852 [main] INFO  o.a.k.c.c.i.ConsumerCoordinator - [Consumer clientId=consumer-test-consumer-group-1, groupId=test-consumer-group] Discovered group coordinator 192.168.202.130:9092 (id: 2147483647 rack: null)
2025-12-18 15:18:48.852 [main] INFO  o.a.k.c.c.i.ConsumerCoordinator - [Consumer clientId=consumer-test-consumer-group-1, groupId=test-consumer-group] Request joining group due to: rebalance failed due to 'This is not the correct coordinator.' (NotCoordinatorException)
2025-12-18 15:18:48.853 [main] INFO  o.a.k.c.c.i.ConsumerCoordinator - [Consumer clientId=consumer-test-consumer-group-1, groupId=test-consumer-group] (Re-)joining group
2025-12-18 15:18:48.855 [main] INFO  o.a.k.c.c.i.ConsumerCoordinator - [Consumer clientId=consumer-test-consumer-group-1, groupId=test-consumer-group] Group coordinator 192.168.202.130:9092 (id: 2147483647 rack: null) is unavailable or invalid due to cause: error response NOT_COORDINATOR. isDisconnected: false. Rediscovery will be attempted.
2025-12-18 15:18:48.856 [main] INFO  o.a.k.c.c.i.ConsumerCoordinator - [Consumer clientId=consumer-test-consumer-group-1, groupId=test-consumer-group] Requesting disconnect from last known coordinator 192.168.202.130:9092 (id: 2147483647 rack: null)
2025-12-18 15:18:48.856 [main] INFO  o.a.k.c.c.i.ConsumerCoordinator - [Consumer clientId=consumer-test-consumer-group-1, groupId=test-consumer-group] JoinGroup failed: This is not the correct coordinator. Marking coordinator unknown. Sent generation was Generation{generationId=-1, memberId='', protocol='null'}
2025-12-18 15:18:48.856 [main] INFO  o.apache.kafka.clients.NetworkClient - [Consumer clientId=consumer-test-consumer-group-1, groupId=test-consumer-group] Client requested disconnect from node 2147483647
2025-12-18 15:18:48.858 [main] INFO  o.a.k.c.c.i.ConsumerCoordinator - [Consumer clientId=consumer-test-consumer-group-1, groupId=test-consumer-group] Discovered group coordinator 192.168.202.130:9092 (id: 2147483647 rack: null)
2025-12-18 15:18:48.858 [main] INFO  o.a.k.c.c.i.ConsumerCoordinator - [Consumer clientId=consumer-test-consumer-group-1, groupId=test-consumer-group] Group coordinator 192.168.202.130:9092 (id: 2147483647 rack: null) is unavailable or invalid due to cause: coordinator unavailable. isDisconnected: false. Rediscovery will be attempted.
2025-12-18 15:18:48.858 [main] INFO  o.a.k.c.c.i.ConsumerCoordinator - [Consumer clientId=consumer-test-consumer-group-1, groupId=test-consumer-group] Requesting disconnect from last known coordinator 192.168.202.130:9092 (id: 2147483647 rack: null)
2025-12-18 15:18:48.962 [main] INFO  o.a.k.c.c.i.ConsumerCoordinator - [Consumer clientId=consumer-test-consumer-group-1, groupId=test-consumer-group] Discovered group coordinator 192.168.202.130:9092 (id: 2147483647 rack: null)
2025-12-18 15:18:48.962 [main] INFO  o.a.k.c.c.i.ConsumerCoordinator - [Consumer clientId=consumer-test-consumer-group-1, groupId=test-consumer-group] Request joining group due to: rebalance failed due to 'This is not the correct coordinator.' (NotCoordinatorException)
2025-12-18 15:18:48.963 [main] INFO  o.a.k.c.c.i.ConsumerCoordinator - [Consumer clientId=consumer-test-consumer-group-1, groupId=test-consumer-group] (Re-)joining group
2025-12-18 15:18:48.966 [main] INFO  o.a.k.c.c.i.ConsumerCoordinator - [Consumer clientId=consumer-test-consumer-group-1, groupId=test-consumer-group] Group coordinator 192.168.202.130:9092 (id: 2147483647 rack: null) is unavailable or invalid due to cause: error response NOT_COORDINATOR. isDisconnected: false. Rediscovery will be attempted.
2025-12-18 15:18:48.966 [main] INFO  o.a.k.c.c.i.ConsumerCoordinator - [Consumer clientId=consumer-test-consumer-group-1, groupId=test-consumer-group] Requesting disconnect from last known coordinator 192.168.202.130:9092 (id: 2147483647 rack: null)
2025-12-18 15:18:48.967 [main] INFO  o.a.k.c.c.i.ConsumerCoordinator - [Consumer clientId=consumer-test-consumer-group-1, groupId=test-consumer-group] JoinGroup failed: This is not the correct coordinator. Marking coordinator unknown. Sent generation was Generation{generationId=-1, memberId='', protocol='null'}
2025-12-18 15:18:48.967 [main] INFO  o.apache.kafka.clients.NetworkClient - [Consumer clientId=consumer-test-consumer-group-1, groupId=test-consumer-group] Client requested disconnect from node 2147483647
2025-12-18 15:18:48.968 [main] INFO  o.a.k.c.c.i.ConsumerCoordinator - [Consumer clientId=consumer-test-consumer-group-1, groupId=test-consumer-group] Discovered group coordinator 192.168.202.130:9092 (id: 2147483647 rack: null)
2025-12-18 15:18:48.968 [main] INFO  o.a.k.c.c.i.ConsumerCoordinator - [Consumer clientId=consumer-test-consumer-group-1, groupId=test-consumer-group] Group coordinator 192.168.202.130:9092 (id: 2147483647 rack: null) is unavailable or invalid due to cause: coordinator unavailable. isDisconnected: false. Rediscovery will be attempted.
2025-12-18 15:18:48.968 [main] INFO  o.a.k.c.c.i.ConsumerCoordinator - [Consumer clientId=consumer-test-consumer-group-1, groupId=test-consumer-group] Requesting disconnect from last known coordinator 192.168.202.130:9092 (id: 2147483647 rack: null)
2025-12-18 15:18:49.071 [main] INFO  o.a.k.c.c.i.ConsumerCoordinator - [Consumer clientId=consumer-test-consumer-group-1, groupId=test-consumer-group] Discovered group coordinator 192.168.202.130:9092 (id: 2147483647 rack: null)
2025-12-18 15:18:49.071 [main] INFO  o.a.k.c.c.i.ConsumerCoordinator - [Consumer clientId=consumer-test-consumer-group-1, groupId=test-consumer-group] Request joining group due to: rebalance failed due to 'This is not the correct coordinator.' (NotCoordinatorException)
2025-12-18 15:18:49.072 [main] INFO  o.a.k.c.c.i.ConsumerCoordinator - [Consumer clientId=consumer-test-consumer-group-1, groupId=test-consumer-group] (Re-)joining group
2025-12-18 15:18:49.074 [main] INFO  o.a.k.c.c.i.ConsumerCoordinator - [Consumer clientId=consumer-test-consumer-group-1, groupId=test-consumer-group] Group coordinator 192.168.202.130:9092 (id: 2147483647 rack: null) is unavailable or invalid due to cause: error response NOT_COORDINATOR. isDisconnected: false. Rediscovery will be attempted.
2025-12-18 15:18:49.074 [main] INFO  o.a.k.c.c.i.ConsumerCoordinator - [Consumer clientId=consumer-test-consumer-group-1, groupId=test-consumer-group] Requesting disconnect from last known coordinator 192.168.202.130:9092 (id: 2147483647 rack: null)
2025-12-18 15:18:49.075 [main] INFO  o.a.k.c.c.i.ConsumerCoordinator - [Consumer clientId=consumer-test-consumer-group-1, groupId=test-consumer-group] JoinGroup failed: This is not the correct coordinator. Marking coordinator unknown. Sent generation was Generation{generationId=-1, memberId='', protocol='null'}
2025-12-18 15:18:49.075 [main] INFO  o.apache.kafka.clients.NetworkClient - [Consumer clientId=consumer-test-consumer-group-1, groupId=test-consumer-group] Client requested disconnect from node 2147483647
2025-12-18 15:18:49.076 [main] INFO  o.a.k.c.c.i.ConsumerCoordinator - [Consumer clientId=consumer-test-consumer-group-1, groupId=test-consumer-group] Discovered group coordinator 192.168.202.130:9092 (id: 2147483647 rack: null)
2025-12-18 15:18:49.076 [main] INFO  o.a.k.c.c.i.ConsumerCoordinator - [Consumer clientId=consumer-test-consumer-group-1, groupId=test-consumer-group] Group coordinator 192.168.202.130:9092 (id: 2147483647 rack: null) is unavailable or invalid due to cause: coordinator unavailable. isDisconnected: false. Rediscovery will be attempted.
2025-12-18 15:18:49.076 [main] INFO  o.a.k.c.c.i.ConsumerCoordinator - [Consumer clientId=consumer-test-consumer-group-1, groupId=test-consumer-group] Requesting disconnect from last known coordinator 192.168.202.130:9092 (id: 2147483647 rack: null)
2025-12-18 15:18:49.181 [main] INFO  o.a.k.c.c.i.ConsumerCoordinator - [Consumer clientId=consumer-test-consumer-group-1, groupId=test-consumer-group] Discovered group coordinator 192.168.202.130:9092 (id: 2147483647 rack: null)
2025-12-18 15:18:49.182 [main] INFO  o.a.k.c.c.i.ConsumerCoordinator - [Consumer clientId=consumer-test-consumer-group-1, groupId=test-consumer-group] Request joining group due to: rebalance failed due to 'This is not the correct coordinator.' (NotCoordinatorException)
2025-12-18 15:18:49.183 [main] INFO  o.a.k.c.c.i.ConsumerCoordinator - [Consumer clientId=consumer-test-consumer-group-1, groupId=test-consumer-group] (Re-)joining group
2025-12-18 15:18:49.185 [main] INFO  o.a.k.c.c.i.ConsumerCoordinator - [Consumer clientId=consumer-test-consumer-group-1, groupId=test-consumer-group] Group coordinator 192.168.202.130:9092 (id: 2147483647 rack: null) is unavailable or invalid due to cause: error response NOT_COORDINATOR. isDisconnected: false. Rediscovery will be attempted.
2025-12-18 15:18:49.186 [main] INFO  o.a.k.c.c.i.ConsumerCoordinator - [Consumer clientId=consumer-test-consumer-group-1, groupId=test-consumer-group] Requesting disconnect from last known coordinator 192.168.202.130:9092 (id: 2147483647 rack: null)
2025-12-18 15:18:49.186 [main] INFO  o.a.k.c.c.i.ConsumerCoordinator - [Consumer clientId=consumer-test-consumer-group-1, groupId=test-consumer-group] JoinGroup failed: This is not the correct coordinator. Marking coordinator unknown. Sent generation was Generation{generationId=-1, memberId='', protocol='null'}
2025-12-18 15:18:49.186 [main] INFO  o.apache.kafka.clients.NetworkClient - [Consumer clientId=consumer-test-consumer-group-1, groupId=test-consumer-group] Client requested disconnect from node 2147483647
2025-12-18 15:18:49.187 [main] INFO  o.a.k.c.c.i.ConsumerCoordinator - [Consumer clientId=consumer-test-consumer-group-1, groupId=test-consumer-group] Discovered group coordinator 192.168.202.130:9092 (id: 2147483647 rack: null)
2025-12-18 15:18:49.188 [main] INFO  o.a.k.c.c.i.ConsumerCoordinator - [Consumer clientId=consumer-test-consumer-group-1, groupId=test-consumer-group] Group coordinator 192.168.202.130:9092 (id: 2147483647 rack: null) is unavailable or invalid due to cause: coordinator unavailable. isDisconnected: false. Rediscovery will be attempted.
2025-12-18 15:18:49.188 [main] INFO  o.a.k.c.c.i.ConsumerCoordinator - [Consumer clientId=consumer-test-consumer-group-1, groupId=test-consumer-group] Requesting disconnect from last known coordinator 192.168.202.130:9092 (id: 2147483647 rack: null)
2025-12-18 15:18:49.304 [main] INFO  o.a.k.c.c.i.ConsumerCoordinator - [Consumer clientId=consumer-test-consumer-group-1, groupId=test-consumer-group] Discovered group coordinator 192.168.202.130:9092 (id: 2147483647 rack: null)
2025-12-18 15:18:49.305 [main] INFO  o.a.k.c.c.i.ConsumerCoordinator - [Consumer clientId=consumer-test-consumer-group-1, groupId=test-consumer-group] Request joining group due to: rebalance failed due to 'This is not the correct coordinator.' (NotCoordinatorException)
2025-12-18 15:18:49.305 [main] INFO  o.a.k.c.c.i.ConsumerCoordinator - [Consumer clientId=consumer-test-consumer-group-1, groupId=test-consumer-group] (Re-)joining group
2025-12-18 15:18:49.309 [main] INFO  o.a.k.c.c.i.ConsumerCoordinator - [Consumer clientId=consumer-test-consumer-group-1, groupId=test-consumer-group] Group coordinator 192.168.202.130:9092 (id: 2147483647 rack: null) is unavailable or invalid due to cause: error response NOT_COORDINATOR. isDisconnected: false. Rediscovery will be attempted.
2025-12-18 15:18:49.309 [main] INFO  o.a.k.c.c.i.ConsumerCoordinator - [Consumer clientId=consumer-test-consumer-group-1, groupId=test-consumer-group] Requesting disconnect from last known coordinator 192.168.202.130:9092 (id: 2147483647 rack: null)
2025-12-18 15:18:49.309 [main] INFO  o.a.k.c.c.i.ConsumerCoordinator - [Consumer clientId=consumer-test-consumer-group-1, groupId=test-consumer-group] JoinGroup failed: This is not the correct coordinator. Marking coordinator unknown. Sent generation was Generation{generationId=-1, memberId='', protocol='null'}
2025-12-18 15:18:49.310 [main] INFO  o.apache.kafka.clients.NetworkClient - [Consumer clientId=consumer-test-consumer-group-1, groupId=test-consumer-group] Client requested disconnect from node 2147483647
2025-12-18 15:18:49.311 [main] INFO  o.a.k.c.c.i.ConsumerCoordinator - [Consumer clientId=consumer-test-consumer-group-1, groupId=test-consumer-group] Discovered group coordinator 192.168.202.130:9092 (id: 2147483647 rack: null)
2025-12-18 15:18:49.311 [main] INFO  o.a.k.c.c.i.ConsumerCoordinator - [Consumer clientId=consumer-test-consumer-group-1, groupId=test-consumer-group] Group coordinator 192.168.202.130:9092 (id: 2147483647 rack: null) is unavailable or invalid due to cause: coordinator unavailable. isDisconnected: false. Rediscovery will be attempted.
2025-12-18 15:18:49.311 [main] INFO  o.a.k.c.c.i.ConsumerCoordinator - [Consumer clientId=consumer-test-consumer-group-1, groupId=test-consumer-group] Requesting disconnect from last known coordinator 192.168.202.130:9092 (id: 2147483647 rack: null)
2025-12-18 15:18:49.412 [main] INFO  o.a.k.c.c.i.ConsumerCoordinator - [Consumer clientId=consumer-test-consumer-group-1, groupId=test-consumer-group] Discovered group coordinator 192.168.202.130:9092 (id: 2147483647 rack: null)
2025-12-18 15:18:49.413 [main] INFO  o.a.k.c.c.i.ConsumerCoordinator - [Consumer clientId=consumer-test-consumer-group-1, groupId=test-consumer-group] Request joining group due to: rebalance failed due to 'This is not the correct coordinator.' (NotCoordinatorException)
2025-12-18 15:18:49.413 [main] INFO  o.a.k.c.c.i.ConsumerCoordinator - [Consumer clientId=consumer-test-consumer-group-1, groupId=test-consumer-group] (Re-)joining group
2025-12-18 15:18:49.417 [main] INFO  o.a.k.c.c.i.ConsumerCoordinator - [Consumer clientId=consumer-test-consumer-group-1, groupId=test-consumer-group] Group coordinator 192.168.202.130:9092 (id: 2147483647 rack: null) is unavailable or invalid due to cause: error response NOT_COORDINATOR. isDisconnected: false. Rediscovery will be attempted.
2025-12-18 15:18:49.417 [main] INFO  o.a.k.c.c.i.ConsumerCoordinator - [Consumer clientId=consumer-test-consumer-group-1, groupId=test-consumer-group] Requesting disconnect from last known coordinator 192.168.202.130:9092 (id: 2147483647 rack: null)
2025-12-18 15:18:49.417 [main] INFO  o.a.k.c.c.i.ConsumerCoordinator - [Consumer clientId=consumer-test-consumer-group-1, groupId=test-consumer-group] JoinGroup failed: This is not the correct coordinator. Marking coordinator unknown. Sent generation was Generation{generationId=-1, memberId='', protocol='null'}
2025-12-18 15:18:49.417 [main] INFO  o.apache.kafka.clients.NetworkClient - [Consumer clientId=consumer-test-consumer-group-1, groupId=test-consumer-group] Client requested disconnect from node 2147483647
2025-12-18 15:18:49.419 [main] INFO  o.a.k.c.c.i.ConsumerCoordinator - [Consumer clientId=consumer-test-consumer-group-1, groupId=test-consumer-group] Discovered group coordinator 192.168.202.130:9092 (id: 2147483647 rack: null)
2025-12-18 15:18:49.420 [main] INFO  o.a.k.c.c.i.ConsumerCoordinator - [Consumer clientId=consumer-test-consumer-group-1, groupId=test-consumer-group] Group coordinator 192.168.202.130:9092 (id: 2147483647 rack: null) is unavailable or invalid due to cause: coordinator unavailable. isDisconnected: false. Rediscovery will be attempted.
2025-12-18 15:18:49.420 [main] INFO  o.a.k.c.c.i.ConsumerCoordinator - [Consumer clientId=consumer-test-consumer-group-1, groupId=test-consumer-group] Requesting disconnect from last known coordinator 192.168.202.130:9092 (id: 2147483647 rack: null)
2025-12-18 15:18:49.536 [main] INFO  o.a.k.c.c.i.ConsumerCoordinator - [Consumer clientId=consumer-test-consumer-group-1, groupId=test-consumer-group] Discovered group coordinator 192.168.202.130:9092 (id: 2147483647 rack: null)
2025-12-18 15:18:49.536 [main] INFO  o.a.k.c.c.i.ConsumerCoordinator - [Consumer clientId=consumer-test-consumer-group-1, groupId=test-consumer-group] Request joining group due to: rebalance failed due to 'This is not the correct coordinator.' (NotCoordinatorException)
2025-12-18 15:18:49.537 [main] INFO  o.a.k.c.c.i.ConsumerCoordinator - [Consumer clientId=consumer-test-consumer-group-1, groupId=test-consumer-group] (Re-)joining group
2025-12-18 15:18:49.540 [main] INFO  o.a.k.c.c.i.ConsumerCoordinator - [Consumer clientId=consumer-test-consumer-group-1, groupId=test-consumer-group] Group coordinator 192.168.202.130:9092 (id: 2147483647 rack: null) is unavailable or invalid due to cause: error response NOT_COORDINATOR. isDisconnected: false. Rediscovery will be attempted.
2025-12-18 15:18:49.540 [main] INFO  o.a.k.c.c.i.ConsumerCoordinator - [Consumer clientId=consumer-test-consumer-group-1, groupId=test-consumer-group] Requesting disconnect from last known coordinator 192.168.202.130:9092 (id: 2147483647 rack: null)
2025-12-18 15:18:49.540 [main] INFO  o.a.k.c.c.i.ConsumerCoordinator - [Consumer clientId=consumer-test-consumer-group-1, groupId=test-consumer-group] JoinGroup failed: This is not the correct coordinator. Marking coordinator unknown. Sent generation was Generation{generationId=-1, memberId='', protocol='null'}
2025-12-18 15:18:49.540 [main] INFO  o.apache.kafka.clients.NetworkClient - [Consumer clientId=consumer-test-consumer-group-1, groupId=test-consumer-group] Client requested disconnect from node 2147483647
2025-12-18 15:18:49.541 [main] INFO  o.a.k.c.c.i.ConsumerCoordinator - [Consumer clientId=consumer-test-consumer-group-1, groupId=test-consumer-group] Discovered group coordinator 192.168.202.130:9092 (id: 2147483647 rack: null)
2025-12-18 15:18:49.542 [main] INFO  o.a.k.c.c.i.ConsumerCoordinator - [Consumer clientId=consumer-test-consumer-group-1, groupId=test-consumer-group] Group coordinator 192.168.202.130:9092 (id: 2147483647 rack: null) is unavailable or invalid due to cause: coordinator unavailable. isDisconnected: false. Rediscovery will be attempted.
2025-12-18 15:18:49.542 [main] INFO  o.a.k.c.c.i.ConsumerCoordinator - [Consumer clientId=consumer-test-consumer-group-1, groupId=test-consumer-group] Requesting disconnect from last known coordinator 192.168.202.130:9092 (id: 2147483647 rack: null)
2025-12-18 15:18:49.645 [main] INFO  o.a.k.c.c.i.ConsumerCoordinator - [Consumer clientId=consumer-test-consumer-group-1, groupId=test-consumer-group] Discovered group coordinator 192.168.202.130:9092 (id: 2147483647 rack: null)
2025-12-18 15:18:49.645 [main] INFO  o.a.k.c.c.i.ConsumerCoordinator - [Consumer clientId=consumer-test-consumer-group-1, groupId=test-consumer-group] Request joining group due to: rebalance failed due to 'This is not the correct coordinator.' (NotCoordinatorException)
2025-12-18 15:18:49.645 [main] INFO  o.a.k.c.c.i.ConsumerCoordinator - [Consumer clientId=consumer-test-consumer-group-1, groupId=test-consumer-group] (Re-)joining group
2025-12-18 15:18:49.648 [main] INFO  o.a.k.c.c.i.ConsumerCoordinator - [Consumer clientId=consumer-test-consumer-group-1, groupId=test-consumer-group] Group coordinator 192.168.202.130:9092 (id: 2147483647 rack: null) is unavailable or invalid due to cause: error response NOT_COORDINATOR. isDisconnected: false. Rediscovery will be attempted.
2025-12-18 15:18:49.648 [main] INFO  o.a.k.c.c.i.ConsumerCoordinator - [Consumer clientId=consumer-test-consumer-group-1, groupId=test-consumer-group] Requesting disconnect from last known coordinator 192.168.202.130:9092 (id: 2147483647 rack: null)
2025-12-18 15:18:49.648 [main] INFO  o.a.k.c.c.i.ConsumerCoordinator - [Consumer clientId=consumer-test-consumer-group-1, groupId=test-consumer-group] JoinGroup failed: This is not the correct coordinator. Marking coordinator unknown. Sent generation was Generation{generationId=-1, memberId='', protocol='null'}
2025-12-18 15:18:49.648 [main] INFO  o.apache.kafka.clients.NetworkClient - [Consumer clientId=consumer-test-consumer-group-1, groupId=test-consumer-group] Client requested disconnect from node 2147483647
2025-12-18 15:18:49.649 [main] INFO  o.a.k.c.c.i.ConsumerCoordinator - [Consumer clientId=consumer-test-consumer-group-1, groupId=test-consumer-group] Discovered group coordinator 192.168.202.130:9092 (id: 2147483647 rack: null)
2025-12-18 15:18:49.649 [main] INFO  o.a.k.c.c.i.ConsumerCoordinator - [Consumer clientId=consumer-test-consumer-group-1, groupId=test-consumer-group] Group coordinator 192.168.202.130:9092 (id: 2147483647 rack: null) is unavailable or invalid due to cause: coordinator unavailable. isDisconnected: false. Rediscovery will be attempted.
2025-12-18 15:18:49.649 [main] INFO  o.a.k.c.c.i.ConsumerCoordinator - [Consumer clientId=consumer-test-consumer-group-1, groupId=test-consumer-group] Requesting disconnect from last known coordinator 192.168.202.130:9092 (id: 2147483647 rack: null)
2025-12-18 15:18:49.754 [main] INFO  o.a.k.c.c.i.ConsumerCoordinator - [Consumer clientId=consumer-test-consumer-group-1, groupId=test-consumer-group] Discovered group coordinator 192.168.202.130:9092 (id: 2147483647 rack: null)
2025-12-18 15:18:49.755 [main] INFO  o.a.k.c.c.i.ConsumerCoordinator - [Consumer clientId=consumer-test-consumer-group-1, groupId=test-consumer-group] Request joining group due to: rebalance failed due to 'This is not the correct coordinator.' (NotCoordinatorException)
2025-12-18 15:18:49.755 [main] INFO  o.a.k.c.c.i.ConsumerCoordinator - [Consumer clientId=consumer-test-consumer-group-1, groupId=test-consumer-group] (Re-)joining group
2025-12-18 15:18:49.758 [main] INFO  o.a.k.c.c.i.ConsumerCoordinator - [Consumer clientId=consumer-test-consumer-group-1, groupId=test-consumer-group] Group coordinator 192.168.202.130:9092 (id: 2147483647 rack: null) is unavailable or invalid due to cause: error response NOT_COORDINATOR. isDisconnected: false. Rediscovery will be attempted.
2025-12-18 15:18:49.758 [main] INFO  o.a.k.c.c.i.ConsumerCoordinator - [Consumer clientId=consumer-test-consumer-group-1, groupId=test-consumer-group] Requesting disconnect from last known coordinator 192.168.202.130:9092 (id: 2147483647 rack: null)
2025-12-18 15:18:49.758 [main] INFO  o.a.k.c.c.i.ConsumerCoordinator - [Consumer clientId=consumer-test-consumer-group-1, groupId=test-consumer-group] JoinGroup failed: This is not the correct coordinator. Marking coordinator unknown. Sent generation was Generation{generationId=-1, memberId='', protocol='null'}
2025-12-18 15:18:49.758 [main] INFO  o.apache.kafka.clients.NetworkClient - [Consumer clientId=consumer-test-consumer-group-1, groupId=test-consumer-group] Client requested disconnect from node 2147483647
2025-12-18 15:18:49.760 [main] INFO  o.a.k.c.c.i.ConsumerCoordinator - [Consumer clientId=consumer-test-consumer-group-1, groupId=test-consumer-group] Discovered group coordinator 192.168.202.130:9092 (id: 2147483647 rack: null)
2025-12-18 15:18:49.761 [main] INFO  o.a.k.c.c.i.ConsumerCoordinator - [Consumer clientId=consumer-test-consumer-group-1, groupId=test-consumer-group] Group coordinator 192.168.202.130:9092 (id: 2147483647 rack: null) is unavailable or invalid due to cause: coordinator unavailable. isDisconnected: false. Rediscovery will be attempted.
2025-12-18 15:18:49.761 [main] INFO  o.a.k.c.c.i.ConsumerCoordinator - [Consumer clientId=consumer-test-consumer-group-1, groupId=test-consumer-group] Requesting disconnect from last known coordinator 192.168.202.130:9092 (id: 2147483647 rack: null)
2025-12-18 15:18:49.864 [main] INFO  o.a.k.c.c.i.ConsumerCoordinator - [Consumer clientId=consumer-test-consumer-group-1, groupId=test-consumer-group] Discovered group coordinator 192.168.202.130:9092 (id: 2147483647 rack: null)
2025-12-18 15:18:49.865 [main] INFO  o.a.k.c.c.i.ConsumerCoordinator - [Consumer clientId=consumer-test-consumer-group-1, groupId=test-consumer-group] Request joining group due to: rebalance failed due to 'This is not the correct coordinator.' (NotCoordinatorException)
2025-12-18 15:18:49.866 [main] INFO  o.a.k.c.c.i.ConsumerCoordinator - [Consumer clientId=consumer-test-consumer-group-1, groupId=test-consumer-group] (Re-)joining group
2025-12-18 15:18:49.871 [main] INFO  o.a.k.c.c.i.ConsumerCoordinator - [Consumer clientId=consumer-test-consumer-group-1, groupId=test-consumer-group] Group coordinator 192.168.202.130:9092 (id: 2147483647 rack: null) is unavailable or invalid due to cause: error response NOT_COORDINATOR. isDisconnected: false. Rediscovery will be attempted.
2025-12-18 15:18:49.871 [main] INFO  o.a.k.c.c.i.ConsumerCoordinator - [Consumer clientId=consumer-test-consumer-group-1, groupId=test-consumer-group] Requesting disconnect from last known coordinator 192.168.202.130:9092 (id: 2147483647 rack: null)
2025-12-18 15:18:49.871 [main] INFO  o.a.k.c.c.i.ConsumerCoordinator - [Consumer clientId=consumer-test-consumer-group-1, groupId=test-consumer-group] JoinGroup failed: This is not the correct coordinator. Marking coordinator unknown. Sent generation was Generation{generationId=-1, memberId='', protocol='null'}
2025-12-18 15:18:49.871 [main] INFO  o.apache.kafka.clients.NetworkClient - [Consumer clientId=consumer-test-consumer-group-1, groupId=test-consumer-group] Client requested disconnect from node 2147483647
2025-12-18 15:18:49.873 [main] INFO  o.a.k.c.c.i.ConsumerCoordinator - [Consumer clientId=consumer-test-consumer-group-1, groupId=test-consumer-group] Discovered group coordinator 192.168.202.130:9092 (id: 2147483647 rack: null)
2025-12-18 15:18:49.873 [main] INFO  o.a.k.c.c.i.ConsumerCoordinator - [Consumer clientId=consumer-test-consumer-group-1, groupId=test-consumer-group] Group coordinator 192.168.202.130:9092 (id: 2147483647 rack: null) is unavailable or invalid due to cause: coordinator unavailable. isDisconnected: false. Rediscovery will be attempted.
2025-12-18 15:18:49.873 [main] INFO  o.a.k.c.c.i.ConsumerCoordinator - [Consumer clientId=consumer-test-consumer-group-1, groupId=test-consumer-group] Requesting disconnect from last known coordinator 192.168.202.130:9092 (id: 2147483647 rack: null)
2025-12-18 15:18:49.987 [main] INFO  o.a.k.c.c.i.ConsumerCoordinator - [Consumer clientId=consumer-test-consumer-group-1, groupId=test-consumer-group] Discovered group coordinator 192.168.202.130:9092 (id: 2147483647 rack: null)
2025-12-18 15:18:49.988 [main] INFO  o.a.k.c.c.i.ConsumerCoordinator - [Consumer clientId=consumer-test-consumer-group-1, groupId=test-consumer-group] Request joining group due to: rebalance failed due to 'This is not the correct coordinator.' (NotCoordinatorException)
2025-12-18 15:18:49.988 [main] INFO  o.a.k.c.c.i.ConsumerCoordinator - [Consumer clientId=consumer-test-consumer-group-1, groupId=test-consumer-group] (Re-)joining group
2025-12-18 15:18:49.990 [main] INFO  o.a.k.c.c.i.ConsumerCoordinator - [Consumer clientId=consumer-test-consumer-group-1, groupId=test-consumer-group] Group coordinator 192.168.202.130:9092 (id: 2147483647 rack: null) is unavailable or invalid due to cause: error response NOT_COORDINATOR. isDisconnected: false. Rediscovery will be attempted.
2025-12-18 15:18:49.990 [main] INFO  o.a.k.c.c.i.ConsumerCoordinator - [Consumer clientId=consumer-test-consumer-group-1, groupId=test-consumer-group] Requesting disconnect from last known coordinator 192.168.202.130:9092 (id: 2147483647 rack: null)
2025-12-18 15:18:49.991 [main] INFO  o.a.k.c.c.i.ConsumerCoordinator - [Consumer clientId=consumer-test-consumer-group-1, groupId=test-consumer-group] JoinGroup failed: This is not the correct coordinator. Marking coordinator unknown. Sent generation was Generation{generationId=-1, memberId='', protocol='null'}
2025-12-18 15:18:49.991 [main] INFO  o.apache.kafka.clients.NetworkClient - [Consumer clientId=consumer-test-consumer-group-1, groupId=test-consumer-group] Client requested disconnect from node 2147483647
2025-12-18 15:18:49.992 [main] INFO  o.a.k.c.c.i.ConsumerCoordinator - [Consumer clientId=consumer-test-consumer-group-1, groupId=test-consumer-group] Discovered group coordinator 192.168.202.130:9092 (id: 2147483647 rack: null)
2025-12-18 15:18:49.992 [main] INFO  o.a.k.c.c.i.ConsumerCoordinator - [Consumer clientId=consumer-test-consumer-group-1, groupId=test-consumer-group] Group coordinator 192.168.202.130:9092 (id: 2147483647 rack: null) is unavailable or invalid due to cause: coordinator unavailable. isDisconnected: false. Rediscovery will be attempted.
2025-12-18 15:18:49.992 [main] INFO  o.a.k.c.c.i.ConsumerCoordinator - [Consumer clientId=consumer-test-consumer-group-1, groupId=test-consumer-group] Requesting disconnect from last known coordinator 192.168.202.130:9092 (id: 2147483647 rack: null)
2025-12-18 15:18:50.097 [main] INFO  o.a.k.c.c.i.ConsumerCoordinator - [Consumer clientId=consumer-test-consumer-group-1, groupId=test-consumer-group] Discovered group coordinator 192.168.202.130:9092 (id: 2147483647 rack: null)
2025-12-18 15:18:50.099 [main] INFO  o.a.k.c.c.i.ConsumerCoordinator - [Consumer clientId=consumer-test-consumer-group-1, groupId=test-consumer-group] Request joining group due to: rebalance failed due to 'This is not the correct coordinator.' (NotCoordinatorException)
2025-12-18 15:18:50.100 [main] INFO  o.a.k.c.c.i.ConsumerCoordinator - [Consumer clientId=consumer-test-consumer-group-1, groupId=test-consumer-group] (Re-)joining group
2025-12-18 15:18:50.104 [main] INFO  o.a.k.c.c.i.ConsumerCoordinator - [Consumer clientId=consumer-test-consumer-group-1, groupId=test-consumer-group] Group coordinator 192.168.202.130:9092 (id: 2147483647 rack: null) is unavailable or invalid due to cause: error response NOT_COORDINATOR. isDisconnected: false. Rediscovery will be attempted.
2025-12-18 15:18:50.104 [main] INFO  o.a.k.c.c.i.ConsumerCoordinator - [Consumer clientId=consumer-test-consumer-group-1, groupId=test-consumer-group] Requesting disconnect from last known coordinator 192.168.202.130:9092 (id: 2147483647 rack: null)
2025-12-18 15:18:50.104 [main] INFO  o.a.k.c.c.i.ConsumerCoordinator - [Consumer clientId=consumer-test-consumer-group-1, groupId=test-consumer-group] JoinGroup failed: This is not the correct coordinator. Marking coordinator unknown. Sent generation was Generation{generationId=-1, memberId='', protocol='null'}
2025-12-18 15:18:50.104 [main] INFO  o.apache.kafka.clients.NetworkClient - [Consumer clientId=consumer-test-consumer-group-1, groupId=test-consumer-group] Client requested disconnect from node 2147483647
2025-12-18 15:18:50.106 [main] INFO  o.a.k.c.c.i.ConsumerCoordinator - [Consumer clientId=consumer-test-consumer-group-1, groupId=test-consumer-group] Discovered group coordinator 192.168.202.130:9092 (id: 2147483647 rack: null)
2025-12-18 15:18:50.106 [main] INFO  o.a.k.c.c.i.ConsumerCoordinator - [Consumer clientId=consumer-test-consumer-group-1, groupId=test-consumer-group] Group coordinator 192.168.202.130:9092 (id: 2147483647 rack: null) is unavailable or invalid due to cause: coordinator unavailable. isDisconnected: false. Rediscovery will be attempted.
2025-12-18 15:18:50.107 [main] INFO  o.a.k.c.c.i.ConsumerCoordinator - [Consumer clientId=consumer-test-consumer-group-1, groupId=test-consumer-group] Requesting disconnect from last known coordinator 192.168.202.130:9092 (id: 2147483647 rack: null)
2025-12-18 15:18:50.221 [main] INFO  o.a.k.c.c.i.ConsumerCoordinator - [Consumer clientId=consumer-test-consumer-group-1, groupId=test-consumer-group] Discovered group coordinator 192.168.202.130:9092 (id: 2147483647 rack: null)
2025-12-18 15:18:50.222 [main] INFO  o.a.k.c.c.i.ConsumerCoordinator - [Consumer clientId=consumer-test-consumer-group-1, groupId=test-consumer-group] Request joining group due to: rebalance failed due to 'This is not the correct coordinator.' (NotCoordinatorException)
2025-12-18 15:18:50.222 [main] INFO  o.a.k.c.c.i.ConsumerCoordinator - [Consumer clientId=consumer-test-consumer-group-1, groupId=test-consumer-group] (Re-)joining group
2025-12-18 15:18:50.224 [main] INFO  o.a.k.c.c.i.ConsumerCoordinator - [Consumer clientId=consumer-test-consumer-group-1, groupId=test-consumer-group] Group coordinator 192.168.202.130:9092 (id: 2147483647 rack: null) is unavailable or invalid due to cause: error response NOT_COORDINATOR. isDisconnected: false. Rediscovery will be attempted.
2025-12-18 15:18:50.224 [main] INFO  o.a.k.c.c.i.ConsumerCoordinator - [Consumer clientId=consumer-test-consumer-group-1, groupId=test-consumer-group] Requesting disconnect from last known coordinator 192.168.202.130:9092 (id: 2147483647 rack: null)
2025-12-18 15:18:50.224 [main] INFO  o.a.k.c.c.i.ConsumerCoordinator - [Consumer clientId=consumer-test-consumer-group-1, groupId=test-consumer-group] JoinGroup failed: This is not the correct coordinator. Marking coordinator unknown. Sent generation was Generation{generationId=-1, memberId='', protocol='null'}
2025-12-18 15:18:50.224 [main] INFO  o.apache.kafka.clients.NetworkClient - [Consumer clientId=consumer-test-consumer-group-1, groupId=test-consumer-group] Client requested disconnect from node 2147483647
2025-12-18 15:18:50.226 [main] INFO  o.a.k.c.c.i.ConsumerCoordinator - [Consumer clientId=consumer-test-consumer-group-1, groupId=test-consumer-group] Discovered group coordinator 192.168.202.130:9092 (id: 2147483647 rack: null)
2025-12-18 15:18:50.226 [main] INFO  o.a.k.c.c.i.ConsumerCoordinator - [Consumer clientId=consumer-test-consumer-group-1, groupId=test-consumer-group] Group coordinator 192.168.202.130:9092 (id: 2147483647 rack: null) is unavailable or invalid due to cause: coordinator unavailable. isDisconnected: false. Rediscovery will be attempted.
2025-12-18 15:18:50.226 [main] INFO  o.a.k.c.c.i.ConsumerCoordinator - [Consumer clientId=consumer-test-consumer-group-1, groupId=test-consumer-group] Requesting disconnect from last known coordinator 192.168.202.130:9092 (id: 2147483647 rack: null)
2025-12-18 15:18:50.333 [main] INFO  o.a.k.c.c.i.ConsumerCoordinator - [Consumer clientId=consumer-test-consumer-group-1, groupId=test-consumer-group] Discovered group coordinator 192.168.202.130:9092 (id: 2147483647 rack: null)
2025-12-18 15:18:50.334 [main] INFO  o.a.k.c.c.i.ConsumerCoordinator - [Consumer clientId=consumer-test-consumer-group-1, groupId=test-consumer-group] Request joining group due to: rebalance failed due to 'This is not the correct coordinator.' (NotCoordinatorException)
2025-12-18 15:18:50.334 [main] INFO  o.a.k.c.c.i.ConsumerCoordinator - [Consumer clientId=consumer-test-consumer-group-1, groupId=test-consumer-group] (Re-)joining group
2025-12-18 15:18:50.336 [main] INFO  o.a.k.c.c.i.ConsumerCoordinator - [Consumer clientId=consumer-test-consumer-group-1, groupId=test-consumer-group] Group coordinator 192.168.202.130:9092 (id: 2147483647 rack: null) is unavailable or invalid due to cause: error response NOT_COORDINATOR. isDisconnected: false. Rediscovery will be attempted.
2025-12-18 15:18:50.336 [main] INFO  o.a.k.c.c.i.ConsumerCoordinator - [Consumer clientId=consumer-test-consumer-group-1, groupId=test-consumer-group] Requesting disconnect from last known coordinator 192.168.202.130:9092 (id: 2147483647 rack: null)
2025-12-18 15:18:50.336 [main] INFO  o.a.k.c.c.i.ConsumerCoordinator - [Consumer clientId=consumer-test-consumer-group-1, groupId=test-consumer-group] JoinGroup failed: This is not the correct coordinator. Marking coordinator unknown. Sent generation was Generation{generationId=-1, memberId='', protocol='null'}
2025-12-18 15:18:50.336 [main] INFO  o.apache.kafka.clients.NetworkClient - [Consumer clientId=consumer-test-consumer-group-1, groupId=test-consumer-group] Client requested disconnect from node 2147483647
2025-12-18 15:18:50.339 [main] INFO  o.a.k.c.c.i.ConsumerCoordinator - [Consumer clientId=consumer-test-consumer-group-1, groupId=test-consumer-group] Discovered group coordinator 192.168.202.130:9092 (id: 2147483647 rack: null)
2025-12-18 15:18:50.339 [main] INFO  o.a.k.c.c.i.ConsumerCoordinator - [Consumer clientId=consumer-test-consumer-group-1, groupId=test-consumer-group] Group coordinator 192.168.202.130:9092 (id: 2147483647 rack: null) is unavailable or invalid due to cause: coordinator unavailable. isDisconnected: false. Rediscovery will be attempted.
2025-12-18 15:18:50.340 [main] INFO  o.a.k.c.c.i.ConsumerCoordinator - [Consumer clientId=consumer-test-consumer-group-1, groupId=test-consumer-group] Requesting disconnect from last known coordinator 192.168.202.130:9092 (id: 2147483647 rack: null)
2025-12-18 15:18:50.433 [main] INFO  o.a.k.c.c.i.ConsumerCoordinator - [Consumer clientId=consumer-test-consumer-group-1, groupId=test-consumer-group] Resetting generation and member id due to: consumer pro-actively leaving the group
2025-12-18 15:18:50.434 [main] INFO  o.a.k.c.c.i.ConsumerCoordinator - [Consumer clientId=consumer-test-consumer-group-1, groupId=test-consumer-group] Request joining group due to: consumer pro-actively leaving the group
2025-12-18 15:18:50.435 [main] INFO  o.a.kafka.common.metrics.Metrics - Metrics scheduler closed
2025-12-18 15:18:50.435 [main] INFO  o.a.kafka.common.metrics.Metrics - Closing reporter org.apache.kafka.common.metrics.JmxReporter
2025-12-18 15:18:50.435 [main] INFO  o.a.kafka.common.metrics.Metrics - Metrics reporters closed
2025-12-18 15:18:50.436 [main] INFO  o.a.kafka.common.utils.AppInfoParser - App info kafka.consumer for consumer-test-consumer-group-1 unregistered
2025-12-18 15:19:35.935 [main] INFO  o.a.k.c.producer.ProducerConfig - Idempotence will be disabled because acks is set to 1, not set to 'all'.
2025-12-18 15:19:35.937 [main] INFO  o.a.k.c.producer.ProducerConfig - ProducerConfig values: 
	acks = 1
	auto.include.jmx.reporter = true
	batch.size = 16384
	bootstrap.servers = [192.168.202.130:9092]
	buffer.memory = 33554432
	client.dns.lookup = use_all_dns_ips
	client.id = producer-1
	compression.type = none
	connections.max.idle.ms = 540000
	delivery.timeout.ms = 120000
	enable.idempotence = false
	interceptor.classes = []
	key.serializer = class org.apache.kafka.common.serialization.StringSerializer
	linger.ms = 0
	max.block.ms = 60000
	max.in.flight.requests.per.connection = 5
	max.request.size = 1048576
	metadata.max.age.ms = 300000
	metadata.max.idle.ms = 300000
	metric.reporters = []
	metrics.num.samples = 2
	metrics.recording.level = INFO
	metrics.sample.window.ms = 30000
	partitioner.adaptive.partitioning.enable = true
	partitioner.availability.timeout.ms = 0
	partitioner.class = null
	partitioner.ignore.keys = false
	receive.buffer.bytes = 32768
	reconnect.backoff.max.ms = 1000
	reconnect.backoff.ms = 50
	request.timeout.ms = 30000
	retries = 2147483647
	retry.backoff.ms = 100
	sasl.client.callback.handler.class = null
	sasl.jaas.config = null
	sasl.kerberos.kinit.cmd = /usr/bin/kinit
	sasl.kerberos.min.time.before.relogin = 60000
	sasl.kerberos.service.name = null
	sasl.kerberos.ticket.renew.jitter = 0.05
	sasl.kerberos.ticket.renew.window.factor = 0.8
	sasl.login.callback.handler.class = null
	sasl.login.class = null
	sasl.login.connect.timeout.ms = null
	sasl.login.read.timeout.ms = null
	sasl.login.refresh.buffer.seconds = 300
	sasl.login.refresh.min.period.seconds = 60
	sasl.login.refresh.window.factor = 0.8
	sasl.login.refresh.window.jitter = 0.05
	sasl.login.retry.backoff.max.ms = 10000
	sasl.login.retry.backoff.ms = 100
	sasl.mechanism = GSSAPI
	sasl.oauthbearer.clock.skew.seconds = 30
	sasl.oauthbearer.expected.audience = null
	sasl.oauthbearer.expected.issuer = null
	sasl.oauthbearer.jwks.endpoint.refresh.ms = 3600000
	sasl.oauthbearer.jwks.endpoint.retry.backoff.max.ms = 10000
	sasl.oauthbearer.jwks.endpoint.retry.backoff.ms = 100
	sasl.oauthbearer.jwks.endpoint.url = null
	sasl.oauthbearer.scope.claim.name = scope
	sasl.oauthbearer.sub.claim.name = sub
	sasl.oauthbearer.token.endpoint.url = null
	security.protocol = PLAINTEXT
	security.providers = null
	send.buffer.bytes = 131072
	socket.connection.setup.timeout.max.ms = 30000
	socket.connection.setup.timeout.ms = 10000
	ssl.cipher.suites = null
	ssl.enabled.protocols = [TLSv1.2, TLSv1.3]
	ssl.endpoint.identification.algorithm = https
	ssl.engine.factory.class = null
	ssl.key.password = null
	ssl.keymanager.algorithm = SunX509
	ssl.keystore.certificate.chain = null
	ssl.keystore.key = null
	ssl.keystore.location = null
	ssl.keystore.password = null
	ssl.keystore.type = JKS
	ssl.protocol = TLSv1.3
	ssl.provider = null
	ssl.secure.random.implementation = null
	ssl.trustmanager.algorithm = PKIX
	ssl.truststore.certificates = null
	ssl.truststore.location = null
	ssl.truststore.password = null
	ssl.truststore.type = JKS
	transaction.timeout.ms = 60000
	transactional.id = null
	value.serializer = class org.apache.kafka.common.serialization.StringSerializer

2025-12-18 15:19:36.615 [main] INFO  o.a.kafka.common.utils.AppInfoParser - Kafka version: 3.6.0
2025-12-18 15:19:36.615 [main] INFO  o.a.kafka.common.utils.AppInfoParser - Kafka commitId: 60e845626d8a465a
2025-12-18 15:19:36.615 [main] INFO  o.a.kafka.common.utils.AppInfoParser - Kafka startTimeMs: 1766042376613
2025-12-18 15:19:36.902 [kafka-producer-network-thread | producer-1] INFO  org.apache.kafka.clients.Metadata - [Producer clientId=producer-1] Cluster ID: ChL86p1WSzqV6IiyS4AsZA
2025-12-18 15:19:36.931 [main] INFO  o.a.k.clients.producer.KafkaProducer - [Producer clientId=producer-1] Closing the Kafka producer with timeoutMillis = 9223372036854775807 ms.
2025-12-18 15:19:36.934 [main] INFO  o.a.kafka.common.metrics.Metrics - Metrics scheduler closed
2025-12-18 15:19:36.936 [main] INFO  o.a.kafka.common.metrics.Metrics - Closing reporter org.apache.kafka.common.metrics.JmxReporter
2025-12-18 15:19:36.936 [main] INFO  o.a.kafka.common.metrics.Metrics - Metrics reporters closed
2025-12-18 15:19:36.936 [main] INFO  o.a.kafka.common.utils.AppInfoParser - App info kafka.producer for producer-1 unregistered
2025-12-18 15:19:37.956 [main] INFO  o.a.k.c.consumer.ConsumerConfig - ConsumerConfig values: 
	allow.auto.create.topics = true
	auto.commit.interval.ms = 5000
	auto.include.jmx.reporter = true
	auto.offset.reset = earliest
	bootstrap.servers = [192.168.202.130:9092]
	check.crcs = true
	client.dns.lookup = use_all_dns_ips
	client.id = consumer-test-consumer-group-1
	client.rack = 
	connections.max.idle.ms = 540000
	default.api.timeout.ms = 60000
	enable.auto.commit = true
	exclude.internal.topics = true
	fetch.max.bytes = 52428800
	fetch.max.wait.ms = 500
	fetch.min.bytes = 1
	group.id = test-consumer-group
	group.instance.id = null
	heartbeat.interval.ms = 3000
	interceptor.classes = []
	internal.leave.group.on.close = true
	internal.throw.on.fetch.stable.offset.unsupported = false
	isolation.level = read_uncommitted
	key.deserializer = class org.apache.kafka.common.serialization.StringDeserializer
	max.partition.fetch.bytes = 1048576
	max.poll.interval.ms = 300000
	max.poll.records = 500
	metadata.max.age.ms = 300000
	metric.reporters = []
	metrics.num.samples = 2
	metrics.recording.level = INFO
	metrics.sample.window.ms = 30000
	partition.assignment.strategy = [class org.apache.kafka.clients.consumer.RangeAssignor, class org.apache.kafka.clients.consumer.CooperativeStickyAssignor]
	receive.buffer.bytes = 65536
	reconnect.backoff.max.ms = 1000
	reconnect.backoff.ms = 50
	request.timeout.ms = 30000
	retry.backoff.ms = 100
	sasl.client.callback.handler.class = null
	sasl.jaas.config = null
	sasl.kerberos.kinit.cmd = /usr/bin/kinit
	sasl.kerberos.min.time.before.relogin = 60000
	sasl.kerberos.service.name = null
	sasl.kerberos.ticket.renew.jitter = 0.05
	sasl.kerberos.ticket.renew.window.factor = 0.8
	sasl.login.callback.handler.class = null
	sasl.login.class = null
	sasl.login.connect.timeout.ms = null
	sasl.login.read.timeout.ms = null
	sasl.login.refresh.buffer.seconds = 300
	sasl.login.refresh.min.period.seconds = 60
	sasl.login.refresh.window.factor = 0.8
	sasl.login.refresh.window.jitter = 0.05
	sasl.login.retry.backoff.max.ms = 10000
	sasl.login.retry.backoff.ms = 100
	sasl.mechanism = GSSAPI
	sasl.oauthbearer.clock.skew.seconds = 30
	sasl.oauthbearer.expected.audience = null
	sasl.oauthbearer.expected.issuer = null
	sasl.oauthbearer.jwks.endpoint.refresh.ms = 3600000
	sasl.oauthbearer.jwks.endpoint.retry.backoff.max.ms = 10000
	sasl.oauthbearer.jwks.endpoint.retry.backoff.ms = 100
	sasl.oauthbearer.jwks.endpoint.url = null
	sasl.oauthbearer.scope.claim.name = scope
	sasl.oauthbearer.sub.claim.name = sub
	sasl.oauthbearer.token.endpoint.url = null
	security.protocol = PLAINTEXT
	security.providers = null
	send.buffer.bytes = 131072
	session.timeout.ms = 45000
	socket.connection.setup.timeout.max.ms = 30000
	socket.connection.setup.timeout.ms = 10000
	ssl.cipher.suites = null
	ssl.enabled.protocols = [TLSv1.2, TLSv1.3]
	ssl.endpoint.identification.algorithm = https
	ssl.engine.factory.class = null
	ssl.key.password = null
	ssl.keymanager.algorithm = SunX509
	ssl.keystore.certificate.chain = null
	ssl.keystore.key = null
	ssl.keystore.location = null
	ssl.keystore.password = null
	ssl.keystore.type = JKS
	ssl.protocol = TLSv1.3
	ssl.provider = null
	ssl.secure.random.implementation = null
	ssl.trustmanager.algorithm = PKIX
	ssl.truststore.certificates = null
	ssl.truststore.location = null
	ssl.truststore.password = null
	ssl.truststore.type = JKS
	value.deserializer = class org.apache.kafka.common.serialization.StringDeserializer

2025-12-18 15:19:37.991 [main] INFO  o.a.kafka.common.utils.AppInfoParser - Kafka version: 3.6.0
2025-12-18 15:19:37.992 [main] INFO  o.a.kafka.common.utils.AppInfoParser - Kafka commitId: 60e845626d8a465a
2025-12-18 15:19:37.992 [main] INFO  o.a.kafka.common.utils.AppInfoParser - Kafka startTimeMs: 1766042377991
2025-12-18 15:19:37.999 [main] INFO  o.a.k.clients.consumer.KafkaConsumer - [Consumer clientId=consumer-test-consumer-group-1, groupId=test-consumer-group] Subscribed to topic(s): stock-realtime
2025-12-18 15:19:38.006 [main] INFO  org.apache.kafka.clients.Metadata - [Consumer clientId=consumer-test-consumer-group-1, groupId=test-consumer-group] Cluster ID: ChL86p1WSzqV6IiyS4AsZA
2025-12-18 15:19:38.007 [main] INFO  o.a.k.c.c.i.ConsumerCoordinator - [Consumer clientId=consumer-test-consumer-group-1, groupId=test-consumer-group] Discovered group coordinator 192.168.202.130:9092 (id: 2147483647 rack: null)
2025-12-18 15:19:38.011 [main] INFO  o.a.k.c.c.i.ConsumerCoordinator - [Consumer clientId=consumer-test-consumer-group-1, groupId=test-consumer-group] (Re-)joining group
2025-12-18 15:19:38.028 [main] INFO  o.a.k.c.c.i.ConsumerCoordinator - [Consumer clientId=consumer-test-consumer-group-1, groupId=test-consumer-group] Group coordinator 192.168.202.130:9092 (id: 2147483647 rack: null) is unavailable or invalid due to cause: error response NOT_COORDINATOR. isDisconnected: false. Rediscovery will be attempted.
2025-12-18 15:19:38.028 [main] INFO  o.a.k.c.c.i.ConsumerCoordinator - [Consumer clientId=consumer-test-consumer-group-1, groupId=test-consumer-group] Requesting disconnect from last known coordinator 192.168.202.130:9092 (id: 2147483647 rack: null)
2025-12-18 15:19:38.028 [main] INFO  o.a.k.c.c.i.ConsumerCoordinator - [Consumer clientId=consumer-test-consumer-group-1, groupId=test-consumer-group] JoinGroup failed: This is not the correct coordinator. Marking coordinator unknown. Sent generation was Generation{generationId=-1, memberId='', protocol='null'}
2025-12-18 15:19:38.028 [main] INFO  o.apache.kafka.clients.NetworkClient - [Consumer clientId=consumer-test-consumer-group-1, groupId=test-consumer-group] Client requested disconnect from node 2147483647
2025-12-18 15:19:38.033 [main] INFO  o.a.k.c.c.i.ConsumerCoordinator - [Consumer clientId=consumer-test-consumer-group-1, groupId=test-consumer-group] Discovered group coordinator 192.168.202.130:9092 (id: 2147483647 rack: null)
2025-12-18 15:19:38.033 [main] INFO  o.a.k.c.c.i.ConsumerCoordinator - [Consumer clientId=consumer-test-consumer-group-1, groupId=test-consumer-group] Group coordinator 192.168.202.130:9092 (id: 2147483647 rack: null) is unavailable or invalid due to cause: coordinator unavailable. isDisconnected: false. Rediscovery will be attempted.
2025-12-18 15:19:38.033 [main] INFO  o.a.k.c.c.i.ConsumerCoordinator - [Consumer clientId=consumer-test-consumer-group-1, groupId=test-consumer-group] Requesting disconnect from last known coordinator 192.168.202.130:9092 (id: 2147483647 rack: null)
2025-12-18 15:19:38.139 [main] INFO  o.a.k.c.c.i.ConsumerCoordinator - [Consumer clientId=consumer-test-consumer-group-1, groupId=test-consumer-group] Discovered group coordinator 192.168.202.130:9092 (id: 2147483647 rack: null)
2025-12-18 15:19:38.140 [main] INFO  o.a.k.c.c.i.ConsumerCoordinator - [Consumer clientId=consumer-test-consumer-group-1, groupId=test-consumer-group] Request joining group due to: rebalance failed due to 'This is not the correct coordinator.' (NotCoordinatorException)
2025-12-18 15:19:38.140 [main] INFO  o.a.k.c.c.i.ConsumerCoordinator - [Consumer clientId=consumer-test-consumer-group-1, groupId=test-consumer-group] (Re-)joining group
2025-12-18 15:19:38.144 [main] INFO  o.a.k.c.c.i.ConsumerCoordinator - [Consumer clientId=consumer-test-consumer-group-1, groupId=test-consumer-group] Group coordinator 192.168.202.130:9092 (id: 2147483647 rack: null) is unavailable or invalid due to cause: error response NOT_COORDINATOR. isDisconnected: false. Rediscovery will be attempted.
2025-12-18 15:19:38.144 [main] INFO  o.a.k.c.c.i.ConsumerCoordinator - [Consumer clientId=consumer-test-consumer-group-1, groupId=test-consumer-group] Requesting disconnect from last known coordinator 192.168.202.130:9092 (id: 2147483647 rack: null)
2025-12-18 15:19:38.144 [main] INFO  o.a.k.c.c.i.ConsumerCoordinator - [Consumer clientId=consumer-test-consumer-group-1, groupId=test-consumer-group] JoinGroup failed: This is not the correct coordinator. Marking coordinator unknown. Sent generation was Generation{generationId=-1, memberId='', protocol='null'}
2025-12-18 15:19:38.144 [main] INFO  o.apache.kafka.clients.NetworkClient - [Consumer clientId=consumer-test-consumer-group-1, groupId=test-consumer-group] Client requested disconnect from node 2147483647
2025-12-18 15:19:38.146 [main] INFO  o.a.k.c.c.i.ConsumerCoordinator - [Consumer clientId=consumer-test-consumer-group-1, groupId=test-consumer-group] Discovered group coordinator 192.168.202.130:9092 (id: 2147483647 rack: null)
2025-12-18 15:19:38.146 [main] INFO  o.a.k.c.c.i.ConsumerCoordinator - [Consumer clientId=consumer-test-consumer-group-1, groupId=test-consumer-group] Group coordinator 192.168.202.130:9092 (id: 2147483647 rack: null) is unavailable or invalid due to cause: coordinator unavailable. isDisconnected: false. Rediscovery will be attempted.
2025-12-18 15:19:38.146 [main] INFO  o.a.k.c.c.i.ConsumerCoordinator - [Consumer clientId=consumer-test-consumer-group-1, groupId=test-consumer-group] Requesting disconnect from last known coordinator 192.168.202.130:9092 (id: 2147483647 rack: null)
2025-12-18 15:19:38.249 [main] INFO  o.a.k.c.c.i.ConsumerCoordinator - [Consumer clientId=consumer-test-consumer-group-1, groupId=test-consumer-group] Discovered group coordinator 192.168.202.130:9092 (id: 2147483647 rack: null)
2025-12-18 15:19:38.250 [main] INFO  o.a.k.c.c.i.ConsumerCoordinator - [Consumer clientId=consumer-test-consumer-group-1, groupId=test-consumer-group] Request joining group due to: rebalance failed due to 'This is not the correct coordinator.' (NotCoordinatorException)
2025-12-18 15:19:38.250 [main] INFO  o.a.k.c.c.i.ConsumerCoordinator - [Consumer clientId=consumer-test-consumer-group-1, groupId=test-consumer-group] (Re-)joining group
2025-12-18 15:19:38.253 [main] INFO  o.a.k.c.c.i.ConsumerCoordinator - [Consumer clientId=consumer-test-consumer-group-1, groupId=test-consumer-group] Group coordinator 192.168.202.130:9092 (id: 2147483647 rack: null) is unavailable or invalid due to cause: error response NOT_COORDINATOR. isDisconnected: false. Rediscovery will be attempted.
2025-12-18 15:19:38.253 [main] INFO  o.a.k.c.c.i.ConsumerCoordinator - [Consumer clientId=consumer-test-consumer-group-1, groupId=test-consumer-group] Requesting disconnect from last known coordinator 192.168.202.130:9092 (id: 2147483647 rack: null)
2025-12-18 15:19:38.253 [main] INFO  o.a.k.c.c.i.ConsumerCoordinator - [Consumer clientId=consumer-test-consumer-group-1, groupId=test-consumer-group] JoinGroup failed: This is not the correct coordinator. Marking coordinator unknown. Sent generation was Generation{generationId=-1, memberId='', protocol='null'}
2025-12-18 15:19:38.253 [main] INFO  o.apache.kafka.clients.NetworkClient - [Consumer clientId=consumer-test-consumer-group-1, groupId=test-consumer-group] Client requested disconnect from node 2147483647
2025-12-18 15:19:38.255 [main] INFO  o.a.k.c.c.i.ConsumerCoordinator - [Consumer clientId=consumer-test-consumer-group-1, groupId=test-consumer-group] Discovered group coordinator 192.168.202.130:9092 (id: 2147483647 rack: null)
2025-12-18 15:19:38.255 [main] INFO  o.a.k.c.c.i.ConsumerCoordinator - [Consumer clientId=consumer-test-consumer-group-1, groupId=test-consumer-group] Group coordinator 192.168.202.130:9092 (id: 2147483647 rack: null) is unavailable or invalid due to cause: coordinator unavailable. isDisconnected: false. Rediscovery will be attempted.
2025-12-18 15:19:38.255 [main] INFO  o.a.k.c.c.i.ConsumerCoordinator - [Consumer clientId=consumer-test-consumer-group-1, groupId=test-consumer-group] Requesting disconnect from last known coordinator 192.168.202.130:9092 (id: 2147483647 rack: null)
2025-12-18 15:19:38.357 [main] INFO  o.a.k.c.c.i.ConsumerCoordinator - [Consumer clientId=consumer-test-consumer-group-1, groupId=test-consumer-group] Discovered group coordinator 192.168.202.130:9092 (id: 2147483647 rack: null)
2025-12-18 15:19:38.358 [main] INFO  o.a.k.c.c.i.ConsumerCoordinator - [Consumer clientId=consumer-test-consumer-group-1, groupId=test-consumer-group] Request joining group due to: rebalance failed due to 'This is not the correct coordinator.' (NotCoordinatorException)
2025-12-18 15:19:38.359 [main] INFO  o.a.k.c.c.i.ConsumerCoordinator - [Consumer clientId=consumer-test-consumer-group-1, groupId=test-consumer-group] (Re-)joining group
2025-12-18 15:19:38.362 [main] INFO  o.a.k.c.c.i.ConsumerCoordinator - [Consumer clientId=consumer-test-consumer-group-1, groupId=test-consumer-group] Group coordinator 192.168.202.130:9092 (id: 2147483647 rack: null) is unavailable or invalid due to cause: error response NOT_COORDINATOR. isDisconnected: false. Rediscovery will be attempted.
2025-12-18 15:19:38.362 [main] INFO  o.a.k.c.c.i.ConsumerCoordinator - [Consumer clientId=consumer-test-consumer-group-1, groupId=test-consumer-group] Requesting disconnect from last known coordinator 192.168.202.130:9092 (id: 2147483647 rack: null)
2025-12-18 15:19:38.362 [main] INFO  o.a.k.c.c.i.ConsumerCoordinator - [Consumer clientId=consumer-test-consumer-group-1, groupId=test-consumer-group] JoinGroup failed: This is not the correct coordinator. Marking coordinator unknown. Sent generation was Generation{generationId=-1, memberId='', protocol='null'}
2025-12-18 15:19:38.362 [main] INFO  o.apache.kafka.clients.NetworkClient - [Consumer clientId=consumer-test-consumer-group-1, groupId=test-consumer-group] Client requested disconnect from node 2147483647
2025-12-18 15:19:38.364 [main] INFO  o.a.k.c.c.i.ConsumerCoordinator - [Consumer clientId=consumer-test-consumer-group-1, groupId=test-consumer-group] Discovered group coordinator 192.168.202.130:9092 (id: 2147483647 rack: null)
2025-12-18 15:19:38.364 [main] INFO  o.a.k.c.c.i.ConsumerCoordinator - [Consumer clientId=consumer-test-consumer-group-1, groupId=test-consumer-group] Group coordinator 192.168.202.130:9092 (id: 2147483647 rack: null) is unavailable or invalid due to cause: coordinator unavailable. isDisconnected: false. Rediscovery will be attempted.
2025-12-18 15:19:38.364 [main] INFO  o.a.k.c.c.i.ConsumerCoordinator - [Consumer clientId=consumer-test-consumer-group-1, groupId=test-consumer-group] Requesting disconnect from last known coordinator 192.168.202.130:9092 (id: 2147483647 rack: null)
2025-12-18 15:19:38.480 [main] INFO  o.a.k.c.c.i.ConsumerCoordinator - [Consumer clientId=consumer-test-consumer-group-1, groupId=test-consumer-group] Discovered group coordinator 192.168.202.130:9092 (id: 2147483647 rack: null)
2025-12-18 15:19:38.481 [main] INFO  o.a.k.c.c.i.ConsumerCoordinator - [Consumer clientId=consumer-test-consumer-group-1, groupId=test-consumer-group] Request joining group due to: rebalance failed due to 'This is not the correct coordinator.' (NotCoordinatorException)
2025-12-18 15:19:38.481 [main] INFO  o.a.k.c.c.i.ConsumerCoordinator - [Consumer clientId=consumer-test-consumer-group-1, groupId=test-consumer-group] (Re-)joining group
2025-12-18 15:19:38.484 [main] INFO  o.a.k.c.c.i.ConsumerCoordinator - [Consumer clientId=consumer-test-consumer-group-1, groupId=test-consumer-group] Group coordinator 192.168.202.130:9092 (id: 2147483647 rack: null) is unavailable or invalid due to cause: error response NOT_COORDINATOR. isDisconnected: false. Rediscovery will be attempted.
2025-12-18 15:19:38.484 [main] INFO  o.a.k.c.c.i.ConsumerCoordinator - [Consumer clientId=consumer-test-consumer-group-1, groupId=test-consumer-group] Requesting disconnect from last known coordinator 192.168.202.130:9092 (id: 2147483647 rack: null)
2025-12-18 15:19:38.484 [main] INFO  o.a.k.c.c.i.ConsumerCoordinator - [Consumer clientId=consumer-test-consumer-group-1, groupId=test-consumer-group] JoinGroup failed: This is not the correct coordinator. Marking coordinator unknown. Sent generation was Generation{generationId=-1, memberId='', protocol='null'}
2025-12-18 15:19:38.484 [main] INFO  o.apache.kafka.clients.NetworkClient - [Consumer clientId=consumer-test-consumer-group-1, groupId=test-consumer-group] Client requested disconnect from node 2147483647
2025-12-18 15:19:38.486 [main] INFO  o.a.k.c.c.i.ConsumerCoordinator - [Consumer clientId=consumer-test-consumer-group-1, groupId=test-consumer-group] Discovered group coordinator 192.168.202.130:9092 (id: 2147483647 rack: null)
2025-12-18 15:19:38.486 [main] INFO  o.a.k.c.c.i.ConsumerCoordinator - [Consumer clientId=consumer-test-consumer-group-1, groupId=test-consumer-group] Group coordinator 192.168.202.130:9092 (id: 2147483647 rack: null) is unavailable or invalid due to cause: coordinator unavailable. isDisconnected: false. Rediscovery will be attempted.
2025-12-18 15:19:38.486 [main] INFO  o.a.k.c.c.i.ConsumerCoordinator - [Consumer clientId=consumer-test-consumer-group-1, groupId=test-consumer-group] Requesting disconnect from last known coordinator 192.168.202.130:9092 (id: 2147483647 rack: null)
2025-12-18 15:19:38.590 [main] INFO  o.a.k.c.c.i.ConsumerCoordinator - [Consumer clientId=consumer-test-consumer-group-1, groupId=test-consumer-group] Discovered group coordinator 192.168.202.130:9092 (id: 2147483647 rack: null)
2025-12-18 15:19:38.591 [main] INFO  o.a.k.c.c.i.ConsumerCoordinator - [Consumer clientId=consumer-test-consumer-group-1, groupId=test-consumer-group] Request joining group due to: rebalance failed due to 'This is not the correct coordinator.' (NotCoordinatorException)
2025-12-18 15:19:38.592 [main] INFO  o.a.k.c.c.i.ConsumerCoordinator - [Consumer clientId=consumer-test-consumer-group-1, groupId=test-consumer-group] (Re-)joining group
2025-12-18 15:19:38.595 [main] INFO  o.a.k.c.c.i.ConsumerCoordinator - [Consumer clientId=consumer-test-consumer-group-1, groupId=test-consumer-group] Group coordinator 192.168.202.130:9092 (id: 2147483647 rack: null) is unavailable or invalid due to cause: error response NOT_COORDINATOR. isDisconnected: false. Rediscovery will be attempted.
2025-12-18 15:19:38.595 [main] INFO  o.a.k.c.c.i.ConsumerCoordinator - [Consumer clientId=consumer-test-consumer-group-1, groupId=test-consumer-group] Requesting disconnect from last known coordinator 192.168.202.130:9092 (id: 2147483647 rack: null)
2025-12-18 15:19:38.595 [main] INFO  o.a.k.c.c.i.ConsumerCoordinator - [Consumer clientId=consumer-test-consumer-group-1, groupId=test-consumer-group] JoinGroup failed: This is not the correct coordinator. Marking coordinator unknown. Sent generation was Generation{generationId=-1, memberId='', protocol='null'}
2025-12-18 15:19:38.595 [main] INFO  o.apache.kafka.clients.NetworkClient - [Consumer clientId=consumer-test-consumer-group-1, groupId=test-consumer-group] Client requested disconnect from node 2147483647
2025-12-18 15:19:38.597 [main] INFO  o.a.k.c.c.i.ConsumerCoordinator - [Consumer clientId=consumer-test-consumer-group-1, groupId=test-consumer-group] Discovered group coordinator 192.168.202.130:9092 (id: 2147483647 rack: null)
2025-12-18 15:19:38.597 [main] INFO  o.a.k.c.c.i.ConsumerCoordinator - [Consumer clientId=consumer-test-consumer-group-1, groupId=test-consumer-group] Group coordinator 192.168.202.130:9092 (id: 2147483647 rack: null) is unavailable or invalid due to cause: coordinator unavailable. isDisconnected: false. Rediscovery will be attempted.
2025-12-18 15:19:38.597 [main] INFO  o.a.k.c.c.i.ConsumerCoordinator - [Consumer clientId=consumer-test-consumer-group-1, groupId=test-consumer-group] Requesting disconnect from last known coordinator 192.168.202.130:9092 (id: 2147483647 rack: null)
2025-12-18 15:19:38.699 [main] INFO  o.a.k.c.c.i.ConsumerCoordinator - [Consumer clientId=consumer-test-consumer-group-1, groupId=test-consumer-group] Discovered group coordinator 192.168.202.130:9092 (id: 2147483647 rack: null)
2025-12-18 15:19:38.700 [main] INFO  o.a.k.c.c.i.ConsumerCoordinator - [Consumer clientId=consumer-test-consumer-group-1, groupId=test-consumer-group] Request joining group due to: rebalance failed due to 'This is not the correct coordinator.' (NotCoordinatorException)
2025-12-18 15:19:38.701 [main] INFO  o.a.k.c.c.i.ConsumerCoordinator - [Consumer clientId=consumer-test-consumer-group-1, groupId=test-consumer-group] (Re-)joining group
2025-12-18 15:19:38.703 [main] INFO  o.a.k.c.c.i.ConsumerCoordinator - [Consumer clientId=consumer-test-consumer-group-1, groupId=test-consumer-group] Group coordinator 192.168.202.130:9092 (id: 2147483647 rack: null) is unavailable or invalid due to cause: error response NOT_COORDINATOR. isDisconnected: false. Rediscovery will be attempted.
2025-12-18 15:19:38.703 [main] INFO  o.a.k.c.c.i.ConsumerCoordinator - [Consumer clientId=consumer-test-consumer-group-1, groupId=test-consumer-group] Requesting disconnect from last known coordinator 192.168.202.130:9092 (id: 2147483647 rack: null)
2025-12-18 15:19:38.703 [main] INFO  o.a.k.c.c.i.ConsumerCoordinator - [Consumer clientId=consumer-test-consumer-group-1, groupId=test-consumer-group] JoinGroup failed: This is not the correct coordinator. Marking coordinator unknown. Sent generation was Generation{generationId=-1, memberId='', protocol='null'}
2025-12-18 15:19:38.703 [main] INFO  o.apache.kafka.clients.NetworkClient - [Consumer clientId=consumer-test-consumer-group-1, groupId=test-consumer-group] Client requested disconnect from node 2147483647
2025-12-18 15:19:38.706 [main] INFO  o.a.k.c.c.i.ConsumerCoordinator - [Consumer clientId=consumer-test-consumer-group-1, groupId=test-consumer-group] Discovered group coordinator 192.168.202.130:9092 (id: 2147483647 rack: null)
2025-12-18 15:19:38.706 [main] INFO  o.a.k.c.c.i.ConsumerCoordinator - [Consumer clientId=consumer-test-consumer-group-1, groupId=test-consumer-group] Group coordinator 192.168.202.130:9092 (id: 2147483647 rack: null) is unavailable or invalid due to cause: coordinator unavailable. isDisconnected: false. Rediscovery will be attempted.
2025-12-18 15:19:38.706 [main] INFO  o.a.k.c.c.i.ConsumerCoordinator - [Consumer clientId=consumer-test-consumer-group-1, groupId=test-consumer-group] Requesting disconnect from last known coordinator 192.168.202.130:9092 (id: 2147483647 rack: null)
2025-12-18 15:19:38.824 [main] INFO  o.a.k.c.c.i.ConsumerCoordinator - [Consumer clientId=consumer-test-consumer-group-1, groupId=test-consumer-group] Discovered group coordinator 192.168.202.130:9092 (id: 2147483647 rack: null)
2025-12-18 15:19:38.825 [main] INFO  o.a.k.c.c.i.ConsumerCoordinator - [Consumer clientId=consumer-test-consumer-group-1, groupId=test-consumer-group] Request joining group due to: rebalance failed due to 'This is not the correct coordinator.' (NotCoordinatorException)
2025-12-18 15:19:38.826 [main] INFO  o.a.k.c.c.i.ConsumerCoordinator - [Consumer clientId=consumer-test-consumer-group-1, groupId=test-consumer-group] (Re-)joining group
2025-12-18 15:19:38.829 [main] INFO  o.a.k.c.c.i.ConsumerCoordinator - [Consumer clientId=consumer-test-consumer-group-1, groupId=test-consumer-group] Group coordinator 192.168.202.130:9092 (id: 2147483647 rack: null) is unavailable or invalid due to cause: error response NOT_COORDINATOR. isDisconnected: false. Rediscovery will be attempted.
2025-12-18 15:19:38.829 [main] INFO  o.a.k.c.c.i.ConsumerCoordinator - [Consumer clientId=consumer-test-consumer-group-1, groupId=test-consumer-group] Requesting disconnect from last known coordinator 192.168.202.130:9092 (id: 2147483647 rack: null)
2025-12-18 15:19:38.829 [main] INFO  o.a.k.c.c.i.ConsumerCoordinator - [Consumer clientId=consumer-test-consumer-group-1, groupId=test-consumer-group] JoinGroup failed: This is not the correct coordinator. Marking coordinator unknown. Sent generation was Generation{generationId=-1, memberId='', protocol='null'}
2025-12-18 15:19:38.829 [main] INFO  o.apache.kafka.clients.NetworkClient - [Consumer clientId=consumer-test-consumer-group-1, groupId=test-consumer-group] Client requested disconnect from node 2147483647
2025-12-18 15:19:38.831 [main] INFO  o.a.k.c.c.i.ConsumerCoordinator - [Consumer clientId=consumer-test-consumer-group-1, groupId=test-consumer-group] Discovered group coordinator 192.168.202.130:9092 (id: 2147483647 rack: null)
2025-12-18 15:19:38.831 [main] INFO  o.a.k.c.c.i.ConsumerCoordinator - [Consumer clientId=consumer-test-consumer-group-1, groupId=test-consumer-group] Group coordinator 192.168.202.130:9092 (id: 2147483647 rack: null) is unavailable or invalid due to cause: coordinator unavailable. isDisconnected: false. Rediscovery will be attempted.
2025-12-18 15:19:38.831 [main] INFO  o.a.k.c.c.i.ConsumerCoordinator - [Consumer clientId=consumer-test-consumer-group-1, groupId=test-consumer-group] Requesting disconnect from last known coordinator 192.168.202.130:9092 (id: 2147483647 rack: null)
2025-12-18 15:19:38.947 [main] INFO  o.a.k.c.c.i.ConsumerCoordinator - [Consumer clientId=consumer-test-consumer-group-1, groupId=test-consumer-group] Discovered group coordinator 192.168.202.130:9092 (id: 2147483647 rack: null)
2025-12-18 15:19:38.948 [main] INFO  o.a.k.c.c.i.ConsumerCoordinator - [Consumer clientId=consumer-test-consumer-group-1, groupId=test-consumer-group] Request joining group due to: rebalance failed due to 'This is not the correct coordinator.' (NotCoordinatorException)
2025-12-18 15:19:38.948 [main] INFO  o.a.k.c.c.i.ConsumerCoordinator - [Consumer clientId=consumer-test-consumer-group-1, groupId=test-consumer-group] (Re-)joining group
2025-12-18 15:19:38.950 [main] INFO  o.a.k.c.c.i.ConsumerCoordinator - [Consumer clientId=consumer-test-consumer-group-1, groupId=test-consumer-group] Group coordinator 192.168.202.130:9092 (id: 2147483647 rack: null) is unavailable or invalid due to cause: error response NOT_COORDINATOR. isDisconnected: false. Rediscovery will be attempted.
2025-12-18 15:19:38.951 [main] INFO  o.a.k.c.c.i.ConsumerCoordinator - [Consumer clientId=consumer-test-consumer-group-1, groupId=test-consumer-group] Requesting disconnect from last known coordinator 192.168.202.130:9092 (id: 2147483647 rack: null)
2025-12-18 15:19:38.951 [main] INFO  o.a.k.c.c.i.ConsumerCoordinator - [Consumer clientId=consumer-test-consumer-group-1, groupId=test-consumer-group] JoinGroup failed: This is not the correct coordinator. Marking coordinator unknown. Sent generation was Generation{generationId=-1, memberId='', protocol='null'}
2025-12-18 15:19:38.951 [main] INFO  o.apache.kafka.clients.NetworkClient - [Consumer clientId=consumer-test-consumer-group-1, groupId=test-consumer-group] Client requested disconnect from node 2147483647
2025-12-18 15:19:38.952 [main] INFO  o.a.k.c.c.i.ConsumerCoordinator - [Consumer clientId=consumer-test-consumer-group-1, groupId=test-consumer-group] Discovered group coordinator 192.168.202.130:9092 (id: 2147483647 rack: null)
2025-12-18 15:19:38.953 [main] INFO  o.a.k.c.c.i.ConsumerCoordinator - [Consumer clientId=consumer-test-consumer-group-1, groupId=test-consumer-group] Group coordinator 192.168.202.130:9092 (id: 2147483647 rack: null) is unavailable or invalid due to cause: coordinator unavailable. isDisconnected: false. Rediscovery will be attempted.
2025-12-18 15:19:38.953 [main] INFO  o.a.k.c.c.i.ConsumerCoordinator - [Consumer clientId=consumer-test-consumer-group-1, groupId=test-consumer-group] Requesting disconnect from last known coordinator 192.168.202.130:9092 (id: 2147483647 rack: null)
2025-12-18 15:19:39.056 [main] INFO  o.a.k.c.c.i.ConsumerCoordinator - [Consumer clientId=consumer-test-consumer-group-1, groupId=test-consumer-group] Discovered group coordinator 192.168.202.130:9092 (id: 2147483647 rack: null)
2025-12-18 15:19:39.057 [main] INFO  o.a.k.c.c.i.ConsumerCoordinator - [Consumer clientId=consumer-test-consumer-group-1, groupId=test-consumer-group] Request joining group due to: rebalance failed due to 'This is not the correct coordinator.' (NotCoordinatorException)
2025-12-18 15:19:39.058 [main] INFO  o.a.k.c.c.i.ConsumerCoordinator - [Consumer clientId=consumer-test-consumer-group-1, groupId=test-consumer-group] (Re-)joining group
2025-12-18 15:19:39.060 [main] INFO  o.a.k.c.c.i.ConsumerCoordinator - [Consumer clientId=consumer-test-consumer-group-1, groupId=test-consumer-group] Group coordinator 192.168.202.130:9092 (id: 2147483647 rack: null) is unavailable or invalid due to cause: error response NOT_COORDINATOR. isDisconnected: false. Rediscovery will be attempted.
2025-12-18 15:19:39.060 [main] INFO  o.a.k.c.c.i.ConsumerCoordinator - [Consumer clientId=consumer-test-consumer-group-1, groupId=test-consumer-group] Requesting disconnect from last known coordinator 192.168.202.130:9092 (id: 2147483647 rack: null)
2025-12-18 15:19:39.060 [main] INFO  o.a.k.c.c.i.ConsumerCoordinator - [Consumer clientId=consumer-test-consumer-group-1, groupId=test-consumer-group] JoinGroup failed: This is not the correct coordinator. Marking coordinator unknown. Sent generation was Generation{generationId=-1, memberId='', protocol='null'}
2025-12-18 15:19:39.060 [main] INFO  o.apache.kafka.clients.NetworkClient - [Consumer clientId=consumer-test-consumer-group-1, groupId=test-consumer-group] Client requested disconnect from node 2147483647
2025-12-18 15:19:39.061 [main] INFO  o.a.k.c.c.i.ConsumerCoordinator - [Consumer clientId=consumer-test-consumer-group-1, groupId=test-consumer-group] Discovered group coordinator 192.168.202.130:9092 (id: 2147483647 rack: null)
2025-12-18 15:19:39.061 [main] INFO  o.a.k.c.c.i.ConsumerCoordinator - [Consumer clientId=consumer-test-consumer-group-1, groupId=test-consumer-group] Group coordinator 192.168.202.130:9092 (id: 2147483647 rack: null) is unavailable or invalid due to cause: coordinator unavailable. isDisconnected: false. Rediscovery will be attempted.
2025-12-18 15:19:39.062 [main] INFO  o.a.k.c.c.i.ConsumerCoordinator - [Consumer clientId=consumer-test-consumer-group-1, groupId=test-consumer-group] Requesting disconnect from last known coordinator 192.168.202.130:9092 (id: 2147483647 rack: null)
2025-12-18 15:19:39.164 [main] INFO  o.a.k.c.c.i.ConsumerCoordinator - [Consumer clientId=consumer-test-consumer-group-1, groupId=test-consumer-group] Discovered group coordinator 192.168.202.130:9092 (id: 2147483647 rack: null)
2025-12-18 15:19:39.165 [main] INFO  o.a.k.c.c.i.ConsumerCoordinator - [Consumer clientId=consumer-test-consumer-group-1, groupId=test-consumer-group] Request joining group due to: rebalance failed due to 'This is not the correct coordinator.' (NotCoordinatorException)
2025-12-18 15:19:39.165 [main] INFO  o.a.k.c.c.i.ConsumerCoordinator - [Consumer clientId=consumer-test-consumer-group-1, groupId=test-consumer-group] (Re-)joining group
2025-12-18 15:19:39.168 [main] INFO  o.a.k.c.c.i.ConsumerCoordinator - [Consumer clientId=consumer-test-consumer-group-1, groupId=test-consumer-group] Group coordinator 192.168.202.130:9092 (id: 2147483647 rack: null) is unavailable or invalid due to cause: error response NOT_COORDINATOR. isDisconnected: false. Rediscovery will be attempted.
2025-12-18 15:19:39.168 [main] INFO  o.a.k.c.c.i.ConsumerCoordinator - [Consumer clientId=consumer-test-consumer-group-1, groupId=test-consumer-group] Requesting disconnect from last known coordinator 192.168.202.130:9092 (id: 2147483647 rack: null)
2025-12-18 15:19:39.169 [main] INFO  o.a.k.c.c.i.ConsumerCoordinator - [Consumer clientId=consumer-test-consumer-group-1, groupId=test-consumer-group] JoinGroup failed: This is not the correct coordinator. Marking coordinator unknown. Sent generation was Generation{generationId=-1, memberId='', protocol='null'}
2025-12-18 15:19:39.169 [main] INFO  o.apache.kafka.clients.NetworkClient - [Consumer clientId=consumer-test-consumer-group-1, groupId=test-consumer-group] Client requested disconnect from node 2147483647
2025-12-18 15:19:39.171 [main] INFO  o.a.k.c.c.i.ConsumerCoordinator - [Consumer clientId=consumer-test-consumer-group-1, groupId=test-consumer-group] Discovered group coordinator 192.168.202.130:9092 (id: 2147483647 rack: null)
2025-12-18 15:19:39.171 [main] INFO  o.a.k.c.c.i.ConsumerCoordinator - [Consumer clientId=consumer-test-consumer-group-1, groupId=test-consumer-group] Group coordinator 192.168.202.130:9092 (id: 2147483647 rack: null) is unavailable or invalid due to cause: coordinator unavailable. isDisconnected: false. Rediscovery will be attempted.
2025-12-18 15:19:39.171 [main] INFO  o.a.k.c.c.i.ConsumerCoordinator - [Consumer clientId=consumer-test-consumer-group-1, groupId=test-consumer-group] Requesting disconnect from last known coordinator 192.168.202.130:9092 (id: 2147483647 rack: null)
2025-12-18 15:19:39.272 [main] INFO  o.a.k.c.c.i.ConsumerCoordinator - [Consumer clientId=consumer-test-consumer-group-1, groupId=test-consumer-group] Discovered group coordinator 192.168.202.130:9092 (id: 2147483647 rack: null)
2025-12-18 15:19:39.273 [main] INFO  o.a.k.c.c.i.ConsumerCoordinator - [Consumer clientId=consumer-test-consumer-group-1, groupId=test-consumer-group] Request joining group due to: rebalance failed due to 'This is not the correct coordinator.' (NotCoordinatorException)
2025-12-18 15:19:39.274 [main] INFO  o.a.k.c.c.i.ConsumerCoordinator - [Consumer clientId=consumer-test-consumer-group-1, groupId=test-consumer-group] (Re-)joining group
2025-12-18 15:19:39.276 [main] INFO  o.a.k.c.c.i.ConsumerCoordinator - [Consumer clientId=consumer-test-consumer-group-1, groupId=test-consumer-group] Group coordinator 192.168.202.130:9092 (id: 2147483647 rack: null) is unavailable or invalid due to cause: error response NOT_COORDINATOR. isDisconnected: false. Rediscovery will be attempted.
2025-12-18 15:19:39.276 [main] INFO  o.a.k.c.c.i.ConsumerCoordinator - [Consumer clientId=consumer-test-consumer-group-1, groupId=test-consumer-group] Requesting disconnect from last known coordinator 192.168.202.130:9092 (id: 2147483647 rack: null)
2025-12-18 15:19:39.276 [main] INFO  o.a.k.c.c.i.ConsumerCoordinator - [Consumer clientId=consumer-test-consumer-group-1, groupId=test-consumer-group] JoinGroup failed: This is not the correct coordinator. Marking coordinator unknown. Sent generation was Generation{generationId=-1, memberId='', protocol='null'}
2025-12-18 15:19:39.276 [main] INFO  o.apache.kafka.clients.NetworkClient - [Consumer clientId=consumer-test-consumer-group-1, groupId=test-consumer-group] Client requested disconnect from node 2147483647
2025-12-18 15:19:39.277 [main] INFO  o.a.k.c.c.i.ConsumerCoordinator - [Consumer clientId=consumer-test-consumer-group-1, groupId=test-consumer-group] Discovered group coordinator 192.168.202.130:9092 (id: 2147483647 rack: null)
2025-12-18 15:19:39.278 [main] INFO  o.a.k.c.c.i.ConsumerCoordinator - [Consumer clientId=consumer-test-consumer-group-1, groupId=test-consumer-group] Group coordinator 192.168.202.130:9092 (id: 2147483647 rack: null) is unavailable or invalid due to cause: coordinator unavailable. isDisconnected: false. Rediscovery will be attempted.
2025-12-18 15:19:39.278 [main] INFO  o.a.k.c.c.i.ConsumerCoordinator - [Consumer clientId=consumer-test-consumer-group-1, groupId=test-consumer-group] Requesting disconnect from last known coordinator 192.168.202.130:9092 (id: 2147483647 rack: null)
2025-12-18 15:19:39.383 [main] INFO  o.a.k.c.c.i.ConsumerCoordinator - [Consumer clientId=consumer-test-consumer-group-1, groupId=test-consumer-group] Discovered group coordinator 192.168.202.130:9092 (id: 2147483647 rack: null)
2025-12-18 15:19:39.383 [main] INFO  o.a.k.c.c.i.ConsumerCoordinator - [Consumer clientId=consumer-test-consumer-group-1, groupId=test-consumer-group] Request joining group due to: rebalance failed due to 'This is not the correct coordinator.' (NotCoordinatorException)
2025-12-18 15:19:39.384 [main] INFO  o.a.k.c.c.i.ConsumerCoordinator - [Consumer clientId=consumer-test-consumer-group-1, groupId=test-consumer-group] (Re-)joining group
2025-12-18 15:19:39.387 [main] INFO  o.a.k.c.c.i.ConsumerCoordinator - [Consumer clientId=consumer-test-consumer-group-1, groupId=test-consumer-group] Group coordinator 192.168.202.130:9092 (id: 2147483647 rack: null) is unavailable or invalid due to cause: error response NOT_COORDINATOR. isDisconnected: false. Rediscovery will be attempted.
2025-12-18 15:19:39.387 [main] INFO  o.a.k.c.c.i.ConsumerCoordinator - [Consumer clientId=consumer-test-consumer-group-1, groupId=test-consumer-group] Requesting disconnect from last known coordinator 192.168.202.130:9092 (id: 2147483647 rack: null)
2025-12-18 15:19:39.387 [main] INFO  o.a.k.c.c.i.ConsumerCoordinator - [Consumer clientId=consumer-test-consumer-group-1, groupId=test-consumer-group] JoinGroup failed: This is not the correct coordinator. Marking coordinator unknown. Sent generation was Generation{generationId=-1, memberId='', protocol='null'}
2025-12-18 15:19:39.388 [main] INFO  o.apache.kafka.clients.NetworkClient - [Consumer clientId=consumer-test-consumer-group-1, groupId=test-consumer-group] Client requested disconnect from node 2147483647
2025-12-18 15:19:39.389 [main] INFO  o.a.k.c.c.i.ConsumerCoordinator - [Consumer clientId=consumer-test-consumer-group-1, groupId=test-consumer-group] Discovered group coordinator 192.168.202.130:9092 (id: 2147483647 rack: null)
2025-12-18 15:19:39.389 [main] INFO  o.a.k.c.c.i.ConsumerCoordinator - [Consumer clientId=consumer-test-consumer-group-1, groupId=test-consumer-group] Group coordinator 192.168.202.130:9092 (id: 2147483647 rack: null) is unavailable or invalid due to cause: coordinator unavailable. isDisconnected: false. Rediscovery will be attempted.
2025-12-18 15:19:39.389 [main] INFO  o.a.k.c.c.i.ConsumerCoordinator - [Consumer clientId=consumer-test-consumer-group-1, groupId=test-consumer-group] Requesting disconnect from last known coordinator 192.168.202.130:9092 (id: 2147483647 rack: null)
2025-12-18 15:19:39.506 [main] INFO  o.a.k.c.c.i.ConsumerCoordinator - [Consumer clientId=consumer-test-consumer-group-1, groupId=test-consumer-group] Discovered group coordinator 192.168.202.130:9092 (id: 2147483647 rack: null)
2025-12-18 15:19:39.506 [main] INFO  o.a.k.c.c.i.ConsumerCoordinator - [Consumer clientId=consumer-test-consumer-group-1, groupId=test-consumer-group] Request joining group due to: rebalance failed due to 'This is not the correct coordinator.' (NotCoordinatorException)
2025-12-18 15:19:39.507 [main] INFO  o.a.k.c.c.i.ConsumerCoordinator - [Consumer clientId=consumer-test-consumer-group-1, groupId=test-consumer-group] (Re-)joining group
2025-12-18 15:19:39.513 [main] INFO  o.a.k.c.c.i.ConsumerCoordinator - [Consumer clientId=consumer-test-consumer-group-1, groupId=test-consumer-group] Group coordinator 192.168.202.130:9092 (id: 2147483647 rack: null) is unavailable or invalid due to cause: error response NOT_COORDINATOR. isDisconnected: false. Rediscovery will be attempted.
2025-12-18 15:19:39.513 [main] INFO  o.a.k.c.c.i.ConsumerCoordinator - [Consumer clientId=consumer-test-consumer-group-1, groupId=test-consumer-group] Requesting disconnect from last known coordinator 192.168.202.130:9092 (id: 2147483647 rack: null)
2025-12-18 15:19:39.513 [main] INFO  o.a.k.c.c.i.ConsumerCoordinator - [Consumer clientId=consumer-test-consumer-group-1, groupId=test-consumer-group] JoinGroup failed: This is not the correct coordinator. Marking coordinator unknown. Sent generation was Generation{generationId=-1, memberId='', protocol='null'}
2025-12-18 15:19:39.513 [main] INFO  o.apache.kafka.clients.NetworkClient - [Consumer clientId=consumer-test-consumer-group-1, groupId=test-consumer-group] Client requested disconnect from node 2147483647
2025-12-18 15:19:39.514 [main] INFO  o.a.k.c.c.i.ConsumerCoordinator - [Consumer clientId=consumer-test-consumer-group-1, groupId=test-consumer-group] Discovered group coordinator 192.168.202.130:9092 (id: 2147483647 rack: null)
2025-12-18 15:19:39.514 [main] INFO  o.a.k.c.c.i.ConsumerCoordinator - [Consumer clientId=consumer-test-consumer-group-1, groupId=test-consumer-group] Group coordinator 192.168.202.130:9092 (id: 2147483647 rack: null) is unavailable or invalid due to cause: coordinator unavailable. isDisconnected: false. Rediscovery will be attempted.
2025-12-18 15:19:39.514 [main] INFO  o.a.k.c.c.i.ConsumerCoordinator - [Consumer clientId=consumer-test-consumer-group-1, groupId=test-consumer-group] Requesting disconnect from last known coordinator 192.168.202.130:9092 (id: 2147483647 rack: null)
2025-12-18 15:19:39.615 [main] INFO  o.a.k.c.c.i.ConsumerCoordinator - [Consumer clientId=consumer-test-consumer-group-1, groupId=test-consumer-group] Discovered group coordinator 192.168.202.130:9092 (id: 2147483647 rack: null)
2025-12-18 15:19:39.617 [main] INFO  o.a.k.c.c.i.ConsumerCoordinator - [Consumer clientId=consumer-test-consumer-group-1, groupId=test-consumer-group] Request joining group due to: rebalance failed due to 'This is not the correct coordinator.' (NotCoordinatorException)
2025-12-18 15:19:39.618 [main] INFO  o.a.k.c.c.i.ConsumerCoordinator - [Consumer clientId=consumer-test-consumer-group-1, groupId=test-consumer-group] (Re-)joining group
2025-12-18 15:19:39.621 [main] INFO  o.a.k.c.c.i.ConsumerCoordinator - [Consumer clientId=consumer-test-consumer-group-1, groupId=test-consumer-group] Group coordinator 192.168.202.130:9092 (id: 2147483647 rack: null) is unavailable or invalid due to cause: error response NOT_COORDINATOR. isDisconnected: false. Rediscovery will be attempted.
2025-12-18 15:19:39.621 [main] INFO  o.a.k.c.c.i.ConsumerCoordinator - [Consumer clientId=consumer-test-consumer-group-1, groupId=test-consumer-group] Requesting disconnect from last known coordinator 192.168.202.130:9092 (id: 2147483647 rack: null)
2025-12-18 15:19:39.621 [main] INFO  o.a.k.c.c.i.ConsumerCoordinator - [Consumer clientId=consumer-test-consumer-group-1, groupId=test-consumer-group] JoinGroup failed: This is not the correct coordinator. Marking coordinator unknown. Sent generation was Generation{generationId=-1, memberId='', protocol='null'}
2025-12-18 15:19:39.621 [main] INFO  o.apache.kafka.clients.NetworkClient - [Consumer clientId=consumer-test-consumer-group-1, groupId=test-consumer-group] Client requested disconnect from node 2147483647
2025-12-18 15:19:39.622 [main] INFO  o.a.k.c.c.i.ConsumerCoordinator - [Consumer clientId=consumer-test-consumer-group-1, groupId=test-consumer-group] Discovered group coordinator 192.168.202.130:9092 (id: 2147483647 rack: null)
2025-12-18 15:19:39.622 [main] INFO  o.a.k.c.c.i.ConsumerCoordinator - [Consumer clientId=consumer-test-consumer-group-1, groupId=test-consumer-group] Group coordinator 192.168.202.130:9092 (id: 2147483647 rack: null) is unavailable or invalid due to cause: coordinator unavailable. isDisconnected: false. Rediscovery will be attempted.
2025-12-18 15:19:39.622 [main] INFO  o.a.k.c.c.i.ConsumerCoordinator - [Consumer clientId=consumer-test-consumer-group-1, groupId=test-consumer-group] Requesting disconnect from last known coordinator 192.168.202.130:9092 (id: 2147483647 rack: null)
2025-12-18 15:19:39.724 [main] INFO  o.a.k.c.c.i.ConsumerCoordinator - [Consumer clientId=consumer-test-consumer-group-1, groupId=test-consumer-group] Discovered group coordinator 192.168.202.130:9092 (id: 2147483647 rack: null)
2025-12-18 15:19:39.725 [main] INFO  o.a.k.c.c.i.ConsumerCoordinator - [Consumer clientId=consumer-test-consumer-group-1, groupId=test-consumer-group] Request joining group due to: rebalance failed due to 'This is not the correct coordinator.' (NotCoordinatorException)
2025-12-18 15:19:39.726 [main] INFO  o.a.k.c.c.i.ConsumerCoordinator - [Consumer clientId=consumer-test-consumer-group-1, groupId=test-consumer-group] (Re-)joining group
2025-12-18 15:19:39.729 [main] INFO  o.a.k.c.c.i.ConsumerCoordinator - [Consumer clientId=consumer-test-consumer-group-1, groupId=test-consumer-group] Group coordinator 192.168.202.130:9092 (id: 2147483647 rack: null) is unavailable or invalid due to cause: error response NOT_COORDINATOR. isDisconnected: false. Rediscovery will be attempted.
2025-12-18 15:19:39.729 [main] INFO  o.a.k.c.c.i.ConsumerCoordinator - [Consumer clientId=consumer-test-consumer-group-1, groupId=test-consumer-group] Requesting disconnect from last known coordinator 192.168.202.130:9092 (id: 2147483647 rack: null)
2025-12-18 15:19:39.729 [main] INFO  o.a.k.c.c.i.ConsumerCoordinator - [Consumer clientId=consumer-test-consumer-group-1, groupId=test-consumer-group] JoinGroup failed: This is not the correct coordinator. Marking coordinator unknown. Sent generation was Generation{generationId=-1, memberId='', protocol='null'}
2025-12-18 15:19:39.729 [main] INFO  o.apache.kafka.clients.NetworkClient - [Consumer clientId=consumer-test-consumer-group-1, groupId=test-consumer-group] Client requested disconnect from node 2147483647
2025-12-18 15:19:39.730 [main] INFO  o.a.k.c.c.i.ConsumerCoordinator - [Consumer clientId=consumer-test-consumer-group-1, groupId=test-consumer-group] Discovered group coordinator 192.168.202.130:9092 (id: 2147483647 rack: null)
2025-12-18 15:19:39.730 [main] INFO  o.a.k.c.c.i.ConsumerCoordinator - [Consumer clientId=consumer-test-consumer-group-1, groupId=test-consumer-group] Group coordinator 192.168.202.130:9092 (id: 2147483647 rack: null) is unavailable or invalid due to cause: coordinator unavailable. isDisconnected: false. Rediscovery will be attempted.
2025-12-18 15:19:39.730 [main] INFO  o.a.k.c.c.i.ConsumerCoordinator - [Consumer clientId=consumer-test-consumer-group-1, groupId=test-consumer-group] Requesting disconnect from last known coordinator 192.168.202.130:9092 (id: 2147483647 rack: null)
2025-12-18 15:19:39.835 [main] INFO  o.a.k.c.c.i.ConsumerCoordinator - [Consumer clientId=consumer-test-consumer-group-1, groupId=test-consumer-group] Discovered group coordinator 192.168.202.130:9092 (id: 2147483647 rack: null)
2025-12-18 15:19:39.836 [main] INFO  o.a.k.c.c.i.ConsumerCoordinator - [Consumer clientId=consumer-test-consumer-group-1, groupId=test-consumer-group] Request joining group due to: rebalance failed due to 'This is not the correct coordinator.' (NotCoordinatorException)
2025-12-18 15:19:39.837 [main] INFO  o.a.k.c.c.i.ConsumerCoordinator - [Consumer clientId=consumer-test-consumer-group-1, groupId=test-consumer-group] (Re-)joining group
2025-12-18 15:19:39.843 [main] INFO  o.a.k.c.c.i.ConsumerCoordinator - [Consumer clientId=consumer-test-consumer-group-1, groupId=test-consumer-group] Group coordinator 192.168.202.130:9092 (id: 2147483647 rack: null) is unavailable or invalid due to cause: error response NOT_COORDINATOR. isDisconnected: false. Rediscovery will be attempted.
2025-12-18 15:19:39.844 [main] INFO  o.a.k.c.c.i.ConsumerCoordinator - [Consumer clientId=consumer-test-consumer-group-1, groupId=test-consumer-group] Requesting disconnect from last known coordinator 192.168.202.130:9092 (id: 2147483647 rack: null)
2025-12-18 15:19:39.844 [main] INFO  o.a.k.c.c.i.ConsumerCoordinator - [Consumer clientId=consumer-test-consumer-group-1, groupId=test-consumer-group] JoinGroup failed: This is not the correct coordinator. Marking coordinator unknown. Sent generation was Generation{generationId=-1, memberId='', protocol='null'}
2025-12-18 15:19:39.844 [main] INFO  o.apache.kafka.clients.NetworkClient - [Consumer clientId=consumer-test-consumer-group-1, groupId=test-consumer-group] Client requested disconnect from node 2147483647
2025-12-18 15:19:39.845 [main] INFO  o.a.k.c.c.i.ConsumerCoordinator - [Consumer clientId=consumer-test-consumer-group-1, groupId=test-consumer-group] Discovered group coordinator 192.168.202.130:9092 (id: 2147483647 rack: null)
2025-12-18 15:19:39.845 [main] INFO  o.a.k.c.c.i.ConsumerCoordinator - [Consumer clientId=consumer-test-consumer-group-1, groupId=test-consumer-group] Group coordinator 192.168.202.130:9092 (id: 2147483647 rack: null) is unavailable or invalid due to cause: coordinator unavailable. isDisconnected: false. Rediscovery will be attempted.
2025-12-18 15:19:39.845 [main] INFO  o.a.k.c.c.i.ConsumerCoordinator - [Consumer clientId=consumer-test-consumer-group-1, groupId=test-consumer-group] Requesting disconnect from last known coordinator 192.168.202.130:9092 (id: 2147483647 rack: null)
2025-12-18 15:19:39.961 [main] INFO  o.a.k.c.c.i.ConsumerCoordinator - [Consumer clientId=consumer-test-consumer-group-1, groupId=test-consumer-group] Discovered group coordinator 192.168.202.130:9092 (id: 2147483647 rack: null)
2025-12-18 15:19:39.961 [main] INFO  o.a.k.c.c.i.ConsumerCoordinator - [Consumer clientId=consumer-test-consumer-group-1, groupId=test-consumer-group] Request joining group due to: rebalance failed due to 'This is not the correct coordinator.' (NotCoordinatorException)
2025-12-18 15:19:39.964 [main] INFO  o.a.k.c.c.i.ConsumerCoordinator - [Consumer clientId=consumer-test-consumer-group-1, groupId=test-consumer-group] (Re-)joining group
2025-12-18 15:19:39.969 [main] INFO  o.a.k.c.c.i.ConsumerCoordinator - [Consumer clientId=consumer-test-consumer-group-1, groupId=test-consumer-group] Group coordinator 192.168.202.130:9092 (id: 2147483647 rack: null) is unavailable or invalid due to cause: error response NOT_COORDINATOR. isDisconnected: false. Rediscovery will be attempted.
2025-12-18 15:19:39.969 [main] INFO  o.a.k.c.c.i.ConsumerCoordinator - [Consumer clientId=consumer-test-consumer-group-1, groupId=test-consumer-group] Requesting disconnect from last known coordinator 192.168.202.130:9092 (id: 2147483647 rack: null)
2025-12-18 15:19:39.969 [main] INFO  o.a.k.c.c.i.ConsumerCoordinator - [Consumer clientId=consumer-test-consumer-group-1, groupId=test-consumer-group] JoinGroup failed: This is not the correct coordinator. Marking coordinator unknown. Sent generation was Generation{generationId=-1, memberId='', protocol='null'}
2025-12-18 15:19:39.970 [main] INFO  o.apache.kafka.clients.NetworkClient - [Consumer clientId=consumer-test-consumer-group-1, groupId=test-consumer-group] Client requested disconnect from node 2147483647
2025-12-18 15:19:39.972 [main] INFO  o.a.k.c.c.i.ConsumerCoordinator - [Consumer clientId=consumer-test-consumer-group-1, groupId=test-consumer-group] Discovered group coordinator 192.168.202.130:9092 (id: 2147483647 rack: null)
2025-12-18 15:19:39.972 [main] INFO  o.a.k.c.c.i.ConsumerCoordinator - [Consumer clientId=consumer-test-consumer-group-1, groupId=test-consumer-group] Group coordinator 192.168.202.130:9092 (id: 2147483647 rack: null) is unavailable or invalid due to cause: coordinator unavailable. isDisconnected: false. Rediscovery will be attempted.
2025-12-18 15:19:39.972 [main] INFO  o.a.k.c.c.i.ConsumerCoordinator - [Consumer clientId=consumer-test-consumer-group-1, groupId=test-consumer-group] Requesting disconnect from last known coordinator 192.168.202.130:9092 (id: 2147483647 rack: null)
2025-12-18 15:19:40.087 [main] INFO  o.a.k.c.c.i.ConsumerCoordinator - [Consumer clientId=consumer-test-consumer-group-1, groupId=test-consumer-group] Discovered group coordinator 192.168.202.130:9092 (id: 2147483647 rack: null)
2025-12-18 15:19:40.087 [main] INFO  o.a.k.c.c.i.ConsumerCoordinator - [Consumer clientId=consumer-test-consumer-group-1, groupId=test-consumer-group] Request joining group due to: rebalance failed due to 'This is not the correct coordinator.' (NotCoordinatorException)
2025-12-18 15:19:40.088 [main] INFO  o.a.k.c.c.i.ConsumerCoordinator - [Consumer clientId=consumer-test-consumer-group-1, groupId=test-consumer-group] (Re-)joining group
2025-12-18 15:19:40.090 [main] INFO  o.a.k.c.c.i.ConsumerCoordinator - [Consumer clientId=consumer-test-consumer-group-1, groupId=test-consumer-group] Group coordinator 192.168.202.130:9092 (id: 2147483647 rack: null) is unavailable or invalid due to cause: error response NOT_COORDINATOR. isDisconnected: false. Rediscovery will be attempted.
2025-12-18 15:19:40.090 [main] INFO  o.a.k.c.c.i.ConsumerCoordinator - [Consumer clientId=consumer-test-consumer-group-1, groupId=test-consumer-group] Requesting disconnect from last known coordinator 192.168.202.130:9092 (id: 2147483647 rack: null)
2025-12-18 15:19:40.090 [main] INFO  o.a.k.c.c.i.ConsumerCoordinator - [Consumer clientId=consumer-test-consumer-group-1, groupId=test-consumer-group] JoinGroup failed: This is not the correct coordinator. Marking coordinator unknown. Sent generation was Generation{generationId=-1, memberId='', protocol='null'}
2025-12-18 15:19:40.090 [main] INFO  o.apache.kafka.clients.NetworkClient - [Consumer clientId=consumer-test-consumer-group-1, groupId=test-consumer-group] Client requested disconnect from node 2147483647
2025-12-18 15:19:40.092 [main] INFO  o.a.k.c.c.i.ConsumerCoordinator - [Consumer clientId=consumer-test-consumer-group-1, groupId=test-consumer-group] Discovered group coordinator 192.168.202.130:9092 (id: 2147483647 rack: null)
2025-12-18 15:19:40.092 [main] INFO  o.a.k.c.c.i.ConsumerCoordinator - [Consumer clientId=consumer-test-consumer-group-1, groupId=test-consumer-group] Group coordinator 192.168.202.130:9092 (id: 2147483647 rack: null) is unavailable or invalid due to cause: coordinator unavailable. isDisconnected: false. Rediscovery will be attempted.
2025-12-18 15:19:40.092 [main] INFO  o.a.k.c.c.i.ConsumerCoordinator - [Consumer clientId=consumer-test-consumer-group-1, groupId=test-consumer-group] Requesting disconnect from last known coordinator 192.168.202.130:9092 (id: 2147483647 rack: null)
2025-12-18 15:19:40.198 [main] INFO  o.a.k.c.c.i.ConsumerCoordinator - [Consumer clientId=consumer-test-consumer-group-1, groupId=test-consumer-group] Discovered group coordinator 192.168.202.130:9092 (id: 2147483647 rack: null)
2025-12-18 15:19:40.199 [main] INFO  o.a.k.c.c.i.ConsumerCoordinator - [Consumer clientId=consumer-test-consumer-group-1, groupId=test-consumer-group] Request joining group due to: rebalance failed due to 'This is not the correct coordinator.' (NotCoordinatorException)
2025-12-18 15:19:40.199 [main] INFO  o.a.k.c.c.i.ConsumerCoordinator - [Consumer clientId=consumer-test-consumer-group-1, groupId=test-consumer-group] (Re-)joining group
2025-12-18 15:19:40.201 [main] INFO  o.a.k.c.c.i.ConsumerCoordinator - [Consumer clientId=consumer-test-consumer-group-1, groupId=test-consumer-group] Group coordinator 192.168.202.130:9092 (id: 2147483647 rack: null) is unavailable or invalid due to cause: error response NOT_COORDINATOR. isDisconnected: false. Rediscovery will be attempted.
2025-12-18 15:19:40.202 [main] INFO  o.a.k.c.c.i.ConsumerCoordinator - [Consumer clientId=consumer-test-consumer-group-1, groupId=test-consumer-group] Requesting disconnect from last known coordinator 192.168.202.130:9092 (id: 2147483647 rack: null)
2025-12-18 15:19:40.202 [main] INFO  o.a.k.c.c.i.ConsumerCoordinator - [Consumer clientId=consumer-test-consumer-group-1, groupId=test-consumer-group] JoinGroup failed: This is not the correct coordinator. Marking coordinator unknown. Sent generation was Generation{generationId=-1, memberId='', protocol='null'}
2025-12-18 15:19:40.202 [main] INFO  o.apache.kafka.clients.NetworkClient - [Consumer clientId=consumer-test-consumer-group-1, groupId=test-consumer-group] Client requested disconnect from node 2147483647
2025-12-18 15:19:40.203 [main] INFO  o.a.k.c.c.i.ConsumerCoordinator - [Consumer clientId=consumer-test-consumer-group-1, groupId=test-consumer-group] Discovered group coordinator 192.168.202.130:9092 (id: 2147483647 rack: null)
2025-12-18 15:19:40.203 [main] INFO  o.a.k.c.c.i.ConsumerCoordinator - [Consumer clientId=consumer-test-consumer-group-1, groupId=test-consumer-group] Group coordinator 192.168.202.130:9092 (id: 2147483647 rack: null) is unavailable or invalid due to cause: coordinator unavailable. isDisconnected: false. Rediscovery will be attempted.
2025-12-18 15:19:40.203 [main] INFO  o.a.k.c.c.i.ConsumerCoordinator - [Consumer clientId=consumer-test-consumer-group-1, groupId=test-consumer-group] Requesting disconnect from last known coordinator 192.168.202.130:9092 (id: 2147483647 rack: null)
2025-12-18 15:19:40.306 [main] INFO  o.a.k.c.c.i.ConsumerCoordinator - [Consumer clientId=consumer-test-consumer-group-1, groupId=test-consumer-group] Discovered group coordinator 192.168.202.130:9092 (id: 2147483647 rack: null)
2025-12-18 15:19:40.307 [main] INFO  o.a.k.c.c.i.ConsumerCoordinator - [Consumer clientId=consumer-test-consumer-group-1, groupId=test-consumer-group] Request joining group due to: rebalance failed due to 'This is not the correct coordinator.' (NotCoordinatorException)
2025-12-18 15:19:40.307 [main] INFO  o.a.k.c.c.i.ConsumerCoordinator - [Consumer clientId=consumer-test-consumer-group-1, groupId=test-consumer-group] (Re-)joining group
2025-12-18 15:19:40.311 [main] INFO  o.a.k.c.c.i.ConsumerCoordinator - [Consumer clientId=consumer-test-consumer-group-1, groupId=test-consumer-group] Group coordinator 192.168.202.130:9092 (id: 2147483647 rack: null) is unavailable or invalid due to cause: error response NOT_COORDINATOR. isDisconnected: false. Rediscovery will be attempted.
2025-12-18 15:19:40.311 [main] INFO  o.a.k.c.c.i.ConsumerCoordinator - [Consumer clientId=consumer-test-consumer-group-1, groupId=test-consumer-group] Requesting disconnect from last known coordinator 192.168.202.130:9092 (id: 2147483647 rack: null)
2025-12-18 15:19:40.311 [main] INFO  o.a.k.c.c.i.ConsumerCoordinator - [Consumer clientId=consumer-test-consumer-group-1, groupId=test-consumer-group] JoinGroup failed: This is not the correct coordinator. Marking coordinator unknown. Sent generation was Generation{generationId=-1, memberId='', protocol='null'}
2025-12-18 15:19:40.311 [main] INFO  o.apache.kafka.clients.NetworkClient - [Consumer clientId=consumer-test-consumer-group-1, groupId=test-consumer-group] Client requested disconnect from node 2147483647
2025-12-18 15:19:40.312 [main] INFO  o.a.k.c.c.i.ConsumerCoordinator - [Consumer clientId=consumer-test-consumer-group-1, groupId=test-consumer-group] Discovered group coordinator 192.168.202.130:9092 (id: 2147483647 rack: null)
2025-12-18 15:19:40.312 [main] INFO  o.a.k.c.c.i.ConsumerCoordinator - [Consumer clientId=consumer-test-consumer-group-1, groupId=test-consumer-group] Group coordinator 192.168.202.130:9092 (id: 2147483647 rack: null) is unavailable or invalid due to cause: coordinator unavailable. isDisconnected: false. Rediscovery will be attempted.
2025-12-18 15:19:40.312 [main] INFO  o.a.k.c.c.i.ConsumerCoordinator - [Consumer clientId=consumer-test-consumer-group-1, groupId=test-consumer-group] Requesting disconnect from last known coordinator 192.168.202.130:9092 (id: 2147483647 rack: null)
2025-12-18 15:19:40.415 [main] INFO  o.a.k.c.c.i.ConsumerCoordinator - [Consumer clientId=consumer-test-consumer-group-1, groupId=test-consumer-group] Discovered group coordinator 192.168.202.130:9092 (id: 2147483647 rack: null)
2025-12-18 15:19:40.416 [main] INFO  o.a.k.c.c.i.ConsumerCoordinator - [Consumer clientId=consumer-test-consumer-group-1, groupId=test-consumer-group] Request joining group due to: rebalance failed due to 'This is not the correct coordinator.' (NotCoordinatorException)
2025-12-18 15:19:40.416 [main] INFO  o.a.k.c.c.i.ConsumerCoordinator - [Consumer clientId=consumer-test-consumer-group-1, groupId=test-consumer-group] (Re-)joining group
2025-12-18 15:19:40.418 [main] INFO  o.a.k.c.c.i.ConsumerCoordinator - [Consumer clientId=consumer-test-consumer-group-1, groupId=test-consumer-group] Group coordinator 192.168.202.130:9092 (id: 2147483647 rack: null) is unavailable or invalid due to cause: error response NOT_COORDINATOR. isDisconnected: false. Rediscovery will be attempted.
2025-12-18 15:19:40.419 [main] INFO  o.a.k.c.c.i.ConsumerCoordinator - [Consumer clientId=consumer-test-consumer-group-1, groupId=test-consumer-group] Requesting disconnect from last known coordinator 192.168.202.130:9092 (id: 2147483647 rack: null)
2025-12-18 15:19:40.419 [main] INFO  o.a.k.c.c.i.ConsumerCoordinator - [Consumer clientId=consumer-test-consumer-group-1, groupId=test-consumer-group] JoinGroup failed: This is not the correct coordinator. Marking coordinator unknown. Sent generation was Generation{generationId=-1, memberId='', protocol='null'}
2025-12-18 15:19:40.419 [main] INFO  o.apache.kafka.clients.NetworkClient - [Consumer clientId=consumer-test-consumer-group-1, groupId=test-consumer-group] Client requested disconnect from node 2147483647
2025-12-18 15:19:40.421 [main] INFO  o.a.k.c.c.i.ConsumerCoordinator - [Consumer clientId=consumer-test-consumer-group-1, groupId=test-consumer-group] Discovered group coordinator 192.168.202.130:9092 (id: 2147483647 rack: null)
2025-12-18 15:19:40.421 [main] INFO  o.a.k.c.c.i.ConsumerCoordinator - [Consumer clientId=consumer-test-consumer-group-1, groupId=test-consumer-group] Group coordinator 192.168.202.130:9092 (id: 2147483647 rack: null) is unavailable or invalid due to cause: coordinator unavailable. isDisconnected: false. Rediscovery will be attempted.
2025-12-18 15:19:40.421 [main] INFO  o.a.k.c.c.i.ConsumerCoordinator - [Consumer clientId=consumer-test-consumer-group-1, groupId=test-consumer-group] Requesting disconnect from last known coordinator 192.168.202.130:9092 (id: 2147483647 rack: null)
2025-12-18 15:19:40.525 [main] INFO  o.a.k.c.c.i.ConsumerCoordinator - [Consumer clientId=consumer-test-consumer-group-1, groupId=test-consumer-group] Discovered group coordinator 192.168.202.130:9092 (id: 2147483647 rack: null)
2025-12-18 15:19:40.526 [main] INFO  o.a.k.c.c.i.ConsumerCoordinator - [Consumer clientId=consumer-test-consumer-group-1, groupId=test-consumer-group] Request joining group due to: rebalance failed due to 'This is not the correct coordinator.' (NotCoordinatorException)
2025-12-18 15:19:40.527 [main] INFO  o.a.k.c.c.i.ConsumerCoordinator - [Consumer clientId=consumer-test-consumer-group-1, groupId=test-consumer-group] (Re-)joining group
2025-12-18 15:19:40.531 [main] INFO  o.a.k.c.c.i.ConsumerCoordinator - [Consumer clientId=consumer-test-consumer-group-1, groupId=test-consumer-group] Group coordinator 192.168.202.130:9092 (id: 2147483647 rack: null) is unavailable or invalid due to cause: error response NOT_COORDINATOR. isDisconnected: false. Rediscovery will be attempted.
2025-12-18 15:19:40.532 [main] INFO  o.a.k.c.c.i.ConsumerCoordinator - [Consumer clientId=consumer-test-consumer-group-1, groupId=test-consumer-group] Requesting disconnect from last known coordinator 192.168.202.130:9092 (id: 2147483647 rack: null)
2025-12-18 15:19:40.532 [main] INFO  o.a.k.c.c.i.ConsumerCoordinator - [Consumer clientId=consumer-test-consumer-group-1, groupId=test-consumer-group] JoinGroup failed: This is not the correct coordinator. Marking coordinator unknown. Sent generation was Generation{generationId=-1, memberId='', protocol='null'}
2025-12-18 15:19:40.533 [main] INFO  o.apache.kafka.clients.NetworkClient - [Consumer clientId=consumer-test-consumer-group-1, groupId=test-consumer-group] Client requested disconnect from node 2147483647
2025-12-18 15:19:40.536 [main] INFO  o.a.k.c.c.i.ConsumerCoordinator - [Consumer clientId=consumer-test-consumer-group-1, groupId=test-consumer-group] Discovered group coordinator 192.168.202.130:9092 (id: 2147483647 rack: null)
2025-12-18 15:19:40.536 [main] INFO  o.a.k.c.c.i.ConsumerCoordinator - [Consumer clientId=consumer-test-consumer-group-1, groupId=test-consumer-group] Group coordinator 192.168.202.130:9092 (id: 2147483647 rack: null) is unavailable or invalid due to cause: coordinator unavailable. isDisconnected: false. Rediscovery will be attempted.
2025-12-18 15:19:40.536 [main] INFO  o.a.k.c.c.i.ConsumerCoordinator - [Consumer clientId=consumer-test-consumer-group-1, groupId=test-consumer-group] Requesting disconnect from last known coordinator 192.168.202.130:9092 (id: 2147483647 rack: null)
2025-12-18 15:19:40.646 [main] INFO  o.a.k.c.c.i.ConsumerCoordinator - [Consumer clientId=consumer-test-consumer-group-1, groupId=test-consumer-group] Discovered group coordinator 192.168.202.130:9092 (id: 2147483647 rack: null)
2025-12-18 15:19:40.647 [main] INFO  o.a.k.c.c.i.ConsumerCoordinator - [Consumer clientId=consumer-test-consumer-group-1, groupId=test-consumer-group] Request joining group due to: rebalance failed due to 'This is not the correct coordinator.' (NotCoordinatorException)
2025-12-18 15:19:40.649 [main] INFO  o.a.k.c.c.i.ConsumerCoordinator - [Consumer clientId=consumer-test-consumer-group-1, groupId=test-consumer-group] (Re-)joining group
2025-12-18 15:19:40.652 [main] INFO  o.a.k.c.c.i.ConsumerCoordinator - [Consumer clientId=consumer-test-consumer-group-1, groupId=test-consumer-group] Group coordinator 192.168.202.130:9092 (id: 2147483647 rack: null) is unavailable or invalid due to cause: error response NOT_COORDINATOR. isDisconnected: false. Rediscovery will be attempted.
2025-12-18 15:19:40.652 [main] INFO  o.a.k.c.c.i.ConsumerCoordinator - [Consumer clientId=consumer-test-consumer-group-1, groupId=test-consumer-group] Requesting disconnect from last known coordinator 192.168.202.130:9092 (id: 2147483647 rack: null)
2025-12-18 15:19:40.652 [main] INFO  o.a.k.c.c.i.ConsumerCoordinator - [Consumer clientId=consumer-test-consumer-group-1, groupId=test-consumer-group] JoinGroup failed: This is not the correct coordinator. Marking coordinator unknown. Sent generation was Generation{generationId=-1, memberId='', protocol='null'}
2025-12-18 15:19:40.652 [main] INFO  o.apache.kafka.clients.NetworkClient - [Consumer clientId=consumer-test-consumer-group-1, groupId=test-consumer-group] Client requested disconnect from node 2147483647
2025-12-18 15:19:40.653 [main] INFO  o.a.k.c.c.i.ConsumerCoordinator - [Consumer clientId=consumer-test-consumer-group-1, groupId=test-consumer-group] Discovered group coordinator 192.168.202.130:9092 (id: 2147483647 rack: null)
2025-12-18 15:19:40.653 [main] INFO  o.a.k.c.c.i.ConsumerCoordinator - [Consumer clientId=consumer-test-consumer-group-1, groupId=test-consumer-group] Group coordinator 192.168.202.130:9092 (id: 2147483647 rack: null) is unavailable or invalid due to cause: coordinator unavailable. isDisconnected: false. Rediscovery will be attempted.
2025-12-18 15:19:40.654 [main] INFO  o.a.k.c.c.i.ConsumerCoordinator - [Consumer clientId=consumer-test-consumer-group-1, groupId=test-consumer-group] Requesting disconnect from last known coordinator 192.168.202.130:9092 (id: 2147483647 rack: null)
2025-12-18 15:19:40.755 [main] INFO  o.a.k.c.c.i.ConsumerCoordinator - [Consumer clientId=consumer-test-consumer-group-1, groupId=test-consumer-group] Discovered group coordinator 192.168.202.130:9092 (id: 2147483647 rack: null)
2025-12-18 15:19:40.756 [main] INFO  o.a.k.c.c.i.ConsumerCoordinator - [Consumer clientId=consumer-test-consumer-group-1, groupId=test-consumer-group] Request joining group due to: rebalance failed due to 'This is not the correct coordinator.' (NotCoordinatorException)
2025-12-18 15:19:40.756 [main] INFO  o.a.k.c.c.i.ConsumerCoordinator - [Consumer clientId=consumer-test-consumer-group-1, groupId=test-consumer-group] (Re-)joining group
2025-12-18 15:19:40.758 [main] INFO  o.a.k.c.c.i.ConsumerCoordinator - [Consumer clientId=consumer-test-consumer-group-1, groupId=test-consumer-group] Group coordinator 192.168.202.130:9092 (id: 2147483647 rack: null) is unavailable or invalid due to cause: error response NOT_COORDINATOR. isDisconnected: false. Rediscovery will be attempted.
2025-12-18 15:19:40.758 [main] INFO  o.a.k.c.c.i.ConsumerCoordinator - [Consumer clientId=consumer-test-consumer-group-1, groupId=test-consumer-group] Requesting disconnect from last known coordinator 192.168.202.130:9092 (id: 2147483647 rack: null)
2025-12-18 15:19:40.758 [main] INFO  o.a.k.c.c.i.ConsumerCoordinator - [Consumer clientId=consumer-test-consumer-group-1, groupId=test-consumer-group] JoinGroup failed: This is not the correct coordinator. Marking coordinator unknown. Sent generation was Generation{generationId=-1, memberId='', protocol='null'}
2025-12-18 15:19:40.758 [main] INFO  o.apache.kafka.clients.NetworkClient - [Consumer clientId=consumer-test-consumer-group-1, groupId=test-consumer-group] Client requested disconnect from node 2147483647
2025-12-18 15:19:40.760 [main] INFO  o.a.k.c.c.i.ConsumerCoordinator - [Consumer clientId=consumer-test-consumer-group-1, groupId=test-consumer-group] Discovered group coordinator 192.168.202.130:9092 (id: 2147483647 rack: null)
2025-12-18 15:19:40.760 [main] INFO  o.a.k.c.c.i.ConsumerCoordinator - [Consumer clientId=consumer-test-consumer-group-1, groupId=test-consumer-group] Group coordinator 192.168.202.130:9092 (id: 2147483647 rack: null) is unavailable or invalid due to cause: coordinator unavailable. isDisconnected: false. Rediscovery will be attempted.
2025-12-18 15:19:40.760 [main] INFO  o.a.k.c.c.i.ConsumerCoordinator - [Consumer clientId=consumer-test-consumer-group-1, groupId=test-consumer-group] Requesting disconnect from last known coordinator 192.168.202.130:9092 (id: 2147483647 rack: null)
2025-12-18 15:19:40.872 [main] INFO  o.a.k.c.c.i.ConsumerCoordinator - [Consumer clientId=consumer-test-consumer-group-1, groupId=test-consumer-group] Discovered group coordinator 192.168.202.130:9092 (id: 2147483647 rack: null)
2025-12-18 15:19:40.873 [main] INFO  o.a.k.c.c.i.ConsumerCoordinator - [Consumer clientId=consumer-test-consumer-group-1, groupId=test-consumer-group] Request joining group due to: rebalance failed due to 'This is not the correct coordinator.' (NotCoordinatorException)
2025-12-18 15:19:40.875 [main] INFO  o.a.k.c.c.i.ConsumerCoordinator - [Consumer clientId=consumer-test-consumer-group-1, groupId=test-consumer-group] (Re-)joining group
2025-12-18 15:19:40.878 [main] INFO  o.a.k.c.c.i.ConsumerCoordinator - [Consumer clientId=consumer-test-consumer-group-1, groupId=test-consumer-group] Group coordinator 192.168.202.130:9092 (id: 2147483647 rack: null) is unavailable or invalid due to cause: error response NOT_COORDINATOR. isDisconnected: false. Rediscovery will be attempted.
2025-12-18 15:19:40.878 [main] INFO  o.a.k.c.c.i.ConsumerCoordinator - [Consumer clientId=consumer-test-consumer-group-1, groupId=test-consumer-group] Requesting disconnect from last known coordinator 192.168.202.130:9092 (id: 2147483647 rack: null)
2025-12-18 15:19:40.878 [main] INFO  o.a.k.c.c.i.ConsumerCoordinator - [Consumer clientId=consumer-test-consumer-group-1, groupId=test-consumer-group] JoinGroup failed: This is not the correct coordinator. Marking coordinator unknown. Sent generation was Generation{generationId=-1, memberId='', protocol='null'}
2025-12-18 15:19:40.878 [main] INFO  o.apache.kafka.clients.NetworkClient - [Consumer clientId=consumer-test-consumer-group-1, groupId=test-consumer-group] Client requested disconnect from node 2147483647
2025-12-18 15:19:40.882 [main] INFO  o.a.k.c.c.i.ConsumerCoordinator - [Consumer clientId=consumer-test-consumer-group-1, groupId=test-consumer-group] Discovered group coordinator 192.168.202.130:9092 (id: 2147483647 rack: null)
2025-12-18 15:19:40.882 [main] INFO  o.a.k.c.c.i.ConsumerCoordinator - [Consumer clientId=consumer-test-consumer-group-1, groupId=test-consumer-group] Group coordinator 192.168.202.130:9092 (id: 2147483647 rack: null) is unavailable or invalid due to cause: coordinator unavailable. isDisconnected: false. Rediscovery will be attempted.
2025-12-18 15:19:40.882 [main] INFO  o.a.k.c.c.i.ConsumerCoordinator - [Consumer clientId=consumer-test-consumer-group-1, groupId=test-consumer-group] Requesting disconnect from last known coordinator 192.168.202.130:9092 (id: 2147483647 rack: null)
2025-12-18 15:19:40.990 [main] INFO  o.a.k.c.c.i.ConsumerCoordinator - [Consumer clientId=consumer-test-consumer-group-1, groupId=test-consumer-group] Discovered group coordinator 192.168.202.130:9092 (id: 2147483647 rack: null)
2025-12-18 15:19:40.991 [main] INFO  o.a.k.c.c.i.ConsumerCoordinator - [Consumer clientId=consumer-test-consumer-group-1, groupId=test-consumer-group] Request joining group due to: rebalance failed due to 'This is not the correct coordinator.' (NotCoordinatorException)
2025-12-18 15:19:40.991 [main] INFO  o.a.k.c.c.i.ConsumerCoordinator - [Consumer clientId=consumer-test-consumer-group-1, groupId=test-consumer-group] (Re-)joining group
2025-12-18 15:19:40.993 [main] INFO  o.a.k.c.c.i.ConsumerCoordinator - [Consumer clientId=consumer-test-consumer-group-1, groupId=test-consumer-group] Group coordinator 192.168.202.130:9092 (id: 2147483647 rack: null) is unavailable or invalid due to cause: error response NOT_COORDINATOR. isDisconnected: false. Rediscovery will be attempted.
2025-12-18 15:19:40.993 [main] INFO  o.a.k.c.c.i.ConsumerCoordinator - [Consumer clientId=consumer-test-consumer-group-1, groupId=test-consumer-group] Requesting disconnect from last known coordinator 192.168.202.130:9092 (id: 2147483647 rack: null)
2025-12-18 15:19:40.993 [main] INFO  o.a.k.c.c.i.ConsumerCoordinator - [Consumer clientId=consumer-test-consumer-group-1, groupId=test-consumer-group] JoinGroup failed: This is not the correct coordinator. Marking coordinator unknown. Sent generation was Generation{generationId=-1, memberId='', protocol='null'}
2025-12-18 15:19:40.993 [main] INFO  o.apache.kafka.clients.NetworkClient - [Consumer clientId=consumer-test-consumer-group-1, groupId=test-consumer-group] Client requested disconnect from node 2147483647
2025-12-18 15:19:40.995 [main] INFO  o.a.k.c.c.i.ConsumerCoordinator - [Consumer clientId=consumer-test-consumer-group-1, groupId=test-consumer-group] Discovered group coordinator 192.168.202.130:9092 (id: 2147483647 rack: null)
2025-12-18 15:19:40.995 [main] INFO  o.a.k.c.c.i.ConsumerCoordinator - [Consumer clientId=consumer-test-consumer-group-1, groupId=test-consumer-group] Group coordinator 192.168.202.130:9092 (id: 2147483647 rack: null) is unavailable or invalid due to cause: coordinator unavailable. isDisconnected: false. Rediscovery will be attempted.
2025-12-18 15:19:40.995 [main] INFO  o.a.k.c.c.i.ConsumerCoordinator - [Consumer clientId=consumer-test-consumer-group-1, groupId=test-consumer-group] Requesting disconnect from last known coordinator 192.168.202.130:9092 (id: 2147483647 rack: null)
2025-12-18 15:19:41.014 [main] INFO  o.a.k.c.c.i.ConsumerCoordinator - [Consumer clientId=consumer-test-consumer-group-1, groupId=test-consumer-group] Resetting generation and member id due to: consumer pro-actively leaving the group
2025-12-18 15:19:41.014 [main] INFO  o.a.k.c.c.i.ConsumerCoordinator - [Consumer clientId=consumer-test-consumer-group-1, groupId=test-consumer-group] Request joining group due to: consumer pro-actively leaving the group
2025-12-18 15:19:41.015 [main] INFO  o.a.kafka.common.metrics.Metrics - Metrics scheduler closed
2025-12-18 15:19:41.015 [main] INFO  o.a.kafka.common.metrics.Metrics - Closing reporter org.apache.kafka.common.metrics.JmxReporter
2025-12-18 15:19:41.016 [main] INFO  o.a.kafka.common.metrics.Metrics - Metrics reporters closed
2025-12-18 15:19:41.017 [main] INFO  o.a.kafka.common.utils.AppInfoParser - App info kafka.consumer for consumer-test-consumer-group-1 unregistered
2025-12-18 15:27:53.620 [main] INFO  o.a.k.c.producer.ProducerConfig - Idempotence will be disabled because acks is set to 1, not set to 'all'.
2025-12-18 15:27:53.623 [main] INFO  o.a.k.c.producer.ProducerConfig - ProducerConfig values: 
	acks = 1
	auto.include.jmx.reporter = true
	batch.size = 16384
	bootstrap.servers = [192.168.202.130:9092]
	buffer.memory = 33554432
	client.dns.lookup = use_all_dns_ips
	client.id = producer-1
	compression.type = none
	connections.max.idle.ms = 540000
	delivery.timeout.ms = 120000
	enable.idempotence = false
	interceptor.classes = []
	key.serializer = class org.apache.kafka.common.serialization.StringSerializer
	linger.ms = 0
	max.block.ms = 60000
	max.in.flight.requests.per.connection = 5
	max.request.size = 1048576
	metadata.max.age.ms = 300000
	metadata.max.idle.ms = 300000
	metric.reporters = []
	metrics.num.samples = 2
	metrics.recording.level = INFO
	metrics.sample.window.ms = 30000
	partitioner.adaptive.partitioning.enable = true
	partitioner.availability.timeout.ms = 0
	partitioner.class = null
	partitioner.ignore.keys = false
	receive.buffer.bytes = 32768
	reconnect.backoff.max.ms = 1000
	reconnect.backoff.ms = 50
	request.timeout.ms = 30000
	retries = 2147483647
	retry.backoff.ms = 100
	sasl.client.callback.handler.class = null
	sasl.jaas.config = null
	sasl.kerberos.kinit.cmd = /usr/bin/kinit
	sasl.kerberos.min.time.before.relogin = 60000
	sasl.kerberos.service.name = null
	sasl.kerberos.ticket.renew.jitter = 0.05
	sasl.kerberos.ticket.renew.window.factor = 0.8
	sasl.login.callback.handler.class = null
	sasl.login.class = null
	sasl.login.connect.timeout.ms = null
	sasl.login.read.timeout.ms = null
	sasl.login.refresh.buffer.seconds = 300
	sasl.login.refresh.min.period.seconds = 60
	sasl.login.refresh.window.factor = 0.8
	sasl.login.refresh.window.jitter = 0.05
	sasl.login.retry.backoff.max.ms = 10000
	sasl.login.retry.backoff.ms = 100
	sasl.mechanism = GSSAPI
	sasl.oauthbearer.clock.skew.seconds = 30
	sasl.oauthbearer.expected.audience = null
	sasl.oauthbearer.expected.issuer = null
	sasl.oauthbearer.jwks.endpoint.refresh.ms = 3600000
	sasl.oauthbearer.jwks.endpoint.retry.backoff.max.ms = 10000
	sasl.oauthbearer.jwks.endpoint.retry.backoff.ms = 100
	sasl.oauthbearer.jwks.endpoint.url = null
	sasl.oauthbearer.scope.claim.name = scope
	sasl.oauthbearer.sub.claim.name = sub
	sasl.oauthbearer.token.endpoint.url = null
	security.protocol = PLAINTEXT
	security.providers = null
	send.buffer.bytes = 131072
	socket.connection.setup.timeout.max.ms = 30000
	socket.connection.setup.timeout.ms = 10000
	ssl.cipher.suites = null
	ssl.enabled.protocols = [TLSv1.2, TLSv1.3]
	ssl.endpoint.identification.algorithm = https
	ssl.engine.factory.class = null
	ssl.key.password = null
	ssl.keymanager.algorithm = SunX509
	ssl.keystore.certificate.chain = null
	ssl.keystore.key = null
	ssl.keystore.location = null
	ssl.keystore.password = null
	ssl.keystore.type = JKS
	ssl.protocol = TLSv1.3
	ssl.provider = null
	ssl.secure.random.implementation = null
	ssl.trustmanager.algorithm = PKIX
	ssl.truststore.certificates = null
	ssl.truststore.location = null
	ssl.truststore.password = null
	ssl.truststore.type = JKS
	transaction.timeout.ms = 60000
	transactional.id = null
	value.serializer = class org.apache.kafka.common.serialization.StringSerializer

2025-12-18 15:27:54.378 [main] INFO  o.a.kafka.common.utils.AppInfoParser - Kafka version: 3.6.0
2025-12-18 15:27:54.378 [main] INFO  o.a.kafka.common.utils.AppInfoParser - Kafka commitId: 60e845626d8a465a
2025-12-18 15:27:54.378 [main] INFO  o.a.kafka.common.utils.AppInfoParser - Kafka startTimeMs: 1766042874376
2025-12-18 15:27:54.730 [kafka-producer-network-thread | producer-1] INFO  org.apache.kafka.clients.Metadata - [Producer clientId=producer-1] Cluster ID: ChL86p1WSzqV6IiyS4AsZA
2025-12-18 15:27:54.767 [main] INFO  o.a.k.clients.producer.KafkaProducer - [Producer clientId=producer-1] Closing the Kafka producer with timeoutMillis = 9223372036854775807 ms.
2025-12-18 15:27:54.772 [main] INFO  o.a.kafka.common.metrics.Metrics - Metrics scheduler closed
2025-12-18 15:27:54.772 [main] INFO  o.a.kafka.common.metrics.Metrics - Closing reporter org.apache.kafka.common.metrics.JmxReporter
2025-12-18 15:27:54.773 [main] INFO  o.a.kafka.common.metrics.Metrics - Metrics reporters closed
2025-12-18 15:27:54.773 [main] INFO  o.a.kafka.common.utils.AppInfoParser - App info kafka.producer for producer-1 unregistered
2025-12-18 15:27:55.784 [main] INFO  o.a.k.c.consumer.ConsumerConfig - ConsumerConfig values: 
	allow.auto.create.topics = true
	auto.commit.interval.ms = 5000
	auto.include.jmx.reporter = true
	auto.offset.reset = earliest
	bootstrap.servers = [192.168.202.130:9092]
	check.crcs = true
	client.dns.lookup = use_all_dns_ips
	client.id = consumer-test-consumer-group-1
	client.rack = 
	connections.max.idle.ms = 540000
	default.api.timeout.ms = 60000
	enable.auto.commit = true
	exclude.internal.topics = true
	fetch.max.bytes = 52428800
	fetch.max.wait.ms = 500
	fetch.min.bytes = 1
	group.id = test-consumer-group
	group.instance.id = null
	heartbeat.interval.ms = 3000
	interceptor.classes = []
	internal.leave.group.on.close = true
	internal.throw.on.fetch.stable.offset.unsupported = false
	isolation.level = read_uncommitted
	key.deserializer = class org.apache.kafka.common.serialization.StringDeserializer
	max.partition.fetch.bytes = 1048576
	max.poll.interval.ms = 300000
	max.poll.records = 500
	metadata.max.age.ms = 300000
	metric.reporters = []
	metrics.num.samples = 2
	metrics.recording.level = INFO
	metrics.sample.window.ms = 30000
	partition.assignment.strategy = [class org.apache.kafka.clients.consumer.RangeAssignor, class org.apache.kafka.clients.consumer.CooperativeStickyAssignor]
	receive.buffer.bytes = 65536
	reconnect.backoff.max.ms = 1000
	reconnect.backoff.ms = 50
	request.timeout.ms = 30000
	retry.backoff.ms = 100
	sasl.client.callback.handler.class = null
	sasl.jaas.config = null
	sasl.kerberos.kinit.cmd = /usr/bin/kinit
	sasl.kerberos.min.time.before.relogin = 60000
	sasl.kerberos.service.name = null
	sasl.kerberos.ticket.renew.jitter = 0.05
	sasl.kerberos.ticket.renew.window.factor = 0.8
	sasl.login.callback.handler.class = null
	sasl.login.class = null
	sasl.login.connect.timeout.ms = null
	sasl.login.read.timeout.ms = null
	sasl.login.refresh.buffer.seconds = 300
	sasl.login.refresh.min.period.seconds = 60
	sasl.login.refresh.window.factor = 0.8
	sasl.login.refresh.window.jitter = 0.05
	sasl.login.retry.backoff.max.ms = 10000
	sasl.login.retry.backoff.ms = 100
	sasl.mechanism = GSSAPI
	sasl.oauthbearer.clock.skew.seconds = 30
	sasl.oauthbearer.expected.audience = null
	sasl.oauthbearer.expected.issuer = null
	sasl.oauthbearer.jwks.endpoint.refresh.ms = 3600000
	sasl.oauthbearer.jwks.endpoint.retry.backoff.max.ms = 10000
	sasl.oauthbearer.jwks.endpoint.retry.backoff.ms = 100
	sasl.oauthbearer.jwks.endpoint.url = null
	sasl.oauthbearer.scope.claim.name = scope
	sasl.oauthbearer.sub.claim.name = sub
	sasl.oauthbearer.token.endpoint.url = null
	security.protocol = PLAINTEXT
	security.providers = null
	send.buffer.bytes = 131072
	session.timeout.ms = 45000
	socket.connection.setup.timeout.max.ms = 30000
	socket.connection.setup.timeout.ms = 10000
	ssl.cipher.suites = null
	ssl.enabled.protocols = [TLSv1.2, TLSv1.3]
	ssl.endpoint.identification.algorithm = https
	ssl.engine.factory.class = null
	ssl.key.password = null
	ssl.keymanager.algorithm = SunX509
	ssl.keystore.certificate.chain = null
	ssl.keystore.key = null
	ssl.keystore.location = null
	ssl.keystore.password = null
	ssl.keystore.type = JKS
	ssl.protocol = TLSv1.3
	ssl.provider = null
	ssl.secure.random.implementation = null
	ssl.trustmanager.algorithm = PKIX
	ssl.truststore.certificates = null
	ssl.truststore.location = null
	ssl.truststore.password = null
	ssl.truststore.type = JKS
	value.deserializer = class org.apache.kafka.common.serialization.StringDeserializer

2025-12-18 15:27:55.824 [main] INFO  o.a.kafka.common.utils.AppInfoParser - Kafka version: 3.6.0
2025-12-18 15:27:55.824 [main] INFO  o.a.kafka.common.utils.AppInfoParser - Kafka commitId: 60e845626d8a465a
2025-12-18 15:27:55.824 [main] INFO  o.a.kafka.common.utils.AppInfoParser - Kafka startTimeMs: 1766042875824
2025-12-18 15:27:55.833 [main] INFO  o.a.k.clients.consumer.KafkaConsumer - [Consumer clientId=consumer-test-consumer-group-1, groupId=test-consumer-group] Subscribed to topic(s): stock-realtime
2025-12-18 15:27:55.841 [main] INFO  org.apache.kafka.clients.Metadata - [Consumer clientId=consumer-test-consumer-group-1, groupId=test-consumer-group] Cluster ID: ChL86p1WSzqV6IiyS4AsZA
2025-12-18 15:27:55.842 [main] INFO  o.a.k.c.c.i.ConsumerCoordinator - [Consumer clientId=consumer-test-consumer-group-1, groupId=test-consumer-group] Discovered group coordinator 192.168.202.130:9092 (id: 2147483647 rack: null)
2025-12-18 15:27:55.847 [main] INFO  o.a.k.c.c.i.ConsumerCoordinator - [Consumer clientId=consumer-test-consumer-group-1, groupId=test-consumer-group] (Re-)joining group
2025-12-18 15:27:55.864 [main] INFO  o.a.k.c.c.i.ConsumerCoordinator - [Consumer clientId=consumer-test-consumer-group-1, groupId=test-consumer-group] Group coordinator 192.168.202.130:9092 (id: 2147483647 rack: null) is unavailable or invalid due to cause: error response NOT_COORDINATOR. isDisconnected: false. Rediscovery will be attempted.
2025-12-18 15:27:55.864 [main] INFO  o.a.k.c.c.i.ConsumerCoordinator - [Consumer clientId=consumer-test-consumer-group-1, groupId=test-consumer-group] Requesting disconnect from last known coordinator 192.168.202.130:9092 (id: 2147483647 rack: null)
2025-12-18 15:27:55.864 [main] INFO  o.a.k.c.c.i.ConsumerCoordinator - [Consumer clientId=consumer-test-consumer-group-1, groupId=test-consumer-group] JoinGroup failed: This is not the correct coordinator. Marking coordinator unknown. Sent generation was Generation{generationId=-1, memberId='', protocol='null'}
2025-12-18 15:27:55.865 [main] INFO  o.apache.kafka.clients.NetworkClient - [Consumer clientId=consumer-test-consumer-group-1, groupId=test-consumer-group] Client requested disconnect from node 2147483647
2025-12-18 15:27:55.871 [main] INFO  o.a.k.c.c.i.ConsumerCoordinator - [Consumer clientId=consumer-test-consumer-group-1, groupId=test-consumer-group] Discovered group coordinator 192.168.202.130:9092 (id: 2147483647 rack: null)
2025-12-18 15:27:55.872 [main] INFO  o.a.k.c.c.i.ConsumerCoordinator - [Consumer clientId=consumer-test-consumer-group-1, groupId=test-consumer-group] Group coordinator 192.168.202.130:9092 (id: 2147483647 rack: null) is unavailable or invalid due to cause: coordinator unavailable. isDisconnected: false. Rediscovery will be attempted.
2025-12-18 15:27:55.872 [main] INFO  o.a.k.c.c.i.ConsumerCoordinator - [Consumer clientId=consumer-test-consumer-group-1, groupId=test-consumer-group] Requesting disconnect from last known coordinator 192.168.202.130:9092 (id: 2147483647 rack: null)
2025-12-18 15:27:55.979 [main] INFO  o.a.k.c.c.i.ConsumerCoordinator - [Consumer clientId=consumer-test-consumer-group-1, groupId=test-consumer-group] Discovered group coordinator 192.168.202.130:9092 (id: 2147483647 rack: null)
2025-12-18 15:27:55.980 [main] INFO  o.a.k.c.c.i.ConsumerCoordinator - [Consumer clientId=consumer-test-consumer-group-1, groupId=test-consumer-group] Request joining group due to: rebalance failed due to 'This is not the correct coordinator.' (NotCoordinatorException)
2025-12-18 15:27:55.980 [main] INFO  o.a.k.c.c.i.ConsumerCoordinator - [Consumer clientId=consumer-test-consumer-group-1, groupId=test-consumer-group] (Re-)joining group
2025-12-18 15:27:55.983 [main] INFO  o.a.k.c.c.i.ConsumerCoordinator - [Consumer clientId=consumer-test-consumer-group-1, groupId=test-consumer-group] Group coordinator 192.168.202.130:9092 (id: 2147483647 rack: null) is unavailable or invalid due to cause: error response NOT_COORDINATOR. isDisconnected: false. Rediscovery will be attempted.
2025-12-18 15:27:55.983 [main] INFO  o.a.k.c.c.i.ConsumerCoordinator - [Consumer clientId=consumer-test-consumer-group-1, groupId=test-consumer-group] Requesting disconnect from last known coordinator 192.168.202.130:9092 (id: 2147483647 rack: null)
2025-12-18 15:27:55.983 [main] INFO  o.a.k.c.c.i.ConsumerCoordinator - [Consumer clientId=consumer-test-consumer-group-1, groupId=test-consumer-group] JoinGroup failed: This is not the correct coordinator. Marking coordinator unknown. Sent generation was Generation{generationId=-1, memberId='', protocol='null'}
2025-12-18 15:27:55.983 [main] INFO  o.apache.kafka.clients.NetworkClient - [Consumer clientId=consumer-test-consumer-group-1, groupId=test-consumer-group] Client requested disconnect from node 2147483647
2025-12-18 15:27:55.986 [main] INFO  o.a.k.c.c.i.ConsumerCoordinator - [Consumer clientId=consumer-test-consumer-group-1, groupId=test-consumer-group] Discovered group coordinator 192.168.202.130:9092 (id: 2147483647 rack: null)
2025-12-18 15:27:55.987 [main] INFO  o.a.k.c.c.i.ConsumerCoordinator - [Consumer clientId=consumer-test-consumer-group-1, groupId=test-consumer-group] Group coordinator 192.168.202.130:9092 (id: 2147483647 rack: null) is unavailable or invalid due to cause: coordinator unavailable. isDisconnected: false. Rediscovery will be attempted.
2025-12-18 15:27:55.987 [main] INFO  o.a.k.c.c.i.ConsumerCoordinator - [Consumer clientId=consumer-test-consumer-group-1, groupId=test-consumer-group] Requesting disconnect from last known coordinator 192.168.202.130:9092 (id: 2147483647 rack: null)
2025-12-18 15:27:56.104 [main] INFO  o.a.k.c.c.i.ConsumerCoordinator - [Consumer clientId=consumer-test-consumer-group-1, groupId=test-consumer-group] Discovered group coordinator 192.168.202.130:9092 (id: 2147483647 rack: null)
2025-12-18 15:27:56.105 [main] INFO  o.a.k.c.c.i.ConsumerCoordinator - [Consumer clientId=consumer-test-consumer-group-1, groupId=test-consumer-group] Request joining group due to: rebalance failed due to 'This is not the correct coordinator.' (NotCoordinatorException)
2025-12-18 15:27:56.105 [main] INFO  o.a.k.c.c.i.ConsumerCoordinator - [Consumer clientId=consumer-test-consumer-group-1, groupId=test-consumer-group] (Re-)joining group
2025-12-18 15:27:56.107 [main] INFO  o.a.k.c.c.i.ConsumerCoordinator - [Consumer clientId=consumer-test-consumer-group-1, groupId=test-consumer-group] Group coordinator 192.168.202.130:9092 (id: 2147483647 rack: null) is unavailable or invalid due to cause: error response NOT_COORDINATOR. isDisconnected: false. Rediscovery will be attempted.
2025-12-18 15:27:56.107 [main] INFO  o.a.k.c.c.i.ConsumerCoordinator - [Consumer clientId=consumer-test-consumer-group-1, groupId=test-consumer-group] Requesting disconnect from last known coordinator 192.168.202.130:9092 (id: 2147483647 rack: null)
2025-12-18 15:27:56.107 [main] INFO  o.a.k.c.c.i.ConsumerCoordinator - [Consumer clientId=consumer-test-consumer-group-1, groupId=test-consumer-group] JoinGroup failed: This is not the correct coordinator. Marking coordinator unknown. Sent generation was Generation{generationId=-1, memberId='', protocol='null'}
2025-12-18 15:27:56.107 [main] INFO  o.apache.kafka.clients.NetworkClient - [Consumer clientId=consumer-test-consumer-group-1, groupId=test-consumer-group] Client requested disconnect from node 2147483647
2025-12-18 15:27:56.108 [main] INFO  o.a.k.c.c.i.ConsumerCoordinator - [Consumer clientId=consumer-test-consumer-group-1, groupId=test-consumer-group] Discovered group coordinator 192.168.202.130:9092 (id: 2147483647 rack: null)
2025-12-18 15:27:56.109 [main] INFO  o.a.k.c.c.i.ConsumerCoordinator - [Consumer clientId=consumer-test-consumer-group-1, groupId=test-consumer-group] Group coordinator 192.168.202.130:9092 (id: 2147483647 rack: null) is unavailable or invalid due to cause: coordinator unavailable. isDisconnected: false. Rediscovery will be attempted.
2025-12-18 15:27:56.109 [main] INFO  o.a.k.c.c.i.ConsumerCoordinator - [Consumer clientId=consumer-test-consumer-group-1, groupId=test-consumer-group] Requesting disconnect from last known coordinator 192.168.202.130:9092 (id: 2147483647 rack: null)
2025-12-18 15:27:56.212 [main] INFO  o.a.k.c.c.i.ConsumerCoordinator - [Consumer clientId=consumer-test-consumer-group-1, groupId=test-consumer-group] Discovered group coordinator 192.168.202.130:9092 (id: 2147483647 rack: null)
2025-12-18 15:27:56.213 [main] INFO  o.a.k.c.c.i.ConsumerCoordinator - [Consumer clientId=consumer-test-consumer-group-1, groupId=test-consumer-group] Request joining group due to: rebalance failed due to 'This is not the correct coordinator.' (NotCoordinatorException)
2025-12-18 15:27:56.214 [main] INFO  o.a.k.c.c.i.ConsumerCoordinator - [Consumer clientId=consumer-test-consumer-group-1, groupId=test-consumer-group] (Re-)joining group
2025-12-18 15:27:56.217 [main] INFO  o.a.k.c.c.i.ConsumerCoordinator - [Consumer clientId=consumer-test-consumer-group-1, groupId=test-consumer-group] Group coordinator 192.168.202.130:9092 (id: 2147483647 rack: null) is unavailable or invalid due to cause: error response NOT_COORDINATOR. isDisconnected: false. Rediscovery will be attempted.
2025-12-18 15:27:56.217 [main] INFO  o.a.k.c.c.i.ConsumerCoordinator - [Consumer clientId=consumer-test-consumer-group-1, groupId=test-consumer-group] Requesting disconnect from last known coordinator 192.168.202.130:9092 (id: 2147483647 rack: null)
2025-12-18 15:27:56.217 [main] INFO  o.a.k.c.c.i.ConsumerCoordinator - [Consumer clientId=consumer-test-consumer-group-1, groupId=test-consumer-group] JoinGroup failed: This is not the correct coordinator. Marking coordinator unknown. Sent generation was Generation{generationId=-1, memberId='', protocol='null'}
2025-12-18 15:27:56.217 [main] INFO  o.apache.kafka.clients.NetworkClient - [Consumer clientId=consumer-test-consumer-group-1, groupId=test-consumer-group] Client requested disconnect from node 2147483647
2025-12-18 15:27:56.219 [main] INFO  o.a.k.c.c.i.ConsumerCoordinator - [Consumer clientId=consumer-test-consumer-group-1, groupId=test-consumer-group] Discovered group coordinator 192.168.202.130:9092 (id: 2147483647 rack: null)
2025-12-18 15:27:56.219 [main] INFO  o.a.k.c.c.i.ConsumerCoordinator - [Consumer clientId=consumer-test-consumer-group-1, groupId=test-consumer-group] Group coordinator 192.168.202.130:9092 (id: 2147483647 rack: null) is unavailable or invalid due to cause: coordinator unavailable. isDisconnected: false. Rediscovery will be attempted.
2025-12-18 15:27:56.219 [main] INFO  o.a.k.c.c.i.ConsumerCoordinator - [Consumer clientId=consumer-test-consumer-group-1, groupId=test-consumer-group] Requesting disconnect from last known coordinator 192.168.202.130:9092 (id: 2147483647 rack: null)
2025-12-18 15:27:56.322 [main] INFO  o.a.k.c.c.i.ConsumerCoordinator - [Consumer clientId=consumer-test-consumer-group-1, groupId=test-consumer-group] Discovered group coordinator 192.168.202.130:9092 (id: 2147483647 rack: null)
2025-12-18 15:27:56.323 [main] INFO  o.a.k.c.c.i.ConsumerCoordinator - [Consumer clientId=consumer-test-consumer-group-1, groupId=test-consumer-group] Request joining group due to: rebalance failed due to 'This is not the correct coordinator.' (NotCoordinatorException)
2025-12-18 15:27:56.323 [main] INFO  o.a.k.c.c.i.ConsumerCoordinator - [Consumer clientId=consumer-test-consumer-group-1, groupId=test-consumer-group] (Re-)joining group
2025-12-18 15:27:56.326 [main] INFO  o.a.k.c.c.i.ConsumerCoordinator - [Consumer clientId=consumer-test-consumer-group-1, groupId=test-consumer-group] Group coordinator 192.168.202.130:9092 (id: 2147483647 rack: null) is unavailable or invalid due to cause: error response NOT_COORDINATOR. isDisconnected: false. Rediscovery will be attempted.
2025-12-18 15:27:56.326 [main] INFO  o.a.k.c.c.i.ConsumerCoordinator - [Consumer clientId=consumer-test-consumer-group-1, groupId=test-consumer-group] Requesting disconnect from last known coordinator 192.168.202.130:9092 (id: 2147483647 rack: null)
2025-12-18 15:27:56.327 [main] INFO  o.a.k.c.c.i.ConsumerCoordinator - [Consumer clientId=consumer-test-consumer-group-1, groupId=test-consumer-group] JoinGroup failed: This is not the correct coordinator. Marking coordinator unknown. Sent generation was Generation{generationId=-1, memberId='', protocol='null'}
2025-12-18 15:27:56.327 [main] INFO  o.apache.kafka.clients.NetworkClient - [Consumer clientId=consumer-test-consumer-group-1, groupId=test-consumer-group] Client requested disconnect from node 2147483647
2025-12-18 15:27:56.329 [main] INFO  o.a.k.c.c.i.ConsumerCoordinator - [Consumer clientId=consumer-test-consumer-group-1, groupId=test-consumer-group] Discovered group coordinator 192.168.202.130:9092 (id: 2147483647 rack: null)
2025-12-18 15:27:56.329 [main] INFO  o.a.k.c.c.i.ConsumerCoordinator - [Consumer clientId=consumer-test-consumer-group-1, groupId=test-consumer-group] Group coordinator 192.168.202.130:9092 (id: 2147483647 rack: null) is unavailable or invalid due to cause: coordinator unavailable. isDisconnected: false. Rediscovery will be attempted.
2025-12-18 15:27:56.329 [main] INFO  o.a.k.c.c.i.ConsumerCoordinator - [Consumer clientId=consumer-test-consumer-group-1, groupId=test-consumer-group] Requesting disconnect from last known coordinator 192.168.202.130:9092 (id: 2147483647 rack: null)
2025-12-18 15:27:56.431 [main] INFO  o.a.k.c.c.i.ConsumerCoordinator - [Consumer clientId=consumer-test-consumer-group-1, groupId=test-consumer-group] Discovered group coordinator 192.168.202.130:9092 (id: 2147483647 rack: null)
2025-12-18 15:27:56.432 [main] INFO  o.a.k.c.c.i.ConsumerCoordinator - [Consumer clientId=consumer-test-consumer-group-1, groupId=test-consumer-group] Request joining group due to: rebalance failed due to 'This is not the correct coordinator.' (NotCoordinatorException)
2025-12-18 15:27:56.432 [main] INFO  o.a.k.c.c.i.ConsumerCoordinator - [Consumer clientId=consumer-test-consumer-group-1, groupId=test-consumer-group] (Re-)joining group
2025-12-18 15:27:56.434 [main] INFO  o.a.k.c.c.i.ConsumerCoordinator - [Consumer clientId=consumer-test-consumer-group-1, groupId=test-consumer-group] Group coordinator 192.168.202.130:9092 (id: 2147483647 rack: null) is unavailable or invalid due to cause: error response NOT_COORDINATOR. isDisconnected: false. Rediscovery will be attempted.
2025-12-18 15:27:56.434 [main] INFO  o.a.k.c.c.i.ConsumerCoordinator - [Consumer clientId=consumer-test-consumer-group-1, groupId=test-consumer-group] Requesting disconnect from last known coordinator 192.168.202.130:9092 (id: 2147483647 rack: null)
2025-12-18 15:27:56.435 [main] INFO  o.a.k.c.c.i.ConsumerCoordinator - [Consumer clientId=consumer-test-consumer-group-1, groupId=test-consumer-group] JoinGroup failed: This is not the correct coordinator. Marking coordinator unknown. Sent generation was Generation{generationId=-1, memberId='', protocol='null'}
2025-12-18 15:27:56.435 [main] INFO  o.apache.kafka.clients.NetworkClient - [Consumer clientId=consumer-test-consumer-group-1, groupId=test-consumer-group] Client requested disconnect from node 2147483647
2025-12-18 15:27:56.436 [main] INFO  o.a.k.c.c.i.ConsumerCoordinator - [Consumer clientId=consumer-test-consumer-group-1, groupId=test-consumer-group] Discovered group coordinator 192.168.202.130:9092 (id: 2147483647 rack: null)
2025-12-18 15:27:56.436 [main] INFO  o.a.k.c.c.i.ConsumerCoordinator - [Consumer clientId=consumer-test-consumer-group-1, groupId=test-consumer-group] Group coordinator 192.168.202.130:9092 (id: 2147483647 rack: null) is unavailable or invalid due to cause: coordinator unavailable. isDisconnected: false. Rediscovery will be attempted.
2025-12-18 15:27:56.436 [main] INFO  o.a.k.c.c.i.ConsumerCoordinator - [Consumer clientId=consumer-test-consumer-group-1, groupId=test-consumer-group] Requesting disconnect from last known coordinator 192.168.202.130:9092 (id: 2147483647 rack: null)
2025-12-18 15:27:56.538 [main] INFO  o.a.k.c.c.i.ConsumerCoordinator - [Consumer clientId=consumer-test-consumer-group-1, groupId=test-consumer-group] Discovered group coordinator 192.168.202.130:9092 (id: 2147483647 rack: null)
2025-12-18 15:27:56.539 [main] INFO  o.a.k.c.c.i.ConsumerCoordinator - [Consumer clientId=consumer-test-consumer-group-1, groupId=test-consumer-group] Request joining group due to: rebalance failed due to 'This is not the correct coordinator.' (NotCoordinatorException)
2025-12-18 15:27:56.539 [main] INFO  o.a.k.c.c.i.ConsumerCoordinator - [Consumer clientId=consumer-test-consumer-group-1, groupId=test-consumer-group] (Re-)joining group
2025-12-18 15:27:56.542 [main] INFO  o.a.k.c.c.i.ConsumerCoordinator - [Consumer clientId=consumer-test-consumer-group-1, groupId=test-consumer-group] Group coordinator 192.168.202.130:9092 (id: 2147483647 rack: null) is unavailable or invalid due to cause: error response NOT_COORDINATOR. isDisconnected: false. Rediscovery will be attempted.
2025-12-18 15:27:56.542 [main] INFO  o.a.k.c.c.i.ConsumerCoordinator - [Consumer clientId=consumer-test-consumer-group-1, groupId=test-consumer-group] Requesting disconnect from last known coordinator 192.168.202.130:9092 (id: 2147483647 rack: null)
2025-12-18 15:27:56.542 [main] INFO  o.a.k.c.c.i.ConsumerCoordinator - [Consumer clientId=consumer-test-consumer-group-1, groupId=test-consumer-group] JoinGroup failed: This is not the correct coordinator. Marking coordinator unknown. Sent generation was Generation{generationId=-1, memberId='', protocol='null'}
2025-12-18 15:27:56.542 [main] INFO  o.apache.kafka.clients.NetworkClient - [Consumer clientId=consumer-test-consumer-group-1, groupId=test-consumer-group] Client requested disconnect from node 2147483647
2025-12-18 15:27:56.543 [main] INFO  o.a.k.c.c.i.ConsumerCoordinator - [Consumer clientId=consumer-test-consumer-group-1, groupId=test-consumer-group] Discovered group coordinator 192.168.202.130:9092 (id: 2147483647 rack: null)
2025-12-18 15:27:56.543 [main] INFO  o.a.k.c.c.i.ConsumerCoordinator - [Consumer clientId=consumer-test-consumer-group-1, groupId=test-consumer-group] Group coordinator 192.168.202.130:9092 (id: 2147483647 rack: null) is unavailable or invalid due to cause: coordinator unavailable. isDisconnected: false. Rediscovery will be attempted.
2025-12-18 15:27:56.544 [main] INFO  o.a.k.c.c.i.ConsumerCoordinator - [Consumer clientId=consumer-test-consumer-group-1, groupId=test-consumer-group] Requesting disconnect from last known coordinator 192.168.202.130:9092 (id: 2147483647 rack: null)
2025-12-18 15:27:56.650 [main] INFO  o.a.k.c.c.i.ConsumerCoordinator - [Consumer clientId=consumer-test-consumer-group-1, groupId=test-consumer-group] Discovered group coordinator 192.168.202.130:9092 (id: 2147483647 rack: null)
2025-12-18 15:27:56.651 [main] INFO  o.a.k.c.c.i.ConsumerCoordinator - [Consumer clientId=consumer-test-consumer-group-1, groupId=test-consumer-group] Request joining group due to: rebalance failed due to 'This is not the correct coordinator.' (NotCoordinatorException)
2025-12-18 15:27:56.651 [main] INFO  o.a.k.c.c.i.ConsumerCoordinator - [Consumer clientId=consumer-test-consumer-group-1, groupId=test-consumer-group] (Re-)joining group
2025-12-18 15:27:56.653 [main] INFO  o.a.k.c.c.i.ConsumerCoordinator - [Consumer clientId=consumer-test-consumer-group-1, groupId=test-consumer-group] Group coordinator 192.168.202.130:9092 (id: 2147483647 rack: null) is unavailable or invalid due to cause: error response NOT_COORDINATOR. isDisconnected: false. Rediscovery will be attempted.
2025-12-18 15:27:56.653 [main] INFO  o.a.k.c.c.i.ConsumerCoordinator - [Consumer clientId=consumer-test-consumer-group-1, groupId=test-consumer-group] Requesting disconnect from last known coordinator 192.168.202.130:9092 (id: 2147483647 rack: null)
2025-12-18 15:27:56.653 [main] INFO  o.a.k.c.c.i.ConsumerCoordinator - [Consumer clientId=consumer-test-consumer-group-1, groupId=test-consumer-group] JoinGroup failed: This is not the correct coordinator. Marking coordinator unknown. Sent generation was Generation{generationId=-1, memberId='', protocol='null'}
2025-12-18 15:27:56.653 [main] INFO  o.apache.kafka.clients.NetworkClient - [Consumer clientId=consumer-test-consumer-group-1, groupId=test-consumer-group] Client requested disconnect from node 2147483647
2025-12-18 15:27:56.654 [main] INFO  o.a.k.c.c.i.ConsumerCoordinator - [Consumer clientId=consumer-test-consumer-group-1, groupId=test-consumer-group] Discovered group coordinator 192.168.202.130:9092 (id: 2147483647 rack: null)
2025-12-18 15:27:56.654 [main] INFO  o.a.k.c.c.i.ConsumerCoordinator - [Consumer clientId=consumer-test-consumer-group-1, groupId=test-consumer-group] Group coordinator 192.168.202.130:9092 (id: 2147483647 rack: null) is unavailable or invalid due to cause: coordinator unavailable. isDisconnected: false. Rediscovery will be attempted.
2025-12-18 15:27:56.654 [main] INFO  o.a.k.c.c.i.ConsumerCoordinator - [Consumer clientId=consumer-test-consumer-group-1, groupId=test-consumer-group] Requesting disconnect from last known coordinator 192.168.202.130:9092 (id: 2147483647 rack: null)
2025-12-18 15:27:56.758 [main] INFO  o.a.k.c.c.i.ConsumerCoordinator - [Consumer clientId=consumer-test-consumer-group-1, groupId=test-consumer-group] Discovered group coordinator 192.168.202.130:9092 (id: 2147483647 rack: null)
2025-12-18 15:27:56.759 [main] INFO  o.a.k.c.c.i.ConsumerCoordinator - [Consumer clientId=consumer-test-consumer-group-1, groupId=test-consumer-group] Request joining group due to: rebalance failed due to 'This is not the correct coordinator.' (NotCoordinatorException)
2025-12-18 15:27:56.762 [main] INFO  o.a.k.c.c.i.ConsumerCoordinator - [Consumer clientId=consumer-test-consumer-group-1, groupId=test-consumer-group] (Re-)joining group
2025-12-18 15:27:56.765 [main] INFO  o.a.k.c.c.i.ConsumerCoordinator - [Consumer clientId=consumer-test-consumer-group-1, groupId=test-consumer-group] Group coordinator 192.168.202.130:9092 (id: 2147483647 rack: null) is unavailable or invalid due to cause: error response NOT_COORDINATOR. isDisconnected: false. Rediscovery will be attempted.
2025-12-18 15:27:56.766 [main] INFO  o.a.k.c.c.i.ConsumerCoordinator - [Consumer clientId=consumer-test-consumer-group-1, groupId=test-consumer-group] Requesting disconnect from last known coordinator 192.168.202.130:9092 (id: 2147483647 rack: null)
2025-12-18 15:27:56.766 [main] INFO  o.a.k.c.c.i.ConsumerCoordinator - [Consumer clientId=consumer-test-consumer-group-1, groupId=test-consumer-group] JoinGroup failed: This is not the correct coordinator. Marking coordinator unknown. Sent generation was Generation{generationId=-1, memberId='', protocol='null'}
2025-12-18 15:27:56.766 [main] INFO  o.apache.kafka.clients.NetworkClient - [Consumer clientId=consumer-test-consumer-group-1, groupId=test-consumer-group] Client requested disconnect from node 2147483647
2025-12-18 15:27:56.768 [main] INFO  o.a.k.c.c.i.ConsumerCoordinator - [Consumer clientId=consumer-test-consumer-group-1, groupId=test-consumer-group] Discovered group coordinator 192.168.202.130:9092 (id: 2147483647 rack: null)
2025-12-18 15:27:56.768 [main] INFO  o.a.k.c.c.i.ConsumerCoordinator - [Consumer clientId=consumer-test-consumer-group-1, groupId=test-consumer-group] Group coordinator 192.168.202.130:9092 (id: 2147483647 rack: null) is unavailable or invalid due to cause: coordinator unavailable. isDisconnected: false. Rediscovery will be attempted.
2025-12-18 15:27:56.768 [main] INFO  o.a.k.c.c.i.ConsumerCoordinator - [Consumer clientId=consumer-test-consumer-group-1, groupId=test-consumer-group] Requesting disconnect from last known coordinator 192.168.202.130:9092 (id: 2147483647 rack: null)
2025-12-18 15:27:56.882 [main] INFO  o.a.k.c.c.i.ConsumerCoordinator - [Consumer clientId=consumer-test-consumer-group-1, groupId=test-consumer-group] Discovered group coordinator 192.168.202.130:9092 (id: 2147483647 rack: null)
2025-12-18 15:27:56.883 [main] INFO  o.a.k.c.c.i.ConsumerCoordinator - [Consumer clientId=consumer-test-consumer-group-1, groupId=test-consumer-group] Request joining group due to: rebalance failed due to 'This is not the correct coordinator.' (NotCoordinatorException)
2025-12-18 15:27:56.884 [main] INFO  o.a.k.c.c.i.ConsumerCoordinator - [Consumer clientId=consumer-test-consumer-group-1, groupId=test-consumer-group] (Re-)joining group
2025-12-18 15:27:56.887 [main] INFO  o.a.k.c.c.i.ConsumerCoordinator - [Consumer clientId=consumer-test-consumer-group-1, groupId=test-consumer-group] Group coordinator 192.168.202.130:9092 (id: 2147483647 rack: null) is unavailable or invalid due to cause: error response NOT_COORDINATOR. isDisconnected: false. Rediscovery will be attempted.
2025-12-18 15:27:56.887 [main] INFO  o.a.k.c.c.i.ConsumerCoordinator - [Consumer clientId=consumer-test-consumer-group-1, groupId=test-consumer-group] Requesting disconnect from last known coordinator 192.168.202.130:9092 (id: 2147483647 rack: null)
2025-12-18 15:27:56.887 [main] INFO  o.a.k.c.c.i.ConsumerCoordinator - [Consumer clientId=consumer-test-consumer-group-1, groupId=test-consumer-group] JoinGroup failed: This is not the correct coordinator. Marking coordinator unknown. Sent generation was Generation{generationId=-1, memberId='', protocol='null'}
2025-12-18 15:27:56.888 [main] INFO  o.apache.kafka.clients.NetworkClient - [Consumer clientId=consumer-test-consumer-group-1, groupId=test-consumer-group] Client requested disconnect from node 2147483647
2025-12-18 15:27:56.890 [main] INFO  o.a.k.c.c.i.ConsumerCoordinator - [Consumer clientId=consumer-test-consumer-group-1, groupId=test-consumer-group] Discovered group coordinator 192.168.202.130:9092 (id: 2147483647 rack: null)
2025-12-18 15:27:56.890 [main] INFO  o.a.k.c.c.i.ConsumerCoordinator - [Consumer clientId=consumer-test-consumer-group-1, groupId=test-consumer-group] Group coordinator 192.168.202.130:9092 (id: 2147483647 rack: null) is unavailable or invalid due to cause: coordinator unavailable. isDisconnected: false. Rediscovery will be attempted.
2025-12-18 15:27:56.890 [main] INFO  o.a.k.c.c.i.ConsumerCoordinator - [Consumer clientId=consumer-test-consumer-group-1, groupId=test-consumer-group] Requesting disconnect from last known coordinator 192.168.202.130:9092 (id: 2147483647 rack: null)
2025-12-18 15:27:57.007 [main] INFO  o.a.k.c.c.i.ConsumerCoordinator - [Consumer clientId=consumer-test-consumer-group-1, groupId=test-consumer-group] Discovered group coordinator 192.168.202.130:9092 (id: 2147483647 rack: null)
2025-12-18 15:27:57.007 [main] INFO  o.a.k.c.c.i.ConsumerCoordinator - [Consumer clientId=consumer-test-consumer-group-1, groupId=test-consumer-group] Request joining group due to: rebalance failed due to 'This is not the correct coordinator.' (NotCoordinatorException)
2025-12-18 15:27:57.009 [main] INFO  o.a.k.c.c.i.ConsumerCoordinator - [Consumer clientId=consumer-test-consumer-group-1, groupId=test-consumer-group] (Re-)joining group
2025-12-18 15:27:57.012 [main] INFO  o.a.k.c.c.i.ConsumerCoordinator - [Consumer clientId=consumer-test-consumer-group-1, groupId=test-consumer-group] Group coordinator 192.168.202.130:9092 (id: 2147483647 rack: null) is unavailable or invalid due to cause: error response NOT_COORDINATOR. isDisconnected: false. Rediscovery will be attempted.
2025-12-18 15:27:57.012 [main] INFO  o.a.k.c.c.i.ConsumerCoordinator - [Consumer clientId=consumer-test-consumer-group-1, groupId=test-consumer-group] Requesting disconnect from last known coordinator 192.168.202.130:9092 (id: 2147483647 rack: null)
2025-12-18 15:27:57.013 [main] INFO  o.a.k.c.c.i.ConsumerCoordinator - [Consumer clientId=consumer-test-consumer-group-1, groupId=test-consumer-group] JoinGroup failed: This is not the correct coordinator. Marking coordinator unknown. Sent generation was Generation{generationId=-1, memberId='', protocol='null'}
2025-12-18 15:27:57.013 [main] INFO  o.apache.kafka.clients.NetworkClient - [Consumer clientId=consumer-test-consumer-group-1, groupId=test-consumer-group] Client requested disconnect from node 2147483647
2025-12-18 15:27:57.014 [main] INFO  o.a.k.c.c.i.ConsumerCoordinator - [Consumer clientId=consumer-test-consumer-group-1, groupId=test-consumer-group] Discovered group coordinator 192.168.202.130:9092 (id: 2147483647 rack: null)
2025-12-18 15:27:57.014 [main] INFO  o.a.k.c.c.i.ConsumerCoordinator - [Consumer clientId=consumer-test-consumer-group-1, groupId=test-consumer-group] Group coordinator 192.168.202.130:9092 (id: 2147483647 rack: null) is unavailable or invalid due to cause: coordinator unavailable. isDisconnected: false. Rediscovery will be attempted.
2025-12-18 15:27:57.014 [main] INFO  o.a.k.c.c.i.ConsumerCoordinator - [Consumer clientId=consumer-test-consumer-group-1, groupId=test-consumer-group] Requesting disconnect from last known coordinator 192.168.202.130:9092 (id: 2147483647 rack: null)
2025-12-18 15:27:57.117 [main] INFO  o.a.k.c.c.i.ConsumerCoordinator - [Consumer clientId=consumer-test-consumer-group-1, groupId=test-consumer-group] Discovered group coordinator 192.168.202.130:9092 (id: 2147483647 rack: null)
2025-12-18 15:27:57.118 [main] INFO  o.a.k.c.c.i.ConsumerCoordinator - [Consumer clientId=consumer-test-consumer-group-1, groupId=test-consumer-group] Request joining group due to: rebalance failed due to 'This is not the correct coordinator.' (NotCoordinatorException)
2025-12-18 15:27:57.120 [main] INFO  o.a.k.c.c.i.ConsumerCoordinator - [Consumer clientId=consumer-test-consumer-group-1, groupId=test-consumer-group] (Re-)joining group
2025-12-18 15:27:57.124 [main] INFO  o.a.k.c.c.i.ConsumerCoordinator - [Consumer clientId=consumer-test-consumer-group-1, groupId=test-consumer-group] Group coordinator 192.168.202.130:9092 (id: 2147483647 rack: null) is unavailable or invalid due to cause: error response NOT_COORDINATOR. isDisconnected: false. Rediscovery will be attempted.
2025-12-18 15:27:57.124 [main] INFO  o.a.k.c.c.i.ConsumerCoordinator - [Consumer clientId=consumer-test-consumer-group-1, groupId=test-consumer-group] Requesting disconnect from last known coordinator 192.168.202.130:9092 (id: 2147483647 rack: null)
2025-12-18 15:27:57.125 [main] INFO  o.a.k.c.c.i.ConsumerCoordinator - [Consumer clientId=consumer-test-consumer-group-1, groupId=test-consumer-group] JoinGroup failed: This is not the correct coordinator. Marking coordinator unknown. Sent generation was Generation{generationId=-1, memberId='', protocol='null'}
2025-12-18 15:27:57.125 [main] INFO  o.apache.kafka.clients.NetworkClient - [Consumer clientId=consumer-test-consumer-group-1, groupId=test-consumer-group] Client requested disconnect from node 2147483647
2025-12-18 15:27:57.127 [main] INFO  o.a.k.c.c.i.ConsumerCoordinator - [Consumer clientId=consumer-test-consumer-group-1, groupId=test-consumer-group] Discovered group coordinator 192.168.202.130:9092 (id: 2147483647 rack: null)
2025-12-18 15:27:57.127 [main] INFO  o.a.k.c.c.i.ConsumerCoordinator - [Consumer clientId=consumer-test-consumer-group-1, groupId=test-consumer-group] Group coordinator 192.168.202.130:9092 (id: 2147483647 rack: null) is unavailable or invalid due to cause: coordinator unavailable. isDisconnected: false. Rediscovery will be attempted.
2025-12-18 15:27:57.127 [main] INFO  o.a.k.c.c.i.ConsumerCoordinator - [Consumer clientId=consumer-test-consumer-group-1, groupId=test-consumer-group] Requesting disconnect from last known coordinator 192.168.202.130:9092 (id: 2147483647 rack: null)
2025-12-18 15:27:57.241 [main] INFO  o.a.k.c.c.i.ConsumerCoordinator - [Consumer clientId=consumer-test-consumer-group-1, groupId=test-consumer-group] Discovered group coordinator 192.168.202.130:9092 (id: 2147483647 rack: null)
2025-12-18 15:27:57.242 [main] INFO  o.a.k.c.c.i.ConsumerCoordinator - [Consumer clientId=consumer-test-consumer-group-1, groupId=test-consumer-group] Request joining group due to: rebalance failed due to 'This is not the correct coordinator.' (NotCoordinatorException)
2025-12-18 15:27:57.242 [main] INFO  o.a.k.c.c.i.ConsumerCoordinator - [Consumer clientId=consumer-test-consumer-group-1, groupId=test-consumer-group] (Re-)joining group
2025-12-18 15:27:57.246 [main] INFO  o.a.k.c.c.i.ConsumerCoordinator - [Consumer clientId=consumer-test-consumer-group-1, groupId=test-consumer-group] Group coordinator 192.168.202.130:9092 (id: 2147483647 rack: null) is unavailable or invalid due to cause: error response NOT_COORDINATOR. isDisconnected: false. Rediscovery will be attempted.
2025-12-18 15:27:57.246 [main] INFO  o.a.k.c.c.i.ConsumerCoordinator - [Consumer clientId=consumer-test-consumer-group-1, groupId=test-consumer-group] Requesting disconnect from last known coordinator 192.168.202.130:9092 (id: 2147483647 rack: null)
2025-12-18 15:27:57.246 [main] INFO  o.a.k.c.c.i.ConsumerCoordinator - [Consumer clientId=consumer-test-consumer-group-1, groupId=test-consumer-group] JoinGroup failed: This is not the correct coordinator. Marking coordinator unknown. Sent generation was Generation{generationId=-1, memberId='', protocol='null'}
2025-12-18 15:27:57.246 [main] INFO  o.apache.kafka.clients.NetworkClient - [Consumer clientId=consumer-test-consumer-group-1, groupId=test-consumer-group] Client requested disconnect from node 2147483647
2025-12-18 15:27:57.247 [main] INFO  o.a.k.c.c.i.ConsumerCoordinator - [Consumer clientId=consumer-test-consumer-group-1, groupId=test-consumer-group] Discovered group coordinator 192.168.202.130:9092 (id: 2147483647 rack: null)
2025-12-18 15:27:57.247 [main] INFO  o.a.k.c.c.i.ConsumerCoordinator - [Consumer clientId=consumer-test-consumer-group-1, groupId=test-consumer-group] Group coordinator 192.168.202.130:9092 (id: 2147483647 rack: null) is unavailable or invalid due to cause: coordinator unavailable. isDisconnected: false. Rediscovery will be attempted.
2025-12-18 15:27:57.247 [main] INFO  o.a.k.c.c.i.ConsumerCoordinator - [Consumer clientId=consumer-test-consumer-group-1, groupId=test-consumer-group] Requesting disconnect from last known coordinator 192.168.202.130:9092 (id: 2147483647 rack: null)
2025-12-18 15:27:57.350 [main] INFO  o.a.k.c.c.i.ConsumerCoordinator - [Consumer clientId=consumer-test-consumer-group-1, groupId=test-consumer-group] Discovered group coordinator 192.168.202.130:9092 (id: 2147483647 rack: null)
2025-12-18 15:27:57.350 [main] INFO  o.a.k.c.c.i.ConsumerCoordinator - [Consumer clientId=consumer-test-consumer-group-1, groupId=test-consumer-group] Request joining group due to: rebalance failed due to 'This is not the correct coordinator.' (NotCoordinatorException)
2025-12-18 15:27:57.351 [main] INFO  o.a.k.c.c.i.ConsumerCoordinator - [Consumer clientId=consumer-test-consumer-group-1, groupId=test-consumer-group] (Re-)joining group
2025-12-18 15:27:57.354 [main] INFO  o.a.k.c.c.i.ConsumerCoordinator - [Consumer clientId=consumer-test-consumer-group-1, groupId=test-consumer-group] Group coordinator 192.168.202.130:9092 (id: 2147483647 rack: null) is unavailable or invalid due to cause: error response NOT_COORDINATOR. isDisconnected: false. Rediscovery will be attempted.
2025-12-18 15:27:57.354 [main] INFO  o.a.k.c.c.i.ConsumerCoordinator - [Consumer clientId=consumer-test-consumer-group-1, groupId=test-consumer-group] Requesting disconnect from last known coordinator 192.168.202.130:9092 (id: 2147483647 rack: null)
2025-12-18 15:27:57.354 [main] INFO  o.a.k.c.c.i.ConsumerCoordinator - [Consumer clientId=consumer-test-consumer-group-1, groupId=test-consumer-group] JoinGroup failed: This is not the correct coordinator. Marking coordinator unknown. Sent generation was Generation{generationId=-1, memberId='', protocol='null'}
2025-12-18 15:27:57.355 [main] INFO  o.apache.kafka.clients.NetworkClient - [Consumer clientId=consumer-test-consumer-group-1, groupId=test-consumer-group] Client requested disconnect from node 2147483647
2025-12-18 15:27:57.356 [main] INFO  o.a.k.c.c.i.ConsumerCoordinator - [Consumer clientId=consumer-test-consumer-group-1, groupId=test-consumer-group] Discovered group coordinator 192.168.202.130:9092 (id: 2147483647 rack: null)
2025-12-18 15:27:57.356 [main] INFO  o.a.k.c.c.i.ConsumerCoordinator - [Consumer clientId=consumer-test-consumer-group-1, groupId=test-consumer-group] Group coordinator 192.168.202.130:9092 (id: 2147483647 rack: null) is unavailable or invalid due to cause: coordinator unavailable. isDisconnected: false. Rediscovery will be attempted.
2025-12-18 15:27:57.356 [main] INFO  o.a.k.c.c.i.ConsumerCoordinator - [Consumer clientId=consumer-test-consumer-group-1, groupId=test-consumer-group] Requesting disconnect from last known coordinator 192.168.202.130:9092 (id: 2147483647 rack: null)
2025-12-18 15:27:57.471 [main] INFO  o.a.k.c.c.i.ConsumerCoordinator - [Consumer clientId=consumer-test-consumer-group-1, groupId=test-consumer-group] Discovered group coordinator 192.168.202.130:9092 (id: 2147483647 rack: null)
2025-12-18 15:27:57.472 [main] INFO  o.a.k.c.c.i.ConsumerCoordinator - [Consumer clientId=consumer-test-consumer-group-1, groupId=test-consumer-group] Request joining group due to: rebalance failed due to 'This is not the correct coordinator.' (NotCoordinatorException)
2025-12-18 15:27:57.472 [main] INFO  o.a.k.c.c.i.ConsumerCoordinator - [Consumer clientId=consumer-test-consumer-group-1, groupId=test-consumer-group] (Re-)joining group
2025-12-18 15:27:57.475 [main] INFO  o.a.k.c.c.i.ConsumerCoordinator - [Consumer clientId=consumer-test-consumer-group-1, groupId=test-consumer-group] Group coordinator 192.168.202.130:9092 (id: 2147483647 rack: null) is unavailable or invalid due to cause: error response NOT_COORDINATOR. isDisconnected: false. Rediscovery will be attempted.
2025-12-18 15:27:57.475 [main] INFO  o.a.k.c.c.i.ConsumerCoordinator - [Consumer clientId=consumer-test-consumer-group-1, groupId=test-consumer-group] Requesting disconnect from last known coordinator 192.168.202.130:9092 (id: 2147483647 rack: null)
2025-12-18 15:27:57.475 [main] INFO  o.a.k.c.c.i.ConsumerCoordinator - [Consumer clientId=consumer-test-consumer-group-1, groupId=test-consumer-group] JoinGroup failed: This is not the correct coordinator. Marking coordinator unknown. Sent generation was Generation{generationId=-1, memberId='', protocol='null'}
2025-12-18 15:27:57.475 [main] INFO  o.apache.kafka.clients.NetworkClient - [Consumer clientId=consumer-test-consumer-group-1, groupId=test-consumer-group] Client requested disconnect from node 2147483647
2025-12-18 15:27:57.476 [main] INFO  o.a.k.c.c.i.ConsumerCoordinator - [Consumer clientId=consumer-test-consumer-group-1, groupId=test-consumer-group] Discovered group coordinator 192.168.202.130:9092 (id: 2147483647 rack: null)
2025-12-18 15:27:57.476 [main] INFO  o.a.k.c.c.i.ConsumerCoordinator - [Consumer clientId=consumer-test-consumer-group-1, groupId=test-consumer-group] Group coordinator 192.168.202.130:9092 (id: 2147483647 rack: null) is unavailable or invalid due to cause: coordinator unavailable. isDisconnected: false. Rediscovery will be attempted.
2025-12-18 15:27:57.476 [main] INFO  o.a.k.c.c.i.ConsumerCoordinator - [Consumer clientId=consumer-test-consumer-group-1, groupId=test-consumer-group] Requesting disconnect from last known coordinator 192.168.202.130:9092 (id: 2147483647 rack: null)
2025-12-18 15:27:57.581 [main] INFO  o.a.k.c.c.i.ConsumerCoordinator - [Consumer clientId=consumer-test-consumer-group-1, groupId=test-consumer-group] Discovered group coordinator 192.168.202.130:9092 (id: 2147483647 rack: null)
2025-12-18 15:27:57.582 [main] INFO  o.a.k.c.c.i.ConsumerCoordinator - [Consumer clientId=consumer-test-consumer-group-1, groupId=test-consumer-group] Request joining group due to: rebalance failed due to 'This is not the correct coordinator.' (NotCoordinatorException)
2025-12-18 15:27:57.584 [main] INFO  o.a.k.c.c.i.ConsumerCoordinator - [Consumer clientId=consumer-test-consumer-group-1, groupId=test-consumer-group] (Re-)joining group
2025-12-18 15:27:57.586 [main] INFO  o.a.k.c.c.i.ConsumerCoordinator - [Consumer clientId=consumer-test-consumer-group-1, groupId=test-consumer-group] Group coordinator 192.168.202.130:9092 (id: 2147483647 rack: null) is unavailable or invalid due to cause: error response NOT_COORDINATOR. isDisconnected: false. Rediscovery will be attempted.
2025-12-18 15:27:57.586 [main] INFO  o.a.k.c.c.i.ConsumerCoordinator - [Consumer clientId=consumer-test-consumer-group-1, groupId=test-consumer-group] Requesting disconnect from last known coordinator 192.168.202.130:9092 (id: 2147483647 rack: null)
2025-12-18 15:27:57.586 [main] INFO  o.a.k.c.c.i.ConsumerCoordinator - [Consumer clientId=consumer-test-consumer-group-1, groupId=test-consumer-group] JoinGroup failed: This is not the correct coordinator. Marking coordinator unknown. Sent generation was Generation{generationId=-1, memberId='', protocol='null'}
2025-12-18 15:27:57.586 [main] INFO  o.apache.kafka.clients.NetworkClient - [Consumer clientId=consumer-test-consumer-group-1, groupId=test-consumer-group] Client requested disconnect from node 2147483647
2025-12-18 15:27:57.588 [main] INFO  o.a.k.c.c.i.ConsumerCoordinator - [Consumer clientId=consumer-test-consumer-group-1, groupId=test-consumer-group] Discovered group coordinator 192.168.202.130:9092 (id: 2147483647 rack: null)
2025-12-18 15:27:57.588 [main] INFO  o.a.k.c.c.i.ConsumerCoordinator - [Consumer clientId=consumer-test-consumer-group-1, groupId=test-consumer-group] Group coordinator 192.168.202.130:9092 (id: 2147483647 rack: null) is unavailable or invalid due to cause: coordinator unavailable. isDisconnected: false. Rediscovery will be attempted.
2025-12-18 15:27:57.588 [main] INFO  o.a.k.c.c.i.ConsumerCoordinator - [Consumer clientId=consumer-test-consumer-group-1, groupId=test-consumer-group] Requesting disconnect from last known coordinator 192.168.202.130:9092 (id: 2147483647 rack: null)
2025-12-18 15:27:57.690 [main] INFO  o.a.k.c.c.i.ConsumerCoordinator - [Consumer clientId=consumer-test-consumer-group-1, groupId=test-consumer-group] Discovered group coordinator 192.168.202.130:9092 (id: 2147483647 rack: null)
2025-12-18 15:27:57.691 [main] INFO  o.a.k.c.c.i.ConsumerCoordinator - [Consumer clientId=consumer-test-consumer-group-1, groupId=test-consumer-group] Request joining group due to: rebalance failed due to 'This is not the correct coordinator.' (NotCoordinatorException)
2025-12-18 15:27:57.691 [main] INFO  o.a.k.c.c.i.ConsumerCoordinator - [Consumer clientId=consumer-test-consumer-group-1, groupId=test-consumer-group] (Re-)joining group
2025-12-18 15:27:57.695 [main] INFO  o.a.k.c.c.i.ConsumerCoordinator - [Consumer clientId=consumer-test-consumer-group-1, groupId=test-consumer-group] Group coordinator 192.168.202.130:9092 (id: 2147483647 rack: null) is unavailable or invalid due to cause: error response NOT_COORDINATOR. isDisconnected: false. Rediscovery will be attempted.
2025-12-18 15:27:57.695 [main] INFO  o.a.k.c.c.i.ConsumerCoordinator - [Consumer clientId=consumer-test-consumer-group-1, groupId=test-consumer-group] Requesting disconnect from last known coordinator 192.168.202.130:9092 (id: 2147483647 rack: null)
2025-12-18 15:27:57.695 [main] INFO  o.a.k.c.c.i.ConsumerCoordinator - [Consumer clientId=consumer-test-consumer-group-1, groupId=test-consumer-group] JoinGroup failed: This is not the correct coordinator. Marking coordinator unknown. Sent generation was Generation{generationId=-1, memberId='', protocol='null'}
2025-12-18 15:27:57.695 [main] INFO  o.apache.kafka.clients.NetworkClient - [Consumer clientId=consumer-test-consumer-group-1, groupId=test-consumer-group] Client requested disconnect from node 2147483647
2025-12-18 15:27:57.696 [main] INFO  o.a.k.c.c.i.ConsumerCoordinator - [Consumer clientId=consumer-test-consumer-group-1, groupId=test-consumer-group] Discovered group coordinator 192.168.202.130:9092 (id: 2147483647 rack: null)
2025-12-18 15:27:57.697 [main] INFO  o.a.k.c.c.i.ConsumerCoordinator - [Consumer clientId=consumer-test-consumer-group-1, groupId=test-consumer-group] Group coordinator 192.168.202.130:9092 (id: 2147483647 rack: null) is unavailable or invalid due to cause: coordinator unavailable. isDisconnected: false. Rediscovery will be attempted.
2025-12-18 15:27:57.697 [main] INFO  o.a.k.c.c.i.ConsumerCoordinator - [Consumer clientId=consumer-test-consumer-group-1, groupId=test-consumer-group] Requesting disconnect from last known coordinator 192.168.202.130:9092 (id: 2147483647 rack: null)
2025-12-18 15:27:57.799 [main] INFO  o.a.k.c.c.i.ConsumerCoordinator - [Consumer clientId=consumer-test-consumer-group-1, groupId=test-consumer-group] Discovered group coordinator 192.168.202.130:9092 (id: 2147483647 rack: null)
2025-12-18 15:27:57.800 [main] INFO  o.a.k.c.c.i.ConsumerCoordinator - [Consumer clientId=consumer-test-consumer-group-1, groupId=test-consumer-group] Request joining group due to: rebalance failed due to 'This is not the correct coordinator.' (NotCoordinatorException)
2025-12-18 15:27:57.801 [main] INFO  o.a.k.c.c.i.ConsumerCoordinator - [Consumer clientId=consumer-test-consumer-group-1, groupId=test-consumer-group] (Re-)joining group
2025-12-18 15:27:57.804 [main] INFO  o.a.k.c.c.i.ConsumerCoordinator - [Consumer clientId=consumer-test-consumer-group-1, groupId=test-consumer-group] Group coordinator 192.168.202.130:9092 (id: 2147483647 rack: null) is unavailable or invalid due to cause: error response NOT_COORDINATOR. isDisconnected: false. Rediscovery will be attempted.
2025-12-18 15:27:57.804 [main] INFO  o.a.k.c.c.i.ConsumerCoordinator - [Consumer clientId=consumer-test-consumer-group-1, groupId=test-consumer-group] Requesting disconnect from last known coordinator 192.168.202.130:9092 (id: 2147483647 rack: null)
2025-12-18 15:27:57.804 [main] INFO  o.a.k.c.c.i.ConsumerCoordinator - [Consumer clientId=consumer-test-consumer-group-1, groupId=test-consumer-group] JoinGroup failed: This is not the correct coordinator. Marking coordinator unknown. Sent generation was Generation{generationId=-1, memberId='', protocol='null'}
2025-12-18 15:27:57.805 [main] INFO  o.apache.kafka.clients.NetworkClient - [Consumer clientId=consumer-test-consumer-group-1, groupId=test-consumer-group] Client requested disconnect from node 2147483647
2025-12-18 15:27:57.806 [main] INFO  o.a.k.c.c.i.ConsumerCoordinator - [Consumer clientId=consumer-test-consumer-group-1, groupId=test-consumer-group] Discovered group coordinator 192.168.202.130:9092 (id: 2147483647 rack: null)
2025-12-18 15:27:57.806 [main] INFO  o.a.k.c.c.i.ConsumerCoordinator - [Consumer clientId=consumer-test-consumer-group-1, groupId=test-consumer-group] Group coordinator 192.168.202.130:9092 (id: 2147483647 rack: null) is unavailable or invalid due to cause: coordinator unavailable. isDisconnected: false. Rediscovery will be attempted.
2025-12-18 15:27:57.806 [main] INFO  o.a.k.c.c.i.ConsumerCoordinator - [Consumer clientId=consumer-test-consumer-group-1, groupId=test-consumer-group] Requesting disconnect from last known coordinator 192.168.202.130:9092 (id: 2147483647 rack: null)
2025-12-18 15:27:57.923 [main] INFO  o.a.k.c.c.i.ConsumerCoordinator - [Consumer clientId=consumer-test-consumer-group-1, groupId=test-consumer-group] Discovered group coordinator 192.168.202.130:9092 (id: 2147483647 rack: null)
2025-12-18 15:27:57.924 [main] INFO  o.a.k.c.c.i.ConsumerCoordinator - [Consumer clientId=consumer-test-consumer-group-1, groupId=test-consumer-group] Request joining group due to: rebalance failed due to 'This is not the correct coordinator.' (NotCoordinatorException)
2025-12-18 15:27:57.924 [main] INFO  o.a.k.c.c.i.ConsumerCoordinator - [Consumer clientId=consumer-test-consumer-group-1, groupId=test-consumer-group] (Re-)joining group
2025-12-18 15:27:57.926 [main] INFO  o.a.k.c.c.i.ConsumerCoordinator - [Consumer clientId=consumer-test-consumer-group-1, groupId=test-consumer-group] Group coordinator 192.168.202.130:9092 (id: 2147483647 rack: null) is unavailable or invalid due to cause: error response NOT_COORDINATOR. isDisconnected: false. Rediscovery will be attempted.
2025-12-18 15:27:57.926 [main] INFO  o.a.k.c.c.i.ConsumerCoordinator - [Consumer clientId=consumer-test-consumer-group-1, groupId=test-consumer-group] Requesting disconnect from last known coordinator 192.168.202.130:9092 (id: 2147483647 rack: null)
2025-12-18 15:27:57.926 [main] INFO  o.a.k.c.c.i.ConsumerCoordinator - [Consumer clientId=consumer-test-consumer-group-1, groupId=test-consumer-group] JoinGroup failed: This is not the correct coordinator. Marking coordinator unknown. Sent generation was Generation{generationId=-1, memberId='', protocol='null'}
2025-12-18 15:27:57.927 [main] INFO  o.apache.kafka.clients.NetworkClient - [Consumer clientId=consumer-test-consumer-group-1, groupId=test-consumer-group] Client requested disconnect from node 2147483647
2025-12-18 15:27:57.929 [main] INFO  o.a.k.c.c.i.ConsumerCoordinator - [Consumer clientId=consumer-test-consumer-group-1, groupId=test-consumer-group] Discovered group coordinator 192.168.202.130:9092 (id: 2147483647 rack: null)
2025-12-18 15:27:57.929 [main] INFO  o.a.k.c.c.i.ConsumerCoordinator - [Consumer clientId=consumer-test-consumer-group-1, groupId=test-consumer-group] Group coordinator 192.168.202.130:9092 (id: 2147483647 rack: null) is unavailable or invalid due to cause: coordinator unavailable. isDisconnected: false. Rediscovery will be attempted.
2025-12-18 15:27:57.929 [main] INFO  o.a.k.c.c.i.ConsumerCoordinator - [Consumer clientId=consumer-test-consumer-group-1, groupId=test-consumer-group] Requesting disconnect from last known coordinator 192.168.202.130:9092 (id: 2147483647 rack: null)
2025-12-18 15:27:58.033 [main] INFO  o.a.k.c.c.i.ConsumerCoordinator - [Consumer clientId=consumer-test-consumer-group-1, groupId=test-consumer-group] Discovered group coordinator 192.168.202.130:9092 (id: 2147483647 rack: null)
2025-12-18 15:27:58.034 [main] INFO  o.a.k.c.c.i.ConsumerCoordinator - [Consumer clientId=consumer-test-consumer-group-1, groupId=test-consumer-group] Request joining group due to: rebalance failed due to 'This is not the correct coordinator.' (NotCoordinatorException)
2025-12-18 15:27:58.034 [main] INFO  o.a.k.c.c.i.ConsumerCoordinator - [Consumer clientId=consumer-test-consumer-group-1, groupId=test-consumer-group] (Re-)joining group
2025-12-18 15:27:58.036 [main] INFO  o.a.k.c.c.i.ConsumerCoordinator - [Consumer clientId=consumer-test-consumer-group-1, groupId=test-consumer-group] Group coordinator 192.168.202.130:9092 (id: 2147483647 rack: null) is unavailable or invalid due to cause: error response NOT_COORDINATOR. isDisconnected: false. Rediscovery will be attempted.
2025-12-18 15:27:58.036 [main] INFO  o.a.k.c.c.i.ConsumerCoordinator - [Consumer clientId=consumer-test-consumer-group-1, groupId=test-consumer-group] Requesting disconnect from last known coordinator 192.168.202.130:9092 (id: 2147483647 rack: null)
2025-12-18 15:27:58.036 [main] INFO  o.a.k.c.c.i.ConsumerCoordinator - [Consumer clientId=consumer-test-consumer-group-1, groupId=test-consumer-group] JoinGroup failed: This is not the correct coordinator. Marking coordinator unknown. Sent generation was Generation{generationId=-1, memberId='', protocol='null'}
2025-12-18 15:27:58.036 [main] INFO  o.apache.kafka.clients.NetworkClient - [Consumer clientId=consumer-test-consumer-group-1, groupId=test-consumer-group] Client requested disconnect from node 2147483647
2025-12-18 15:27:58.037 [main] INFO  o.a.k.c.c.i.ConsumerCoordinator - [Consumer clientId=consumer-test-consumer-group-1, groupId=test-consumer-group] Discovered group coordinator 192.168.202.130:9092 (id: 2147483647 rack: null)
2025-12-18 15:27:58.037 [main] INFO  o.a.k.c.c.i.ConsumerCoordinator - [Consumer clientId=consumer-test-consumer-group-1, groupId=test-consumer-group] Group coordinator 192.168.202.130:9092 (id: 2147483647 rack: null) is unavailable or invalid due to cause: coordinator unavailable. isDisconnected: false. Rediscovery will be attempted.
2025-12-18 15:27:58.037 [main] INFO  o.a.k.c.c.i.ConsumerCoordinator - [Consumer clientId=consumer-test-consumer-group-1, groupId=test-consumer-group] Requesting disconnect from last known coordinator 192.168.202.130:9092 (id: 2147483647 rack: null)
2025-12-18 15:27:58.142 [main] INFO  o.a.k.c.c.i.ConsumerCoordinator - [Consumer clientId=consumer-test-consumer-group-1, groupId=test-consumer-group] Discovered group coordinator 192.168.202.130:9092 (id: 2147483647 rack: null)
2025-12-18 15:27:58.143 [main] INFO  o.a.k.c.c.i.ConsumerCoordinator - [Consumer clientId=consumer-test-consumer-group-1, groupId=test-consumer-group] Request joining group due to: rebalance failed due to 'This is not the correct coordinator.' (NotCoordinatorException)
2025-12-18 15:27:58.143 [main] INFO  o.a.k.c.c.i.ConsumerCoordinator - [Consumer clientId=consumer-test-consumer-group-1, groupId=test-consumer-group] (Re-)joining group
2025-12-18 15:27:58.145 [main] INFO  o.a.k.c.c.i.ConsumerCoordinator - [Consumer clientId=consumer-test-consumer-group-1, groupId=test-consumer-group] Group coordinator 192.168.202.130:9092 (id: 2147483647 rack: null) is unavailable or invalid due to cause: error response NOT_COORDINATOR. isDisconnected: false. Rediscovery will be attempted.
2025-12-18 15:27:58.145 [main] INFO  o.a.k.c.c.i.ConsumerCoordinator - [Consumer clientId=consumer-test-consumer-group-1, groupId=test-consumer-group] Requesting disconnect from last known coordinator 192.168.202.130:9092 (id: 2147483647 rack: null)
2025-12-18 15:27:58.145 [main] INFO  o.a.k.c.c.i.ConsumerCoordinator - [Consumer clientId=consumer-test-consumer-group-1, groupId=test-consumer-group] JoinGroup failed: This is not the correct coordinator. Marking coordinator unknown. Sent generation was Generation{generationId=-1, memberId='', protocol='null'}
2025-12-18 15:27:58.145 [main] INFO  o.apache.kafka.clients.NetworkClient - [Consumer clientId=consumer-test-consumer-group-1, groupId=test-consumer-group] Client requested disconnect from node 2147483647
2025-12-18 15:27:58.146 [main] INFO  o.a.k.c.c.i.ConsumerCoordinator - [Consumer clientId=consumer-test-consumer-group-1, groupId=test-consumer-group] Discovered group coordinator 192.168.202.130:9092 (id: 2147483647 rack: null)
2025-12-18 15:27:58.146 [main] INFO  o.a.k.c.c.i.ConsumerCoordinator - [Consumer clientId=consumer-test-consumer-group-1, groupId=test-consumer-group] Group coordinator 192.168.202.130:9092 (id: 2147483647 rack: null) is unavailable or invalid due to cause: coordinator unavailable. isDisconnected: false. Rediscovery will be attempted.
2025-12-18 15:27:58.147 [main] INFO  o.a.k.c.c.i.ConsumerCoordinator - [Consumer clientId=consumer-test-consumer-group-1, groupId=test-consumer-group] Requesting disconnect from last known coordinator 192.168.202.130:9092 (id: 2147483647 rack: null)
2025-12-18 15:27:58.250 [main] INFO  o.a.k.c.c.i.ConsumerCoordinator - [Consumer clientId=consumer-test-consumer-group-1, groupId=test-consumer-group] Discovered group coordinator 192.168.202.130:9092 (id: 2147483647 rack: null)
2025-12-18 15:27:58.250 [main] INFO  o.a.k.c.c.i.ConsumerCoordinator - [Consumer clientId=consumer-test-consumer-group-1, groupId=test-consumer-group] Request joining group due to: rebalance failed due to 'This is not the correct coordinator.' (NotCoordinatorException)
2025-12-18 15:27:58.251 [main] INFO  o.a.k.c.c.i.ConsumerCoordinator - [Consumer clientId=consumer-test-consumer-group-1, groupId=test-consumer-group] (Re-)joining group
2025-12-18 15:27:58.253 [main] INFO  o.a.k.c.c.i.ConsumerCoordinator - [Consumer clientId=consumer-test-consumer-group-1, groupId=test-consumer-group] Group coordinator 192.168.202.130:9092 (id: 2147483647 rack: null) is unavailable or invalid due to cause: error response NOT_COORDINATOR. isDisconnected: false. Rediscovery will be attempted.
2025-12-18 15:27:58.253 [main] INFO  o.a.k.c.c.i.ConsumerCoordinator - [Consumer clientId=consumer-test-consumer-group-1, groupId=test-consumer-group] Requesting disconnect from last known coordinator 192.168.202.130:9092 (id: 2147483647 rack: null)
2025-12-18 15:27:58.253 [main] INFO  o.a.k.c.c.i.ConsumerCoordinator - [Consumer clientId=consumer-test-consumer-group-1, groupId=test-consumer-group] JoinGroup failed: This is not the correct coordinator. Marking coordinator unknown. Sent generation was Generation{generationId=-1, memberId='', protocol='null'}
2025-12-18 15:27:58.253 [main] INFO  o.apache.kafka.clients.NetworkClient - [Consumer clientId=consumer-test-consumer-group-1, groupId=test-consumer-group] Client requested disconnect from node 2147483647
2025-12-18 15:27:58.255 [main] INFO  o.a.k.c.c.i.ConsumerCoordinator - [Consumer clientId=consumer-test-consumer-group-1, groupId=test-consumer-group] Discovered group coordinator 192.168.202.130:9092 (id: 2147483647 rack: null)
2025-12-18 15:27:58.255 [main] INFO  o.a.k.c.c.i.ConsumerCoordinator - [Consumer clientId=consumer-test-consumer-group-1, groupId=test-consumer-group] Group coordinator 192.168.202.130:9092 (id: 2147483647 rack: null) is unavailable or invalid due to cause: coordinator unavailable. isDisconnected: false. Rediscovery will be attempted.
2025-12-18 15:27:58.255 [main] INFO  o.a.k.c.c.i.ConsumerCoordinator - [Consumer clientId=consumer-test-consumer-group-1, groupId=test-consumer-group] Requesting disconnect from last known coordinator 192.168.202.130:9092 (id: 2147483647 rack: null)
2025-12-18 15:27:58.361 [main] INFO  o.a.k.c.c.i.ConsumerCoordinator - [Consumer clientId=consumer-test-consumer-group-1, groupId=test-consumer-group] Discovered group coordinator 192.168.202.130:9092 (id: 2147483647 rack: null)
2025-12-18 15:27:58.362 [main] INFO  o.a.k.c.c.i.ConsumerCoordinator - [Consumer clientId=consumer-test-consumer-group-1, groupId=test-consumer-group] Request joining group due to: rebalance failed due to 'This is not the correct coordinator.' (NotCoordinatorException)
2025-12-18 15:27:58.362 [main] INFO  o.a.k.c.c.i.ConsumerCoordinator - [Consumer clientId=consumer-test-consumer-group-1, groupId=test-consumer-group] (Re-)joining group
2025-12-18 15:27:58.365 [main] INFO  o.a.k.c.c.i.ConsumerCoordinator - [Consumer clientId=consumer-test-consumer-group-1, groupId=test-consumer-group] Group coordinator 192.168.202.130:9092 (id: 2147483647 rack: null) is unavailable or invalid due to cause: error response NOT_COORDINATOR. isDisconnected: false. Rediscovery will be attempted.
2025-12-18 15:27:58.366 [main] INFO  o.a.k.c.c.i.ConsumerCoordinator - [Consumer clientId=consumer-test-consumer-group-1, groupId=test-consumer-group] Requesting disconnect from last known coordinator 192.168.202.130:9092 (id: 2147483647 rack: null)
2025-12-18 15:27:58.366 [main] INFO  o.a.k.c.c.i.ConsumerCoordinator - [Consumer clientId=consumer-test-consumer-group-1, groupId=test-consumer-group] JoinGroup failed: This is not the correct coordinator. Marking coordinator unknown. Sent generation was Generation{generationId=-1, memberId='', protocol='null'}
2025-12-18 15:27:58.366 [main] INFO  o.apache.kafka.clients.NetworkClient - [Consumer clientId=consumer-test-consumer-group-1, groupId=test-consumer-group] Client requested disconnect from node 2147483647
2025-12-18 15:27:58.367 [main] INFO  o.a.k.c.c.i.ConsumerCoordinator - [Consumer clientId=consumer-test-consumer-group-1, groupId=test-consumer-group] Discovered group coordinator 192.168.202.130:9092 (id: 2147483647 rack: null)
2025-12-18 15:27:58.367 [main] INFO  o.a.k.c.c.i.ConsumerCoordinator - [Consumer clientId=consumer-test-consumer-group-1, groupId=test-consumer-group] Group coordinator 192.168.202.130:9092 (id: 2147483647 rack: null) is unavailable or invalid due to cause: coordinator unavailable. isDisconnected: false. Rediscovery will be attempted.
2025-12-18 15:27:58.367 [main] INFO  o.a.k.c.c.i.ConsumerCoordinator - [Consumer clientId=consumer-test-consumer-group-1, groupId=test-consumer-group] Requesting disconnect from last known coordinator 192.168.202.130:9092 (id: 2147483647 rack: null)
2025-12-18 15:27:58.484 [main] INFO  o.a.k.c.c.i.ConsumerCoordinator - [Consumer clientId=consumer-test-consumer-group-1, groupId=test-consumer-group] Discovered group coordinator 192.168.202.130:9092 (id: 2147483647 rack: null)
2025-12-18 15:27:58.484 [main] INFO  o.a.k.c.c.i.ConsumerCoordinator - [Consumer clientId=consumer-test-consumer-group-1, groupId=test-consumer-group] Request joining group due to: rebalance failed due to 'This is not the correct coordinator.' (NotCoordinatorException)
2025-12-18 15:27:58.485 [main] INFO  o.a.k.c.c.i.ConsumerCoordinator - [Consumer clientId=consumer-test-consumer-group-1, groupId=test-consumer-group] (Re-)joining group
2025-12-18 15:27:58.489 [main] INFO  o.a.k.c.c.i.ConsumerCoordinator - [Consumer clientId=consumer-test-consumer-group-1, groupId=test-consumer-group] Group coordinator 192.168.202.130:9092 (id: 2147483647 rack: null) is unavailable or invalid due to cause: error response NOT_COORDINATOR. isDisconnected: false. Rediscovery will be attempted.
2025-12-18 15:27:58.489 [main] INFO  o.a.k.c.c.i.ConsumerCoordinator - [Consumer clientId=consumer-test-consumer-group-1, groupId=test-consumer-group] Requesting disconnect from last known coordinator 192.168.202.130:9092 (id: 2147483647 rack: null)
2025-12-18 15:27:58.489 [main] INFO  o.a.k.c.c.i.ConsumerCoordinator - [Consumer clientId=consumer-test-consumer-group-1, groupId=test-consumer-group] JoinGroup failed: This is not the correct coordinator. Marking coordinator unknown. Sent generation was Generation{generationId=-1, memberId='', protocol='null'}
2025-12-18 15:27:58.489 [main] INFO  o.apache.kafka.clients.NetworkClient - [Consumer clientId=consumer-test-consumer-group-1, groupId=test-consumer-group] Client requested disconnect from node 2147483647
2025-12-18 15:27:58.490 [main] INFO  o.a.k.c.c.i.ConsumerCoordinator - [Consumer clientId=consumer-test-consumer-group-1, groupId=test-consumer-group] Discovered group coordinator 192.168.202.130:9092 (id: 2147483647 rack: null)
2025-12-18 15:27:58.490 [main] INFO  o.a.k.c.c.i.ConsumerCoordinator - [Consumer clientId=consumer-test-consumer-group-1, groupId=test-consumer-group] Group coordinator 192.168.202.130:9092 (id: 2147483647 rack: null) is unavailable or invalid due to cause: coordinator unavailable. isDisconnected: false. Rediscovery will be attempted.
2025-12-18 15:27:58.492 [main] INFO  o.a.k.c.c.i.ConsumerCoordinator - [Consumer clientId=consumer-test-consumer-group-1, groupId=test-consumer-group] Requesting disconnect from last known coordinator 192.168.202.130:9092 (id: 2147483647 rack: null)
2025-12-18 15:27:58.607 [main] INFO  o.a.k.c.c.i.ConsumerCoordinator - [Consumer clientId=consumer-test-consumer-group-1, groupId=test-consumer-group] Discovered group coordinator 192.168.202.130:9092 (id: 2147483647 rack: null)
2025-12-18 15:27:58.608 [main] INFO  o.a.k.c.c.i.ConsumerCoordinator - [Consumer clientId=consumer-test-consumer-group-1, groupId=test-consumer-group] Request joining group due to: rebalance failed due to 'This is not the correct coordinator.' (NotCoordinatorException)
2025-12-18 15:27:58.608 [main] INFO  o.a.k.c.c.i.ConsumerCoordinator - [Consumer clientId=consumer-test-consumer-group-1, groupId=test-consumer-group] (Re-)joining group
2025-12-18 15:27:58.610 [main] INFO  o.a.k.c.c.i.ConsumerCoordinator - [Consumer clientId=consumer-test-consumer-group-1, groupId=test-consumer-group] Group coordinator 192.168.202.130:9092 (id: 2147483647 rack: null) is unavailable or invalid due to cause: error response NOT_COORDINATOR. isDisconnected: false. Rediscovery will be attempted.
2025-12-18 15:27:58.610 [main] INFO  o.a.k.c.c.i.ConsumerCoordinator - [Consumer clientId=consumer-test-consumer-group-1, groupId=test-consumer-group] Requesting disconnect from last known coordinator 192.168.202.130:9092 (id: 2147483647 rack: null)
2025-12-18 15:27:58.610 [main] INFO  o.a.k.c.c.i.ConsumerCoordinator - [Consumer clientId=consumer-test-consumer-group-1, groupId=test-consumer-group] JoinGroup failed: This is not the correct coordinator. Marking coordinator unknown. Sent generation was Generation{generationId=-1, memberId='', protocol='null'}
2025-12-18 15:27:58.610 [main] INFO  o.apache.kafka.clients.NetworkClient - [Consumer clientId=consumer-test-consumer-group-1, groupId=test-consumer-group] Client requested disconnect from node 2147483647
2025-12-18 15:27:58.612 [main] INFO  o.a.k.c.c.i.ConsumerCoordinator - [Consumer clientId=consumer-test-consumer-group-1, groupId=test-consumer-group] Discovered group coordinator 192.168.202.130:9092 (id: 2147483647 rack: null)
2025-12-18 15:27:58.612 [main] INFO  o.a.k.c.c.i.ConsumerCoordinator - [Consumer clientId=consumer-test-consumer-group-1, groupId=test-consumer-group] Group coordinator 192.168.202.130:9092 (id: 2147483647 rack: null) is unavailable or invalid due to cause: coordinator unavailable. isDisconnected: false. Rediscovery will be attempted.
2025-12-18 15:27:58.612 [main] INFO  o.a.k.c.c.i.ConsumerCoordinator - [Consumer clientId=consumer-test-consumer-group-1, groupId=test-consumer-group] Requesting disconnect from last known coordinator 192.168.202.130:9092 (id: 2147483647 rack: null)
2025-12-18 15:27:58.717 [main] INFO  o.a.k.c.c.i.ConsumerCoordinator - [Consumer clientId=consumer-test-consumer-group-1, groupId=test-consumer-group] Discovered group coordinator 192.168.202.130:9092 (id: 2147483647 rack: null)
2025-12-18 15:27:58.718 [main] INFO  o.a.k.c.c.i.ConsumerCoordinator - [Consumer clientId=consumer-test-consumer-group-1, groupId=test-consumer-group] Request joining group due to: rebalance failed due to 'This is not the correct coordinator.' (NotCoordinatorException)
2025-12-18 15:27:58.720 [main] INFO  o.a.k.c.c.i.ConsumerCoordinator - [Consumer clientId=consumer-test-consumer-group-1, groupId=test-consumer-group] (Re-)joining group
2025-12-18 15:27:58.723 [main] INFO  o.a.k.c.c.i.ConsumerCoordinator - [Consumer clientId=consumer-test-consumer-group-1, groupId=test-consumer-group] Group coordinator 192.168.202.130:9092 (id: 2147483647 rack: null) is unavailable or invalid due to cause: error response NOT_COORDINATOR. isDisconnected: false. Rediscovery will be attempted.
2025-12-18 15:27:58.723 [main] INFO  o.a.k.c.c.i.ConsumerCoordinator - [Consumer clientId=consumer-test-consumer-group-1, groupId=test-consumer-group] Requesting disconnect from last known coordinator 192.168.202.130:9092 (id: 2147483647 rack: null)
2025-12-18 15:27:58.723 [main] INFO  o.a.k.c.c.i.ConsumerCoordinator - [Consumer clientId=consumer-test-consumer-group-1, groupId=test-consumer-group] JoinGroup failed: This is not the correct coordinator. Marking coordinator unknown. Sent generation was Generation{generationId=-1, memberId='', protocol='null'}
2025-12-18 15:27:58.723 [main] INFO  o.apache.kafka.clients.NetworkClient - [Consumer clientId=consumer-test-consumer-group-1, groupId=test-consumer-group] Client requested disconnect from node 2147483647
2025-12-18 15:27:58.728 [main] INFO  o.a.k.c.c.i.ConsumerCoordinator - [Consumer clientId=consumer-test-consumer-group-1, groupId=test-consumer-group] Discovered group coordinator 192.168.202.130:9092 (id: 2147483647 rack: null)
2025-12-18 15:27:58.728 [main] INFO  o.a.k.c.c.i.ConsumerCoordinator - [Consumer clientId=consumer-test-consumer-group-1, groupId=test-consumer-group] Group coordinator 192.168.202.130:9092 (id: 2147483647 rack: null) is unavailable or invalid due to cause: coordinator unavailable. isDisconnected: false. Rediscovery will be attempted.
2025-12-18 15:27:58.729 [main] INFO  o.a.k.c.c.i.ConsumerCoordinator - [Consumer clientId=consumer-test-consumer-group-1, groupId=test-consumer-group] Requesting disconnect from last known coordinator 192.168.202.130:9092 (id: 2147483647 rack: null)
2025-12-18 15:27:58.854 [main] INFO  o.a.k.c.c.i.ConsumerCoordinator - [Consumer clientId=consumer-test-consumer-group-1, groupId=test-consumer-group] Resetting generation and member id due to: consumer pro-actively leaving the group
2025-12-18 15:27:58.854 [main] INFO  o.a.k.c.c.i.ConsumerCoordinator - [Consumer clientId=consumer-test-consumer-group-1, groupId=test-consumer-group] Request joining group due to: consumer pro-actively leaving the group
2025-12-18 15:27:58.855 [main] INFO  o.a.kafka.common.metrics.Metrics - Metrics scheduler closed
2025-12-18 15:27:58.855 [main] INFO  o.a.kafka.common.metrics.Metrics - Closing reporter org.apache.kafka.common.metrics.JmxReporter
2025-12-18 15:27:58.855 [main] INFO  o.a.kafka.common.metrics.Metrics - Metrics reporters closed
2025-12-18 15:27:58.858 [main] INFO  o.a.kafka.common.utils.AppInfoParser - App info kafka.consumer for consumer-test-consumer-group-1 unregistered
